Longitude (x),Latitude (y),Station Name,Climate ID,Date,Day_of_Year,Year,Day,Max Temp (°C),Min Temp (°C),Mean Temp (°C),Heat Deg Days (°C),Cool Deg Days (°C),Total Rain (mm),Total Snow (cm),Total Precip (mm)
-114.01,51.12,CALGARY INTL A,3031092,1/1/2014,1,2014,1,-0.6,-9.7,-5.2,23.2,0,0,1,0.8
-114.01,51.12,CALGARY INTL A,3031092,1/2/2014,2,2014,2,8.5,-10,-0.8,18.8,0,0,0,0
-114.01,51.12,CALGARY INTL A,3031092,1/3/2014,3,2014,3,3,-11,-4,22,0,0,7.8,5.8
-114.01,51.12,CALGARY INTL A,3031092,1/4/2014,4,2014,4,-11,-21.9,-16.5,34.5,0,0,1,0.2
-114.01,51.12,CALGARY INTL A,3031092,1/5/2014,5,2014,5,-14.4,-25.5,-20,38,0,0,0,0
-114.01,51.12,CALGARY INTL A,3031092,1/6/2014,6,2014,6,3.4,-14.8,-5.7,23.7,0,0,0,0
-114.01,51.12,CALGARY INTL A,3031092,1/7/2014,7,2014,7,-3,-9.9,-6.5,24.5,0,0,0,0
-114.01,51.12,CALGARY INTL A,3031092,1/8/2014,8,2014,8,5.8,-11.4,-2.8,20.8,0,0,0,0
-114.01,51.12,CALGARY INTL A,3031092,1/9/2014,9,2014,9,4.6,-6.8,-1.1,19.1,0,0,0,0
-114.01,51.12,CALGARY INTL A,3031092,1/10/2014,10,2014,10,2.2,-7.7,-2.8,20.8,0,0,0,0
-114.01,51.12,CALGARY INTL A,3031092,1/11/2014,11,2014,11,7.8,-9.9,-1.1,19.1,0,0,0,0
-114.01,51.12,CALGARY INTL A,3031092,1/12/2014,12,2014,12,2.5,-8.3,-2.9,20.9,0,0,2.9,1.2
-114.01,51.12,CALGARY INTL A,3031092,1/13/2014,13,2014,13,6,-5.9,0.1,17.9,0,0,2.8,2.6
-114.01,51.12,CALGARY INTL A,3031092,1/14/2014,14,2014,14,8.6,-8.3,0.2,17.8,0,0,0,0
-114.01,51.12,CALGARY INTL A,3031092,1/15/2014,15,2014,15,9,-0.3,4.4,13.6,0,0,0,0
-114.01,51.12,CALGARY INTL A,3031092,1/16/2014,16,2014,16,9.1,-3.3,2.9,15.1,0,0,0,0
-114.01,51.12,CALGARY INTL A,3031092,1/17/2014,17,2014,17,9.8,-0.5,4.7,13.3,0,0,0,0
-114.01,51.12,CALGARY INTL A,3031092,1/18/2014,18,2014,18,12.8,-4.2,4.3,13.7,0,0,0,0
-114.01,51.12,CALGARY INTL A,3031092,1/19/2014,19,2014,19,6.6,-2,2.3,15.7,0,0,0,0
-114.01,51.12,CALGARY INTL A,3031092,1/20/2014,20,2014,20,4.2,-7.6,-1.7,19.7,0,0,0,0
-114.01,51.12,CALGARY INTL A,3031092,1/21/2014,21,2014,21,2.6,-5.4,-1.4,19.4,0,0,0,0
-114.01,51.12,CALGARY INTL A,3031092,1/22/2014,22,2014,22,-0.9,-8.2,-4.6,22.6,0,0,1.2,1.2
-114.01,51.12,CALGARY INTL A,3031092,1/23/2014,23,2014,23,8.9,-5.5,1.7,16.3,0,0,0,0
-114.01,51.12,CALGARY INTL A,3031092,1/24/2014,24,2014,24,12.4,0.9,6.7,11.3,0,0,0,0
-114.01,51.12,CALGARY INTL A,3031092,1/25/2014,25,2014,25,11.2,0.5,5.9,12.1,0,0,0,0
-114.01,51.12,CALGARY INTL A,3031092,1/26/2014,26,2014,26,3.5,-12.4,-4.5,22.5,0,0,0,0
-114.01,51.12,CALGARY INTL A,3031092,1/27/2014,27,2014,27,-7.6,-14.7,-11.2,29.2,0,0,0,0
-114.01,51.12,CALGARY INTL A,3031092,1/28/2014,28,2014,28,6.3,-12.5,-3.1,21.1,0,0,0,0
-114.01,51.12,CALGARY INTL A,3031092,1/29/2014,29,2014,29,2.8,-13.2,-5.2,23.2,0,0,6.4,3.2
-114.01,51.12,CALGARY INTL A,3031092,1/30/2014,30,2014,30,-11.9,-17.4,-14.7,32.7,0,0,0,0
-114.01,51.12,CALGARY INTL A,3031092,1/31/2014,31,2014,31,-7.2,-19.2,-13.2,31.2,0,0,0.2,0.2
-114.01,51.12,CALGARY INTL A,3031092,2/1/2014,32,2014,1,-7.5,-17.5,-12.5,30.5,0,0,0,0
-114.01,51.12,CALGARY INTL A,3031092,2/2/2014,33,2014,2,-8.4,-15.5,-12,30,0,0,0,0
-114.01,51.12,CALGARY INTL A,3031092,2/3/2014,34,2014,3,-12.1,-20.9,-16.5,34.5,0,0,3,1.7
-114.01,51.12,CALGARY INTL A,3031092,2/4/2014,35,2014,4,-20.2,-23.1,-21.7,39.7,0,0,0.2,0.2
-114.01,51.12,CALGARY INTL A,3031092,2/5/2014,36,2014,5,-20.2,-28.2,-24.2,42.2,0,0,0,0
-114.01,51.12,CALGARY INTL A,3031092,2/6/2014,37,2014,6,-9.7,-25.4,-17.6,35.6,0,0,0,0
-114.01,51.12,CALGARY INTL A,3031092,2/7/2014,38,2014,7,-12.8,-21.6,-17.2,35.2,0,0,0,0
-114.01,51.12,CALGARY INTL A,3031092,2/8/2014,39,2014,8,-15.3,-24.2,-19.8,37.8,0,0,1.2,1.2
-114.01,51.12,CALGARY INTL A,3031092,2/9/2014,40,2014,9,-18.5,-25.7,-22.1,40.1,0,0,0,0
-114.01,51.12,CALGARY INTL A,3031092,2/10/2014,41,2014,10,-14,-26.9,-20.5,38.5,0,0,0,0
-114.01,51.12,CALGARY INTL A,3031092,2/11/2014,42,2014,11,-16.8,-21.7,-19.3,37.3,0,0,0,0
-114.01,51.12,CALGARY INTL A,3031092,2/12/2014,43,2014,12,-3.7,-21.1,-12.4,30.4,0,0,0,0
-114.01,51.12,CALGARY INTL A,3031092,2/13/2014,44,2014,13,5.9,-12.1,-3.1,21.1,0,0,0,0
-114.01,51.12,CALGARY INTL A,3031092,2/14/2014,45,2014,14,4.6,-7.6,-1.5,19.5,0,0,0,0
-114.01,51.12,CALGARY INTL A,3031092,2/15/2014,46,2014,15,4.7,-6.9,-1.1,19.1,0,0,0,0
-114.01,51.12,CALGARY INTL A,3031092,2/16/2014,47,2014,16,3.8,-7,-1.6,19.6,0,0,0,0
-114.01,51.12,CALGARY INTL A,3031092,2/17/2014,48,2014,17,4.7,-4.3,0.2,17.8,0,0,0,0
-114.01,51.12,CALGARY INTL A,3031092,2/18/2014,49,2014,18,3.4,-5.6,-1.1,19.1,0,0,0,0
-114.01,51.12,CALGARY INTL A,3031092,2/19/2014,50,2014,19,0.9,-6.2,-2.7,20.7,0,0,0,0
-114.01,51.12,CALGARY INTL A,3031092,2/20/2014,51,2014,20,2.6,-7.4,-2.4,20.4,0,0,0,0
-114.01,51.12,CALGARY INTL A,3031092,2/21/2014,52,2014,21,-2.7,-13.4,-8.1,26.1,0,0,0,0
-114.01,51.12,CALGARY INTL A,3031092,2/22/2014,53,2014,22,-12.5,-18,-15.3,33.3,0,0,1.2,0.6
-114.01,51.12,CALGARY INTL A,3031092,2/23/2014,54,2014,23,-17.8,-24,-20.9,38.9,0,0,0.8,0.5
-114.01,51.12,CALGARY INTL A,3031092,2/24/2014,55,2014,24,-9.8,-27.7,-18.8,36.8,0,0,0,0
-114.01,51.12,CALGARY INTL A,3031092,2/25/2014,56,2014,25,-6.5,-21.9,-14.2,32.2,0,0,0,0
-114.01,51.12,CALGARY INTL A,3031092,2/26/2014,57,2014,26,1.3,-11.8,-5.3,23.3,0,0,0,0
-114.01,51.12,CALGARY INTL A,3031092,2/27/2014,58,2014,27,-1.4,-14.5,-8,26,0,0,0,0
-114.01,51.12,CALGARY INTL A,3031092,2/28/2014,59,2014,28,-14.2,-27.7,-21,39,0,0,0,0
-114.01,51.12,CALGARY INTL A,3031092,3/1/2014,60,2014,1,-25.4,-30.4,-27.9,45.9,0,0,0,0
-114.01,51.12,CALGARY INTL A,3031092,3/2/2014,61,2014,2,-21.9,-30.3,-26.1,44.1,0,0,0.2,0
-114.01,51.12,CALGARY INTL A,3031092,3/3/2014,62,2014,3,-18.8,-23.9,-21.4,39.4,0,0,0,0
-114.01,51.12,CALGARY INTL A,3031092,3/4/2014,63,2014,4,-14.9,-20.8,-17.9,35.9,0,0,0.2,0.2
-114.01,51.12,CALGARY INTL A,3031092,3/5/2014,64,2014,5,-14.4,-20.9,-17.7,35.7,0,0,0.2,0.2
-114.01,51.12,CALGARY INTL A,3031092,3/6/2014,65,2014,6,-13.6,-18.5,-16.1,34.1,0,0,0.4,0.4
-114.01,51.12,CALGARY INTL A,3031092,3/7/2014,66,2014,7,-0.7,-17.8,-9.3,27.3,0,0,0,0
-114.01,51.12,CALGARY INTL A,3031092,3/8/2014,67,2014,8,12.4,-4.5,4,14,0,0,0,0
-114.01,51.12,CALGARY INTL A,3031092,3/9/2014,68,2014,9,11.6,-1.8,4.9,13.1,0,0,0,0
-114.01,51.12,CALGARY INTL A,3031092,3/10/2014,69,2014,10,5.8,-2.3,1.8,16.2,0,0,0,0
-114.01,51.12,CALGARY INTL A,3031092,3/11/2014,70,2014,11,8.4,-5.1,1.7,16.3,0,0,0,0
-114.01,51.12,CALGARY INTL A,3031092,3/12/2014,71,2014,12,14.7,4.7,9.7,8.3,0,0,0,0
-114.01,51.12,CALGARY INTL A,3031092,3/13/2014,72,2014,13,7,-1.9,2.6,15.4,0,0,0,0
-114.01,51.12,CALGARY INTL A,3031092,3/14/2014,73,2014,14,8.3,-3.2,2.6,15.4,0,0,0.2,0.2
-114.01,51.12,CALGARY INTL A,3031092,3/15/2014,74,2014,15,9.6,-3.9,2.9,15.1,0,0,0.4,0.4
-114.01,51.12,CALGARY INTL A,3031092,3/16/2014,75,2014,16,11.9,-0.3,5.8,12.2,0,0,0,0
-114.01,51.12,CALGARY INTL A,3031092,3/17/2014,76,2014,17,6.6,-0.3,3.2,14.8,0,0,0,0
-114.01,51.12,CALGARY INTL A,3031092,3/18/2014,77,2014,18,4.8,-5,-0.1,18.1,0,0,4.6,1.6
-114.01,51.12,CALGARY INTL A,3031092,3/19/2014,78,2014,19,8.5,-2.2,3.2,14.8,0,0,0,0
-114.01,51.12,CALGARY INTL A,3031092,3/20/2014,79,2014,20,2.4,-10.7,-4.2,22.2,0,0,3.5,2.9
-114.01,51.12,CALGARY INTL A,3031092,3/21/2014,80,2014,21,-9.8,-15.2,-12.5,30.5,0,0,0.6,0.4
-114.01,51.12,CALGARY INTL A,3031092,3/22/2014,81,2014,22,-9.6,-15.7,-12.7,30.7,0,0,1.6,0.8
-114.01,51.12,CALGARY INTL A,3031092,3/23/2014,82,2014,23,-7.6,-14.7,-11.2,29.2,0,0,2.8,1
-114.01,51.12,CALGARY INTL A,3031092,3/24/2014,83,2014,24,-7.1,-12.7,-9.9,27.9,0,0,0,0
-114.01,51.12,CALGARY INTL A,3031092,3/25/2014,84,2014,25,-5.1,-10.1,-7.6,25.6,0,0,0,0
-114.01,51.12,CALGARY INTL A,3031092,3/26/2014,85,2014,26,-7.3,-11.2,-9.3,27.3,0,0,6.7,2.4
-114.01,51.12,CALGARY INTL A,3031092,3/27/2014,86,2014,27,-6.6,-10.7,-8.7,26.7,0,0,4.6,1.2
-114.01,51.12,CALGARY INTL A,3031092,3/28/2014,87,2014,28,-4.5,-11,-7.8,25.8,0,0,1,0.4
-114.01,51.12,CALGARY INTL A,3031092,3/29/2014,88,2014,29,-4.8,-12.6,-8.7,26.7,0,0,0.4,0.2
-114.01,51.12,CALGARY INTL A,3031092,3/30/2014,89,2014,30,-5.4,-12.5,-9,27,0,0,7.6,4.4
-114.01,51.12,CALGARY INTL A,3031092,3/31/2014,90,2014,31,-9.4,-14.7,-12.1,30.1,0,0,1.2,0.8
-114.01,51.12,CALGARY INTL A,3031092,4/1/2014,91,2014,1,-1,-11.2,-6.1,24.1,0,0,0,0
-114.01,51.12,CALGARY INTL A,3031092,4/2/2014,92,2014,2,1.9,-4.7,-1.4,19.4,0,0,0.6,0.6
-114.01,51.12,CALGARY INTL A,3031092,4/3/2014,93,2014,3,-0.5,-5.5,-3,21,0,0,0,0
-114.01,51.12,CALGARY INTL A,3031092,4/4/2014,94,2014,4,11,-2.9,4.1,13.9,0,0,0,0
-114.01,51.12,CALGARY INTL A,3031092,4/5/2014,95,2014,5,10.4,-1.6,4.4,13.6,0,0,0,0
-114.01,51.12,CALGARY INTL A,3031092,4/6/2014,96,2014,6,9.4,0.5,5,13,0,0,0,0
-114.01,51.12,CALGARY INTL A,3031092,4/7/2014,97,2014,7,16.6,-1.1,7.8,10.2,0,0,0,0
-114.01,51.12,CALGARY INTL A,3031092,4/8/2014,98,2014,8,19.8,2.9,11.4,6.6,0,0,0,0
-114.01,51.12,CALGARY INTL A,3031092,4/9/2014,99,2014,9,11.7,0.3,6,12,0,0.4,0.2,0.6
-114.01,51.12,CALGARY INTL A,3031092,4/10/2014,100,2014,10,14.8,-2.1,6.4,11.6,0,0,0,0
-114.01,51.12,CALGARY INTL A,3031092,4/11/2014,101,2014,11,13.3,0.1,6.7,11.3,0,1.5,0,1.5
-114.01,51.12,CALGARY INTL A,3031092,4/12/2014,102,2014,12,0.5,-5.7,-2.6,20.6,0,0,0,0
-114.01,51.12,CALGARY INTL A,3031092,4/13/2014,103,2014,13,4.9,-7.6,-1.4,19.4,0,0,0,0
-114.01,51.12,CALGARY INTL A,3031092,4/14/2014,104,2014,14,15.9,-4.6,5.7,12.3,0,0,0,0
-114.01,51.12,CALGARY INTL A,3031092,4/15/2014,105,2014,15,9.2,-0.1,4.6,13.4,0,0.4,1,1.4
-114.01,51.12,CALGARY INTL A,3031092,4/16/2014,106,2014,16,0,-3.9,-2,20,0,0,3.5,3.5
-114.01,51.12,CALGARY INTL A,3031092,4/17/2014,107,2014,17,5.3,-2.5,1.4,16.6,0,0,0,0
-114.01,51.12,CALGARY INTL A,3031092,4/18/2014,108,2014,18,1.5,-2.7,-0.6,18.6,0,0,4.8,4.8
-114.01,51.12,CALGARY INTL A,3031092,4/19/2014,109,2014,19,11.7,-2.3,4.7,13.3,0,0,0,0
-114.01,51.12,CALGARY INTL A,3031092,4/20/2014,110,2014,20,15.4,3.7,9.6,8.4,0,0,0,0
-114.01,51.12,CALGARY INTL A,3031092,4/21/2014,111,2014,21,17.4,0.2,8.8,9.2,0,0,0,0
-114.01,51.12,CALGARY INTL A,3031092,4/22/2014,112,2014,22,17.1,0.6,8.9,9.1,0,5.6,0,5.6
-114.01,51.12,CALGARY INTL A,3031092,4/23/2014,113,2014,23,13,1.6,7.3,10.7,0,1.2,0,1.2
-114.01,51.12,CALGARY INTL A,3031092,4/24/2014,114,2014,24,12.8,-4,4.4,13.6,0,0,0,0
-114.01,51.12,CALGARY INTL A,3031092,4/25/2014,115,2014,25,7,0.4,3.7,14.3,0,0.4,0,0.4
-114.01,51.12,CALGARY INTL A,3031092,4/26/2014,116,2014,26,3.7,-0.8,1.5,16.5,0,0,3.5,3.5
-114.01,51.12,CALGARY INTL A,3031092,4/27/2014,117,2014,27,12.3,-1.4,5.5,12.5,0,0,0,0
-114.01,51.12,CALGARY INTL A,3031092,4/28/2014,118,2014,28,12.5,1.4,7,11,0,0,0,0
-114.01,51.12,CALGARY INTL A,3031092,4/29/2014,119,2014,29,16.4,-0.2,8.1,9.9,0,0,0,0
-114.01,51.12,CALGARY INTL A,3031092,4/30/2014,120,2014,30,20.5,1.3,10.9,7.1,0,0,0,0
-114.01,51.12,CALGARY INTL A,3031092,5/1/2014,121,2014,1,21.6,7.9,14.8,3.2,0,0,0,0
-114.01,51.12,CALGARY INTL A,3031092,5/2/2014,122,2014,2,10.7,0.1,5.4,12.6,0,18.5,1,19.5
-114.01,51.12,CALGARY INTL A,3031092,5/3/2014,123,2014,3,0.3,-2.6,-1.2,19.2,0,0,11.2,10.8
-114.01,51.12,CALGARY INTL A,3031092,5/4/2014,124,2014,4,2.6,-1.1,0.8,17.2,0,2.6,3.4,6
-114.01,51.12,CALGARY INTL A,3031092,5/5/2014,125,2014,5,3.8,-0.9,1.5,16.5,0,0.2,0,0.2
-114.01,51.12,CALGARY INTL A,3031092,5/6/2014,126,2014,6,2.7,-2.4,0.2,17.8,0,0,0,0
-114.01,51.12,CALGARY INTL A,3031092,5/7/2014,127,2014,7,9.8,-6,1.9,16.1,0,0,0,0
-114.01,51.12,CALGARY INTL A,3031092,5/8/2014,128,2014,8,16.8,-1.9,7.5,10.5,0,0,0,0
-114.01,51.12,CALGARY INTL A,3031092,5/9/2014,129,2014,9,9.5,1.3,5.4,12.6,0,4,0,4
-114.01,51.12,CALGARY INTL A,3031092,5/10/2014,130,2014,10,10.5,-1,4.8,13.2,0,0.8,0,0.8
-114.01,51.12,CALGARY INTL A,3031092,5/11/2014,131,2014,11,12.1,-3.5,4.3,13.7,0,0,0,0
-114.01,51.12,CALGARY INTL A,3031092,5/12/2014,132,2014,12,16.8,-1.8,7.5,10.5,0,0,0,0
-114.01,51.12,CALGARY INTL A,3031092,5/13/2014,133,2014,13,18.6,2.4,10.5,7.5,0,0,0,0
-114.01,51.12,CALGARY INTL A,3031092,5/14/2014,134,2014,14,20.7,1.9,11.3,6.7,0,0,0,0
-114.01,51.12,CALGARY INTL A,3031092,5/15/2014,135,2014,15,16.7,3.7,10.2,7.8,0,1,0,1
-114.01,51.12,CALGARY INTL A,3031092,5/16/2014,136,2014,16,14.2,2.8,8.5,9.5,0,0,0,0
-114.01,51.12,CALGARY INTL A,3031092,5/17/2014,137,2014,17,17.3,3.2,10.3,7.7,0,0.8,0,0.8
-114.01,51.12,CALGARY INTL A,3031092,5/18/2014,138,2014,18,14.1,7.1,10.6,7.4,0,1.57,0.52,2.076666667
-114.01,51.12,CALGARY INTL A,3031092,5/19/2014,139,2014,19,17.3,6.8,12.1,5.9,0,0.2,0,0.2
-114.01,51.12,CALGARY INTL A,3031092,5/20/2014,140,2014,20,20.2,5.1,12.7,5.3,0,0.2,0,0.2
-114.01,51.12,CALGARY INTL A,3031092,5/21/2014,141,2014,21,24.2,5.9,15.1,2.9,0,0,0,0
-114.01,51.12,CALGARY INTL A,3031092,5/22/2014,142,2014,22,25.6,6.9,16.3,1.7,0,0,0,0
-114.01,51.12,CALGARY INTL A,3031092,5/23/2014,143,2014,23,25.9,12.2,19.1,0,1.1,0,0,0
-114.01,51.12,CALGARY INTL A,3031092,5/24/2014,144,2014,24,20.1,8.1,14.1,3.9,0,0.8,0,0.8
-114.01,51.12,CALGARY INTL A,3031092,5/25/2014,145,2014,25,19,6.1,12.6,5.4,0,0.6,0,0.6
-114.01,51.12,CALGARY INTL A,3031092,5/26/2014,146,2014,26,20.5,6.3,13.4,4.6,0,0.8,0,0.8
-114.01,51.12,CALGARY INTL A,3031092,5/27/2014,147,2014,27,19.2,3.6,11.4,6.6,0,0,0,0
-114.01,51.12,CALGARY INTL A,3031092,5/28/2014,148,2014,28,10.7,6.3,8.5,9.5,0,4.4,0,4.4
-114.01,51.12,CALGARY INTL A,3031092,5/29/2014,149,2014,29,17.5,4.4,11,7,0,10.4,0,10.4
-114.01,51.12,CALGARY INTL A,3031092,5/30/2014,150,2014,30,20.5,6,13.3,4.7,0,0,0,0
-114.01,51.12,CALGARY INTL A,3031092,5/31/2014,151,2014,31,20.6,6.8,13.7,4.3,0,1.8,0,1.8
-114.01,51.12,CALGARY INTL A,3031092,6/1/2014,152,2014,1,19.7,4.5,12.1,5.9,0,3.6,0,3.6
-114.01,51.12,CALGARY INTL A,3031092,6/2/2014,153,2014,2,19.1,6,12.6,5.4,0,3.2,0,3.2
-114.01,51.12,CALGARY INTL A,3031092,6/3/2014,154,2014,3,22,5.6,13.8,4.2,0,0.2,0,0.2
-114.01,51.12,CALGARY INTL A,3031092,6/4/2014,155,2014,4,21.9,6.1,14,4,0,0.4,0,0.4
-114.01,51.12,CALGARY INTL A,3031092,6/5/2014,156,2014,5,13.5,2.7,8.1,9.9,0,0,0,0
-114.01,51.12,CALGARY INTL A,3031092,6/6/2014,157,2014,6,15.9,3.5,9.7,8.3,0,0,0,0
-114.01,51.12,CALGARY INTL A,3031092,6/7/2014,158,2014,7,18.8,4.2,11.5,6.5,0,0,0,0
-114.01,51.12,CALGARY INTL A,3031092,6/8/2014,159,2014,8,21.7,3.6,12.7,5.3,0,0,0,0
-114.01,51.12,CALGARY INTL A,3031092,6/9/2014,160,2014,9,16.7,8.3,12.5,5.5,0,0.8,0,0.8
-114.01,51.12,CALGARY INTL A,3031092,6/10/2014,161,2014,10,18.6,2.6,10.6,7.4,0,1.8,0,1.8
-114.01,51.12,CALGARY INTL A,3031092,6/11/2014,162,2014,11,17.3,6,11.7,6.3,0,0,0,0
-114.01,51.12,CALGARY INTL A,3031092,6/12/2014,163,2014,12,20.5,6.1,13.3,4.7,0,0.4,0,0.4
-114.01,51.12,CALGARY INTL A,3031092,6/13/2014,164,2014,13,12.5,8.8,10.7,7.3,0,7.8,0,7.8
-114.01,51.12,CALGARY INTL A,3031092,6/14/2014,165,2014,14,17.3,6.9,12.1,5.9,0,0,0,0
-114.01,51.12,CALGARY INTL A,3031092,6/15/2014,166,2014,15,14.9,7.6,11.3,6.7,0,0.2,0,0.2
-114.01,51.12,CALGARY INTL A,3031092,6/16/2014,167,2014,16,14.8,7.9,11.4,6.6,0,2.85862069,0,2.85862069
-114.01,51.12,CALGARY INTL A,3031092,6/17/2014,168,2014,17,14.2,8.2,11.2,6.8,0,4,0,4
-114.01,51.12,CALGARY INTL A,3031092,6/18/2014,169,2014,18,12.9,9.7,11.3,6.7,0,16.4,0,16.4
-114.01,51.12,CALGARY INTL A,3031092,6/19/2014,170,2014,19,17.1,10.4,13.8,4.2,0,29.2,0,29.2
-114.01,51.12,CALGARY INTL A,3031092,6/20/2014,171,2014,20,23.4,8.5,16,2,0,1.8,0,1.8
-114.01,51.12,CALGARY INTL A,3031092,6/21/2014,172,2014,21,18.5,9.9,14.2,3.8,0,3.4,0,3.4
-114.01,51.12,CALGARY INTL A,3031092,6/22/2014,173,2014,22,21.4,8.9,15.2,2.8,0,0,0,0
-114.01,51.12,CALGARY INTL A,3031092,6/23/2014,174,2014,23,22.7,7.4,15.1,2.9,0,0,0,0
-114.01,51.12,CALGARY INTL A,3031092,6/24/2014,175,2014,24,24.1,10.3,17.2,0.8,0,0.2,0,0.2
-114.01,51.12,CALGARY INTL A,3031092,6/25/2014,176,2014,25,18.3,11.2,14.8,3.2,0,1.9,0,1.9
-114.01,51.12,CALGARY INTL A,3031092,6/26/2014,177,2014,26,20.5,8.8,14.7,3.3,0,0,0,0
-114.01,51.12,CALGARY INTL A,3031092,6/27/2014,178,2014,27,23.1,7.6,15.4,2.6,0,2.2,0,2.2
-114.01,51.12,CALGARY INTL A,3031092,6/28/2014,179,2014,28,20.2,12,16.1,1.9,0,0.4,0,0.4
-114.01,51.12,CALGARY INTL A,3031092,6/29/2014,180,2014,29,15.9,10.4,13.2,4.8,0,3.6,0,3.6
-114.01,51.12,CALGARY INTL A,3031092,6/30/2014,181,2014,30,21.7,10.5,16.1,1.9,0,1.4,0,1.4
-114.01,51.12,CALGARY INTL A,3031092,7/1/2014,182,2014,1,23.9,9.2,16.6,1.4,0,0,0,0
-114.01,51.12,CALGARY INTL A,3031092,7/2/2014,183,2014,2,25.5,11.4,18.5,0,0.5,0,0,0
-114.01,51.12,CALGARY INTL A,3031092,7/3/2014,184,2014,3,29.1,13.8,21.5,0,3.5,0,0,0
-114.01,51.12,CALGARY INTL A,3031092,7/4/2014,185,2014,4,25.3,14.3,19.8,0,1.8,0,0,0
-114.01,51.12,CALGARY INTL A,3031092,7/5/2014,186,2014,5,23.7,15.2,19.5,0,1.5,0,0,0
-114.01,51.12,CALGARY INTL A,3031092,7/6/2014,187,2014,6,24.3,13.4,18.9,0,0.9,6.6,0,6.6
-114.01,51.12,CALGARY INTL A,3031092,7/7/2014,188,2014,7,23.1,12.1,17.6,0.4,0,2.4,0,2.4
-114.01,51.12,CALGARY INTL A,3031092,7/8/2014,189,2014,8,25.6,12.9,19.3,0,1.3,0,0,0
-114.01,51.12,CALGARY INTL A,3031092,7/9/2014,190,2014,9,30.5,12.7,21.6,0,3.6,0,0,0
-114.01,51.12,CALGARY INTL A,3031092,7/10/2014,191,2014,10,22.5,10.9,16.7,1.3,0,0,0,0
-114.01,51.12,CALGARY INTL A,3031092,7/11/2014,192,2014,11,22,9.3,15.7,2.3,0,0,0,0
-114.01,51.12,CALGARY INTL A,3031092,7/12/2014,193,2014,12,27.8,11.1,19.5,0,1.5,0,0,0
-114.01,51.12,CALGARY INTL A,3031092,7/13/2014,194,2014,13,28.7,12.1,20.4,0,2.4,0,0,0
-114.01,51.12,CALGARY INTL A,3031092,7/14/2014,195,2014,14,26.1,12.9,19.5,0,1.5,0,0,0
-114.01,51.12,CALGARY INTL A,3031092,7/15/2014,196,2014,15,27.6,12.1,19.9,0,1.9,0,0,0
-114.01,51.12,CALGARY INTL A,3031092,7/16/2014,197,2014,16,31.8,13.6,22.7,0,4.7,0,0,0
-114.01,51.12,CALGARY INTL A,3031092,7/17/2014,198,2014,17,26.2,12.2,19.2,0,1.2,1.5,0,1.5
-114.01,51.12,CALGARY INTL A,3031092,7/18/2014,199,2014,18,21.9,9.3,15.6,2.4,0,0,0,0
-114.01,51.12,CALGARY INTL A,3031092,7/19/2014,200,2014,19,26.4,11.5,19,0,1,0.85,0,0.85
-114.01,51.12,CALGARY INTL A,3031092,7/20/2014,201,2014,20,20,11.5,15.8,2.2,0,8.8,0,8.8
-114.01,51.12,CALGARY INTL A,3031092,7/21/2014,202,2014,21,19.9,11.7,15.8,2.2,0,2,0,2
-114.01,51.12,CALGARY INTL A,3031092,7/22/2014,203,2014,22,22.9,10.9,16.9,1.1,0,0,0,0
-114.01,51.12,CALGARY INTL A,3031092,7/23/2014,204,2014,23,25.8,11.3,18.6,0,0.6,3.4,0,3.4
-114.01,51.12,CALGARY INTL A,3031092,7/24/2014,205,2014,24,21.2,11.9,16.6,1.4,0,0.4,0,0.4
-114.01,51.12,CALGARY INTL A,3031092,7/25/2014,206,2014,25,18.2,12.8,15.5,2.5,0,0,0,0
-114.01,51.12,CALGARY INTL A,3031092,7/26/2014,207,2014,26,22.6,10.6,16.6,1.4,0,0,0,0
-114.01,51.12,CALGARY INTL A,3031092,7/27/2014,208,2014,27,26.5,9.4,18,0,0,0,0,0
-114.01,51.12,CALGARY INTL A,3031092,7/28/2014,209,2014,28,28.1,9.4,18.8,0,0.8,0,0,0
-114.01,51.12,CALGARY INTL A,3031092,7/29/2014,210,2014,29,31.7,12.1,21.9,0,3.9,0,0,0
-114.01,51.12,CALGARY INTL A,3031092,7/30/2014,211,2014,30,32.2,13.6,22.9,0,4.9,0.4,0,0.4
-114.01,51.12,CALGARY INTL A,3031092,7/31/2014,212,2014,31,27.4,11.9,19.7,0,1.7,0,0,0
-114.01,51.12,CALGARY INTL A,3031092,8/1/2014,213,2014,1,27.1,12.4,19.8,0,1.8,0,0,0
-114.01,51.12,CALGARY INTL A,3031092,8/2/2014,214,2014,2,27.5,14.2,20.9,0,2.9,0,0,0
-114.01,51.12,CALGARY INTL A,3031092,8/3/2014,215,2014,3,26.7,11.5,19.1,0,1.1,7.8,0,7.8
-114.01,51.12,CALGARY INTL A,3031092,8/4/2014,216,2014,4,23,9.8,16.4,1.6,0,1.686666667,0,1.686666667
-114.01,51.12,CALGARY INTL A,3031092,8/5/2014,217,2014,5,24.2,11.1,17.7,0.3,0,0,0,0
-114.01,51.12,CALGARY INTL A,3031092,8/6/2014,218,2014,6,27.6,11.7,19.7,0,1.7,0,0,0
-114.01,51.12,CALGARY INTL A,3031092,8/7/2014,219,2014,7,26.7,13.3,20,0,2,6.2,0,6.2
-114.01,51.12,CALGARY INTL A,3031092,8/8/2014,220,2014,8,20.9,10.4,15.7,2.3,0,11.6,0,11.6
-114.01,51.12,CALGARY INTL A,3031092,8/9/2014,221,2014,9,20.9,8.1,14.5,3.5,0,0,0,0
-114.01,51.12,CALGARY INTL A,3031092,8/10/2014,222,2014,10,25.1,10.3,17.7,0.3,0,0,0,0
-114.01,51.12,CALGARY INTL A,3031092,8/11/2014,223,2014,11,28.5,11.3,19.9,0,1.9,0,0,0
-114.01,51.12,CALGARY INTL A,3031092,8/12/2014,224,2014,12,30,11.2,20.6,0,2.6,0,0,0
-114.01,51.12,CALGARY INTL A,3031092,8/13/2014,225,2014,13,29.5,15.4,22.5,0,4.5,0.2,0,0.2
-114.01,51.12,CALGARY INTL A,3031092,8/14/2014,226,2014,14,23.5,15.5,19.5,0,1.5,1.6,0,1.6
-114.01,51.12,CALGARY INTL A,3031092,8/15/2014,227,2014,15,24.7,13.1,18.9,0,0.9,0,0,0
-114.01,51.12,CALGARY INTL A,3031092,8/16/2014,228,2014,16,21.6,13.5,17.6,0.4,0,0,0,0
-114.01,51.12,CALGARY INTL A,3031092,8/17/2014,229,2014,17,23.5,15.9,19.7,0,1.7,0,0,0
-114.01,51.12,CALGARY INTL A,3031092,8/18/2014,230,2014,18,28,12.3,20.2,0,2.2,0,0,0
-114.01,51.12,CALGARY INTL A,3031092,8/19/2014,231,2014,19,21.9,12.7,17.3,0.7,0,0,0,0
-114.01,51.12,CALGARY INTL A,3031092,8/20/2014,232,2014,20,14.5,10.3,12.4,5.6,0,13.1,0,13.1
-114.01,51.12,CALGARY INTL A,3031092,8/21/2014,233,2014,21,12.9,8.7,10.8,7.2,0,0.2,0,0.2
-114.01,51.12,CALGARY INTL A,3031092,8/22/2014,234,2014,22,12.2,8.7,10.5,7.5,0,2.3,0,2.3
-114.01,51.12,CALGARY INTL A,3031092,8/23/2014,235,2014,23,14.1,7,10.6,7.4,0,0,0,0
-114.01,51.12,CALGARY INTL A,3031092,8/24/2014,236,2014,24,16.8,7.1,12,6,0,0,0,0
-114.01,51.12,CALGARY INTL A,3031092,8/25/2014,237,2014,25,22.5,5.2,13.9,4.1,0,0,0,0
-114.01,51.12,CALGARY INTL A,3031092,8/26/2014,238,2014,26,25.6,8.7,17.2,0.8,0,0,0,0
-114.01,51.12,CALGARY INTL A,3031092,8/27/2014,239,2014,27,28,11.8,19.9,0,1.9,0,0,0
-114.01,51.12,CALGARY INTL A,3031092,8/28/2014,240,2014,28,14.4,8.9,11.7,6.3,0,6.8,0,6.8
-114.01,51.12,CALGARY INTL A,3031092,8/29/2014,241,2014,29,21.7,4.8,13.3,4.7,0,0,0,0
-114.01,51.12,CALGARY INTL A,3031092,8/30/2014,242,2014,30,19.9,8.3,14.1,3.9,0,0.8,0,0.8
-114.01,51.12,CALGARY INTL A,3031092,8/31/2014,243,2014,31,19.4,7,13.2,4.8,0,0,0,0
-114.01,51.12,CALGARY INTL A,3031092,9/1/2014,244,2014,1,20.8,5.4,13.1,4.9,0,0,0,0
-114.01,51.12,CALGARY INTL A,3031092,9/2/2014,245,2014,2,14.5,8.9,11.7,6.3,0,0,0,0
-114.01,51.12,CALGARY INTL A,3031092,9/3/2014,246,2014,3,12,6.6,9.3,8.7,0,2.2,0,2.2
-114.01,51.12,CALGARY INTL A,3031092,9/4/2014,247,2014,4,18.2,3.2,10.7,7.3,0,0,0,0
-114.01,51.12,CALGARY INTL A,3031092,9/5/2014,248,2014,5,23.3,4.7,14,4,0,0,0,0
-114.01,51.12,CALGARY INTL A,3031092,9/6/2014,249,2014,6,23.8,8,15.9,2.1,0,0,0,0
-114.01,51.12,CALGARY INTL A,3031092,9/7/2014,250,2014,7,25.8,10.1,18,0,0,0,0,0
-114.01,51.12,CALGARY INTL A,3031092,9/8/2014,251,2014,8,10.6,-0.7,5,13,0,15.3,11.8,26.5
-114.01,51.12,CALGARY INTL A,3031092,9/9/2014,252,2014,9,2.2,-0.6,0.8,17.2,0,1.2,1.3,2.5
-114.01,51.12,CALGARY INTL A,3031092,9/10/2014,253,2014,10,2.3,-0.6,0.9,17.1,0,0,15.1,14.5
-114.01,51.12,CALGARY INTL A,3031092,9/11/2014,254,2014,11,7.4,-1.8,2.8,15.2,0,0,0,0
-114.01,51.12,CALGARY INTL A,3031092,9/12/2014,255,2014,12,9.4,0.2,4.8,13.2,0,2.2,0,2.2
-114.01,51.12,CALGARY INTL A,3031092,9/13/2014,256,2014,13,12.5,2.3,7.4,10.6,0,0,0,0
-114.01,51.12,CALGARY INTL A,3031092,9/14/2014,257,2014,14,17.6,5.5,11.6,6.4,0,0,0,0
-114.01,51.12,CALGARY INTL A,3031092,9/15/2014,258,2014,15,22.6,4,13.3,4.7,0,0,0,0
-114.01,51.12,CALGARY INTL A,3031092,9/16/2014,259,2014,16,24.9,6.4,15.7,2.3,0,0,0,0
-114.01,51.12,CALGARY INTL A,3031092,9/17/2014,260,2014,17,25.6,6.6,16.1,1.9,0,0,0,0
-114.01,51.12,CALGARY INTL A,3031092,9/18/2014,261,2014,18,21.3,11.6,16.5,1.5,0,0,0,0
-114.01,51.12,CALGARY INTL A,3031092,9/19/2014,262,2014,19,22.6,8.9,15.8,2.2,0,0,0,0
-114.01,51.12,CALGARY INTL A,3031092,9/20/2014,263,2014,20,20.7,5.7,13.2,4.8,0,0,0,0
-114.01,51.12,CALGARY INTL A,3031092,9/21/2014,264,2014,21,25.6,5.3,15.5,2.5,0,0,0,0
-114.01,51.12,CALGARY INTL A,3031092,9/22/2014,265,2014,22,28,9.7,18.9,0,0.9,0,0,0
-114.01,51.12,CALGARY INTL A,3031092,9/23/2014,266,2014,23,20.3,12.8,16.6,1.4,0,1,0,1
-114.01,51.12,CALGARY INTL A,3031092,9/24/2014,267,2014,24,27.2,12.5,19.9,0,1.9,0,0,0
-114.01,51.12,CALGARY INTL A,3031092,9/25/2014,268,2014,25,25.6,10.2,17.9,0.1,0,0,0,0
-114.01,51.12,CALGARY INTL A,3031092,9/26/2014,269,2014,26,15.1,6.3,10.7,7.3,0,3.8,0,3.8
-114.01,51.12,CALGARY INTL A,3031092,9/27/2014,270,2014,27,9.2,6,7.6,10.4,0,0,0,0
-114.01,51.12,CALGARY INTL A,3031092,9/28/2014,271,2014,28,14,4.4,9.2,8.8,0,0,0,0
-114.01,51.12,CALGARY INTL A,3031092,9/29/2014,272,2014,29,18.6,6.7,12.7,5.3,0,0,0,0
-114.01,51.12,CALGARY INTL A,3031092,9/30/2014,273,2014,30,12.1,3.7,7.9,10.1,0,1.9,0,1.9
-114.01,51.12,CALGARY INTL A,3031092,10/1/2014,274,2014,1,16,0.6,8.3,9.7,0,2.4,1.2,3.6
-114.01,51.12,CALGARY INTL A,3031092,10/2/2014,275,2014,2,7.6,-2.3,2.7,15.3,0,0,0,0
-114.01,51.12,CALGARY INTL A,3031092,10/3/2014,276,2014,3,16.3,-3.4,6.5,11.5,0,0,0,0
-114.01,51.12,CALGARY INTL A,3031092,10/4/2014,277,2014,4,20.2,8.9,14.6,3.4,0,0.175862069,0,0.217241379
-114.01,51.12,CALGARY INTL A,3031092,10/5/2014,278,2014,5,18.6,3.8,11.2,6.8,0,0,0,0
-114.01,51.12,CALGARY INTL A,3031092,10/6/2014,279,2014,6,20.7,4.2,12.5,5.5,0,0,0,0
-114.01,51.12,CALGARY INTL A,3031092,10/7/2014,280,2014,7,15.1,2.9,9,9,0,0,0,0
-114.01,51.12,CALGARY INTL A,3031092,10/8/2014,281,2014,8,15.1,3.6,9.4,8.6,0,0.175862069,0,0.217241379
-114.01,51.12,CALGARY INTL A,3031092,10/9/2014,282,2014,9,16.9,0.5,8.7,9.3,0,0,0,0
-114.01,51.12,CALGARY INTL A,3031092,10/10/2014,283,2014,10,21.5,2.3,11.9,6.1,0,0,0,0
-114.01,51.12,CALGARY INTL A,3031092,10/11/2014,284,2014,11,17.4,6.5,12,6,0,0,0,0
-114.01,51.12,CALGARY INTL A,3031092,10/12/2014,285,2014,12,16,4.4,10.2,7.8,0,0,0,0
-114.01,51.12,CALGARY INTL A,3031092,10/13/2014,286,2014,13,17.2,2.8,10,8,0,0,0,0
-114.01,51.12,CALGARY INTL A,3031092,10/14/2014,287,2014,14,17.5,1.4,9.5,8.5,0,0,0,0
-114.01,51.12,CALGARY INTL A,3031092,10/15/2014,288,2014,15,9.4,3.9,6.7,11.3,0,2.7,0,2.7
-114.01,51.12,CALGARY INTL A,3031092,10/16/2014,289,2014,16,11.2,3.4,7.3,10.7,0,0,0,0
-114.01,51.12,CALGARY INTL A,3031092,10/17/2014,290,2014,17,16.8,-1.2,7.8,10.2,0,0,0,0
-114.01,51.12,CALGARY INTL A,3031092,10/18/2014,291,2014,18,19.5,7.7,13.6,4.4,0,0,0,0
-114.01,51.12,CALGARY INTL A,3031092,10/19/2014,292,2014,19,16.3,4.6,10.5,7.5,0,0,0,0
-114.01,51.12,CALGARY INTL A,3031092,10/20/2014,293,2014,20,23.6,2.4,13,5,0,0,0,0
-114.01,51.12,CALGARY INTL A,3031092,10/21/2014,294,2014,21,16.4,5.6,11,7,0,0,0,0
-114.01,51.12,CALGARY INTL A,3031092,10/22/2014,295,2014,22,15.4,0.7,8.1,9.9,0,0,0,0
-114.01,51.12,CALGARY INTL A,3031092,10/23/2014,296,2014,23,16.6,2.4,9.5,8.5,0,0,0,0
-114.01,51.12,CALGARY INTL A,3031092,10/24/2014,297,2014,24,11.5,0,5.8,12.2,0,0,0,0
-114.01,51.12,CALGARY INTL A,3031092,10/25/2014,298,2014,25,10.2,-0.9,4.7,13.3,0,0,0,0
-114.01,51.12,CALGARY INTL A,3031092,10/26/2014,299,2014,26,6.5,1.1,3.8,14.2,0,0,0,0
-114.01,51.12,CALGARY INTL A,3031092,10/27/2014,300,2014,27,4.9,-2.2,1.4,16.6,0,0,0,0
-114.01,51.12,CALGARY INTL A,3031092,10/28/2014,301,2014,28,8.1,-6.3,0.9,17.1,0,0,0,0
-114.01,51.12,CALGARY INTL A,3031092,10/29/2014,302,2014,29,14.9,-1.1,6.9,11.1,0,0,0,0
-114.01,51.12,CALGARY INTL A,3031092,10/30/2014,303,2014,30,5.2,-4.1,0.6,17.4,0,0,0,0
-114.01,51.12,CALGARY INTL A,3031092,10/31/2014,304,2014,31,17.4,1.4,9.4,8.6,0,0,0,0
-114.01,51.12,CALGARY INTL A,3031092,11/1/2014,305,2014,1,2.6,-1.3,0.7,17.3,0,2.4,9.4,11.8
-114.01,51.12,CALGARY INTL A,3031092,11/2/2014,306,2014,2,1.7,-2.6,-0.5,18.5,0,0,7.4,7.4
-114.01,51.12,CALGARY INTL A,3031092,11/3/2014,307,2014,3,5.5,-2.9,1.3,16.7,0,0,0,0
-114.01,51.12,CALGARY INTL A,3031092,11/4/2014,308,2014,4,13,-0.9,6.1,11.9,0,0,0,0
-114.01,51.12,CALGARY INTL A,3031092,11/5/2014,309,2014,5,7.2,-0.8,3.2,14.8,0,0,0,0
-114.01,51.12,CALGARY INTL A,3031092,11/6/2014,310,2014,6,16.3,1.3,8.8,9.2,0,0,0,0
-114.01,51.12,CALGARY INTL A,3031092,11/7/2014,311,2014,7,6.8,-0.1,3.4,14.6,0,0,0,0
-114.01,51.12,CALGARY INTL A,3031092,11/8/2014,312,2014,8,14.4,-4,5.2,12.8,0,0,0,0
-114.01,51.12,CALGARY INTL A,3031092,11/9/2014,313,2014,9,-2.1,-10.9,-6.5,24.5,0,0,11.4,11.4
-114.01,51.12,CALGARY INTL A,3031092,11/10/2014,314,2014,10,-7.2,-18.2,-12.7,30.7,0,0,0.4,0.4
-114.01,51.12,CALGARY INTL A,3031092,11/11/2014,315,2014,11,-12.1,-17.1,-14.6,32.6,0,0,0.2,0.2
-114.01,51.12,CALGARY INTL A,3031092,11/12/2014,316,2014,12,-13.1,-20.9,-17,35,0,0,0,0
-114.01,51.12,CALGARY INTL A,3031092,11/13/2014,317,2014,13,-9.9,-21.5,-15.7,33.7,0,0,0,0
-114.01,51.12,CALGARY INTL A,3031092,11/14/2014,318,2014,14,-11,-19.9,-15.5,33.5,0,0,0,0
-114.01,51.12,CALGARY INTL A,3031092,11/15/2014,319,2014,15,2.1,-18.2,-8.1,26.1,0,0,0,0
-114.01,51.12,CALGARY INTL A,3031092,11/16/2014,320,2014,16,-0.5,-14.2,-7.4,25.4,0,0,0,0
-114.01,51.12,CALGARY INTL A,3031092,11/17/2014,321,2014,17,4.5,-14.2,-4.9,22.9,0,0,0,0
-114.01,51.12,CALGARY INTL A,3031092,11/18/2014,322,2014,18,3.6,-10.8,-3.6,21.6,0,0,0,0
-114.01,51.12,CALGARY INTL A,3031092,11/19/2014,323,2014,19,-5.8,-12.9,-9.4,27.4,0,0,0,0
-114.01,51.12,CALGARY INTL A,3031092,11/20/2014,324,2014,20,9.4,-10,-0.3,18.3,0,0,0,0
-114.01,51.12,CALGARY INTL A,3031092,11/21/2014,325,2014,21,9.6,1.6,5.6,12.4,0,0,0,0
-114.01,51.12,CALGARY INTL A,3031092,11/22/2014,326,2014,22,5.8,-2.3,1.8,16.2,0,0,0,0
-114.01,51.12,CALGARY INTL A,3031092,11/23/2014,327,2014,23,4.2,-7.1,-1.5,19.5,0,0,0,0
-114.01,51.12,CALGARY INTL A,3031092,11/24/2014,328,2014,24,3.6,-5.1,-0.8,18.8,0,0,0,0
-114.01,51.12,CALGARY INTL A,3031092,11/25/2014,329,2014,25,4.2,-4.7,-0.3,18.3,0,0,0,0
-114.01,51.12,CALGARY INTL A,3031092,11/26/2014,330,2014,26,-1.6,-5.6,-3.6,21.6,0,0,2.8,1.8
-114.01,51.12,CALGARY INTL A,3031092,11/27/2014,331,2014,27,-2.9,-14.2,-8.6,26.6,0,0,5,3.4
-114.01,51.12,CALGARY INTL A,3031092,11/28/2014,332,2014,28,-14.2,-23.1,-18.7,36.7,0,0.2,5.2,5.4
-114.01,51.12,CALGARY INTL A,3031092,11/29/2014,333,2014,29,-18.2,-23.9,-21.1,39.1,0,0,1.4,1.4
-114.01,51.12,CALGARY INTL A,3031092,11/30/2014,334,2014,30,-15.9,-25.3,-20.6,38.6,0,0,0,0
-114.01,51.12,CALGARY INTL A,3031092,12/1/2014,335,2014,1,-3.8,-18.8,-11.3,29.3,0,0,0,0
-114.01,51.12,CALGARY INTL A,3031092,12/2/2014,336,2014,2,-2.1,-14.2,-8.2,26.2,0,0,0,0
-114.01,51.12,CALGARY INTL A,3031092,12/3/2014,337,2014,3,-2.5,-15,-8.8,26.8,0,0,0,0
-114.01,51.12,CALGARY INTL A,3031092,12/4/2014,338,2014,4,-1.8,-11.4,-6.6,24.6,0,0,0,0
-114.01,51.12,CALGARY INTL A,3031092,12/5/2014,339,2014,5,-4.2,-13.3,-8.8,26.8,0,0,0,0
-114.01,51.12,CALGARY INTL A,3031092,12/6/2014,340,2014,6,7.8,-7.4,0.2,17.8,0,0,0,0
-114.01,51.12,CALGARY INTL A,3031092,12/7/2014,341,2014,7,7.7,-6,0.9,17.1,0,0,0,0
-114.01,51.12,CALGARY INTL A,3031092,12/8/2014,342,2014,8,5.2,-7.6,-1.2,19.2,0,0,0,0
-114.01,51.12,CALGARY INTL A,3031092,12/9/2014,343,2014,9,9.7,-1.6,4.1,13.9,0,0,0,0
-114.01,51.12,CALGARY INTL A,3031092,12/10/2014,344,2014,10,9.2,-0.5,4.4,13.6,0,0,0,0
-114.01,51.12,CALGARY INTL A,3031092,12/11/2014,345,2014,11,12,4.7,8.4,9.6,0,0,0,0
-114.01,51.12,CALGARY INTL A,3031092,12/12/2014,346,2014,12,11.2,1.7,6.5,11.5,0,0,0,0
-114.01,51.12,CALGARY INTL A,3031092,12/13/2014,347,2014,13,5.1,-0.1,2.5,15.5,0,1,0.8,1.8
-114.01,51.12,CALGARY INTL A,3031092,12/14/2014,348,2014,14,1.4,-7.7,-3.2,21.2,0,0,0,0
-114.01,51.12,CALGARY INTL A,3031092,12/15/2014,349,2014,15,-3,-10.8,-6.9,24.9,0,0,0,0
-114.01,51.12,CALGARY INTL A,3031092,12/16/2014,350,2014,16,-6.9,-11.9,-9.4,27.4,0,0,0,0
-114.01,51.12,CALGARY INTL A,3031092,12/17/2014,351,2014,17,2.6,-10.9,-4.2,22.2,0,0.4,0,0.4
-114.01,51.12,CALGARY INTL A,3031092,12/18/2014,352,2014,18,3.5,-7.3,-1.9,19.9,0,0,0,0
-114.01,51.12,CALGARY INTL A,3031092,12/19/2014,353,2014,19,7.2,-6.9,0.2,17.8,0,0,0,0
-114.01,51.12,CALGARY INTL A,3031092,12/20/2014,354,2014,20,5.6,-4,0.8,17.2,0,0,0,0
-114.01,51.12,CALGARY INTL A,3031092,12/21/2014,355,2014,21,5.6,-4.7,0.5,17.5,0,0,0,0
-114.01,51.12,CALGARY INTL A,3031092,12/22/2014,356,2014,22,5.5,-7.5,-1,19,0,0,0,0
-114.01,51.12,CALGARY INTL A,3031092,12/23/2014,357,2014,23,5.2,-6.9,-0.9,18.9,0,0,0,0
-114.01,51.12,CALGARY INTL A,3031092,12/24/2014,358,2014,24,4.3,-7.7,-1.7,19.7,0,0,0,0
-114.01,51.12,CALGARY INTL A,3031092,12/25/2014,359,2014,25,-2,-7.7,-4.9,22.9,0,0,0,0
-114.01,51.12,CALGARY INTL A,3031092,12/26/2014,360,2014,26,-3.1,-10.4,-6.8,24.8,0,0,0.4,0.4
-114.01,51.12,CALGARY INTL A,3031092,12/27/2014,361,2014,27,-0.9,-10.7,-5.8,23.8,0,0,0,0
-114.01,51.12,CALGARY INTL A,3031092,12/28/2014,362,2014,28,-7.8,-14.4,-11.1,29.1,0,0,5.2,1.4
-114.01,51.12,CALGARY INTL A,3031092,12/29/2014,363,2014,29,-14.2,-20.1,-17.2,35.2,0,0,1.2,0.8
-114.01,51.12,CALGARY INTL A,3031092,12/30/2014,364,2014,30,0.4,-22.1,-10.9,28.9,0,0,0,0
-114.01,51.12,CALGARY INTL A,3031092,12/31/2014,365,2014,31,1.7,-7.3,-2.8,20.8,0,0,0,0
-114.01,51.12,CALGARY INTL A,3031092,1/1/2015,1,2015,1,1.1,-6.1,-2.5,20.5,0,0,0,0
-114.01,51.12,CALGARY INTL A,3031092,1/2/2015,2,2015,2,-3.4,-18.2,-10.8,28.8,0,0,5,4.2
-114.01,51.12,CALGARY INTL A,3031092,1/3/2015,3,2015,3,-18.1,-21.1,-19.6,37.6,0,0,1.6,0.6
-114.01,51.12,CALGARY INTL A,3031092,1/4/2015,4,2015,4,-18.4,-25.3,-21.9,39.9,0,0,2,1.8
-114.01,51.12,CALGARY INTL A,3031092,1/5/2015,5,2015,5,-13.2,-20.1,-16.7,34.7,0,0,0,0
-114.01,51.12,CALGARY INTL A,3031092,1/6/2015,6,2015,6,-13.5,-15.6,-14.6,32.6,0,0.6,11.2,11.4
-114.01,51.12,CALGARY INTL A,3031092,1/7/2015,7,2015,7,8.1,-15.2,-3.6,21.6,0,0,0.2,0.2
-114.01,51.12,CALGARY INTL A,3031092,1/8/2015,8,2015,8,-2.2,-19.4,-10.8,28.8,0,0,0.8,0.8
-114.01,51.12,CALGARY INTL A,3031092,1/9/2015,9,2015,9,-1.8,-23.8,-12.8,30.8,0,0,0,0
-114.01,51.12,CALGARY INTL A,3031092,1/10/2015,10,2015,10,-1.5,-12.2,-6.9,24.9,0,0,5.8,5.8
-114.01,51.12,CALGARY INTL A,3031092,1/11/2015,11,2015,11,-6.5,-19.2,-12.9,30.9,0,0,1.6,1.6
-114.01,51.12,CALGARY INTL A,3031092,1/12/2015,12,2015,12,-2.4,-20.8,-11.6,29.6,0,0,0,0
-114.01,51.12,CALGARY INTL A,3031092,1/13/2015,13,2015,13,3.8,-9.9,-3.1,21.1,0,0,0,0
-114.01,51.12,CALGARY INTL A,3031092,1/14/2015,14,2015,14,9.8,-0.5,4.7,13.3,0,0,0,0
-114.01,51.12,CALGARY INTL A,3031092,1/15/2015,15,2015,15,9.2,-1.7,3.8,14.2,0,0,0,0
-114.01,51.12,CALGARY INTL A,3031092,1/16/2015,16,2015,16,6.7,2.2,4.5,13.5,0,0,0,0
-114.01,51.12,CALGARY INTL A,3031092,1/17/2015,17,2015,17,7.6,-0.4,3.6,14.4,0,0,0,0
-114.01,51.12,CALGARY INTL A,3031092,1/18/2015,18,2015,18,6.9,-4.8,1.1,16.9,0,0.2,1.4,1.4
-114.01,51.12,CALGARY INTL A,3031092,1/19/2015,19,2015,19,5.9,1.6,3.8,14.2,0,0,0,0
-114.01,51.12,CALGARY INTL A,3031092,1/20/2015,20,2015,20,3.6,-4.1,-0.3,18.3,0,0,0,0
-114.01,51.12,CALGARY INTL A,3031092,1/21/2015,21,2015,21,8.9,-9.2,-0.2,18.2,0,0,0,0
-114.01,51.12,CALGARY INTL A,3031092,1/22/2015,22,2015,22,9.6,6.1,7.9,10.1,0,0,0,0
-114.01,51.12,CALGARY INTL A,3031092,1/23/2015,23,2015,23,11.8,2.7,7.3,10.7,0,0,0,0
-114.01,51.12,CALGARY INTL A,3031092,1/24/2015,24,2015,24,11,2.1,6.6,11.4,0,0,0,0
-114.01,51.12,CALGARY INTL A,3031092,1/25/2015,25,2015,25,17.2,0.6,8.9,9.1,0,0,0,0
-114.01,51.12,CALGARY INTL A,3031092,1/26/2015,26,2015,26,12.3,1,6.7,11.3,0,0,0,0
-114.01,51.12,CALGARY INTL A,3031092,1/27/2015,27,2015,27,14.4,-0.7,6.9,11.1,0,0,0,0
-114.01,51.12,CALGARY INTL A,3031092,1/28/2015,28,2015,28,5.6,-2.3,1.7,16.3,0,0,0,0
-114.01,51.12,CALGARY INTL A,3031092,1/29/2015,29,2015,29,7.8,-5.4,1.2,16.8,0,0,0,0
-114.01,51.12,CALGARY INTL A,3031092,1/30/2015,30,2015,30,4,-6.4,-1.2,19.2,0,0,0,0
-114.01,51.12,CALGARY INTL A,3031092,1/31/2015,31,2015,31,-5.5,-17.3,-11.4,29.4,0,0,5,5
-114.01,51.12,CALGARY INTL A,3031092,2/1/2015,32,2015,1,-6.5,-17.8,-12.2,30.2,0,0,0,0
-114.01,51.12,CALGARY INTL A,3031092,2/2/2015,33,2015,2,-12.7,-15.3,-14,32,0,0,1.6,1.6
-114.01,51.12,CALGARY INTL A,3031092,2/3/2015,34,2015,3,-11.3,-19.8,-15.6,33.6,0,0,0.3,0.3
-114.01,51.12,CALGARY INTL A,3031092,2/4/2015,35,2015,4,5.5,-16.8,-5.7,23.7,0,0,0,0
-114.01,51.12,CALGARY INTL A,3031092,2/5/2015,36,2015,5,0.3,-14.5,-7.1,25.1,0,0,1.8,0.8
-114.01,51.12,CALGARY INTL A,3031092,2/6/2015,37,2015,6,-12.1,-15.1,-13.6,31.6,0,0,1.4,0.5
-114.01,51.12,CALGARY INTL A,3031092,2/7/2015,38,2015,7,9.6,-15.3,-2.9,20.9,0,0,0,0
-114.01,51.12,CALGARY INTL A,3031092,2/8/2015,39,2015,8,4.1,-15.1,-5.5,23.5,0,0,0,0
-114.01,51.12,CALGARY INTL A,3031092,2/9/2015,40,2015,9,-10.5,-15.4,-13,31,0,0,0,0
-114.01,51.12,CALGARY INTL A,3031092,2/10/2015,41,2015,10,-6.9,-12.7,-9.8,27.8,0,0,0.4,0.4
-114.01,51.12,CALGARY INTL A,3031092,2/11/2015,42,2015,11,-7.1,-11.1,-9.1,27.1,0,0,0.4,0.2
-114.01,51.12,CALGARY INTL A,3031092,2/12/2015,43,2015,12,12.7,-7.1,2.8,15.2,0,0,0,0
-114.01,51.12,CALGARY INTL A,3031092,2/13/2015,44,2015,13,14.9,-0.1,7.4,10.6,0,0,0,0
-114.01,51.12,CALGARY INTL A,3031092,2/14/2015,45,2015,14,7.4,-2.2,2.6,15.4,0,0,0.8,0.8
-114.01,51.12,CALGARY INTL A,3031092,2/15/2015,46,2015,15,5.2,-2.3,1.5,16.5,0,0,0,0
-114.01,51.12,CALGARY INTL A,3031092,2/16/2015,47,2015,16,2.4,-4.9,-1.3,19.3,0,0,0,0
-114.01,51.12,CALGARY INTL A,3031092,2/17/2015,48,2015,17,0.6,-7.6,-3.5,21.5,0,0,0,0
-114.01,51.12,CALGARY INTL A,3031092,2/18/2015,49,2015,18,7.7,-1.8,3,15,0,0,0,0
-114.01,51.12,CALGARY INTL A,3031092,2/19/2015,50,2015,19,11.3,-1.5,4.9,13.1,0,0,0,0
-114.01,51.12,CALGARY INTL A,3031092,2/20/2015,51,2015,20,3.7,-5,-0.7,18.7,0,0,0,0
-114.01,51.12,CALGARY INTL A,3031092,2/21/2015,52,2015,21,-4.3,-12.4,-8.4,26.4,0,0,3.8,2.4
-114.01,51.12,CALGARY INTL A,3031092,2/22/2015,53,2015,22,3,-13.4,-5.2,23.2,0,0,0,0
-114.01,51.12,CALGARY INTL A,3031092,2/23/2015,54,2015,23,12.6,-2.7,5,13,0,0,0,0
-114.01,51.12,CALGARY INTL A,3031092,2/24/2015,55,2015,24,12,0.4,6.2,11.8,0,0,0.2,0.2
-114.01,51.12,CALGARY INTL A,3031092,2/25/2015,56,2015,25,1,-12.7,-5.9,23.9,0,0,2.4,0.6
-114.01,51.12,CALGARY INTL A,3031092,2/26/2015,57,2015,26,-8.6,-14.8,-11.7,29.7,0,0,0.6,0.2
-114.01,51.12,CALGARY INTL A,3031092,2/27/2015,58,2015,27,-7.3,-11.7,-9.5,27.5,0,0,0,0
-114.01,51.12,CALGARY INTL A,3031092,2/28/2015,59,2015,28,-1.8,-14.7,-8.3,26.3,0,0,0,0
-114.01,51.12,CALGARY INTL A,3031092,3/1/2015,60,2015,1,0.5,-13.2,-6.4,24.4,0,0,0,0
-114.01,51.12,CALGARY INTL A,3031092,3/2/2015,61,2015,2,0.7,-14.2,-6.8,24.8,0,0,0.3,0.3
-114.01,51.12,CALGARY INTL A,3031092,3/3/2015,62,2015,3,-7.8,-17.5,-12.7,30.7,0,0,0,0
-114.01,51.12,CALGARY INTL A,3031092,3/4/2015,63,2015,4,2,-17,-7.5,25.5,0,0,0,0
-114.01,51.12,CALGARY INTL A,3031092,3/5/2015,64,2015,5,10.9,-6.2,2.4,15.6,0,0,0,0
-114.01,51.12,CALGARY INTL A,3031092,3/6/2015,65,2015,6,13.2,-1.7,5.8,12.2,0,0,0,0
-114.01,51.12,CALGARY INTL A,3031092,3/7/2015,66,2015,7,7.3,-6.9,0.2,17.8,0,0,0,0
-114.01,51.12,CALGARY INTL A,3031092,3/8/2015,67,2015,8,14.5,-4.5,5,13,0,0,0,0
-114.01,51.12,CALGARY INTL A,3031092,3/9/2015,68,2015,9,16.6,1.2,8.9,9.1,0,0,0,0
-114.01,51.12,CALGARY INTL A,3031092,3/10/2015,69,2015,10,11.9,-1.9,5,13,0,0,0,0
-114.01,51.12,CALGARY INTL A,3031092,3/11/2015,70,2015,11,16.4,-0.2,8.1,9.9,0,0,0,0
-114.01,51.12,CALGARY INTL A,3031092,3/12/2015,71,2015,12,15.5,1.4,8.5,9.5,0,0,0,0
-114.01,51.12,CALGARY INTL A,3031092,3/13/2015,72,2015,13,18.1,3.7,10.9,7.1,0,0,0,0
-114.01,51.12,CALGARY INTL A,3031092,3/14/2015,73,2015,14,16.1,6.5,11.3,6.7,0,0,0,0
-114.01,51.12,CALGARY INTL A,3031092,3/15/2015,74,2015,15,10.2,-2.7,3.8,14.2,0,0,2.4,2.4
-114.01,51.12,CALGARY INTL A,3031092,3/16/2015,75,2015,16,1.5,-4.6,-1.6,19.6,0,1,2.7,2.5
-114.01,51.12,CALGARY INTL A,3031092,3/17/2015,76,2015,17,2.2,-6.8,-2.3,20.3,0,0,0,0
-114.01,51.12,CALGARY INTL A,3031092,3/18/2015,77,2015,18,11.1,-2.5,4.3,13.7,0,0,0,0
-114.01,51.12,CALGARY INTL A,3031092,3/19/2015,78,2015,19,14.7,-1.8,6.5,11.5,0,0,0,0
-114.01,51.12,CALGARY INTL A,3031092,3/20/2015,79,2015,20,1.6,-3,-0.7,18.7,0,0,0,0
-114.01,51.12,CALGARY INTL A,3031092,3/21/2015,80,2015,21,0.4,-3.2,-1.4,19.4,0,0.2,0,0.2
-114.01,51.12,CALGARY INTL A,3031092,3/22/2015,81,2015,22,4.2,-5.3,-0.6,18.6,0,0,0,0
-114.01,51.12,CALGARY INTL A,3031092,3/23/2015,82,2015,23,-2.1,-6.1,-4.1,22.1,0,0,0.8,0.8
-114.01,51.12,CALGARY INTL A,3031092,3/24/2015,83,2015,24,1.6,-4,-1.2,19.2,0,0,0,0
-114.01,51.12,CALGARY INTL A,3031092,3/25/2015,84,2015,25,11.5,-6.2,2.7,15.3,0,0,0,0
-114.01,51.12,CALGARY INTL A,3031092,3/26/2015,85,2015,26,18.3,-0.7,8.8,9.2,0,0,0,0
-114.01,51.12,CALGARY INTL A,3031092,3/27/2015,86,2015,27,21.7,5.3,13.5,4.5,0,0,0,0
-114.01,51.12,CALGARY INTL A,3031092,3/28/2015,87,2015,28,10.5,0.8,5.7,12.3,0,0.6,0,0.6
-114.01,51.12,CALGARY INTL A,3031092,3/29/2015,88,2015,29,16.6,-1.1,7.8,10.2,0,0,0,0
-114.01,51.12,CALGARY INTL A,3031092,3/30/2015,89,2015,30,17.6,-0.7,8.5,9.5,0,0,0,0
-114.01,51.12,CALGARY INTL A,3031092,3/31/2015,90,2015,31,17.9,0.7,9.3,8.7,0,0,0,0
-114.01,51.12,CALGARY INTL A,3031092,4/1/2015,91,2015,1,8.9,-0.8,4.1,13.9,0,0,0,0
-114.01,51.12,CALGARY INTL A,3031092,4/2/2015,92,2015,2,11.2,-4,3.6,14.4,0,0,0.5,0.5
-114.01,51.12,CALGARY INTL A,3031092,4/3/2015,93,2015,3,13.5,-7.5,3,15,0,0,0,0
-114.01,51.12,CALGARY INTL A,3031092,4/4/2015,94,2015,4,5,-6.9,-1,19,0,0,0,0
-114.01,51.12,CALGARY INTL A,3031092,4/5/2015,95,2015,5,0.8,-5,-2.1,20.1,0,0,1.8,1.8
-114.01,51.12,CALGARY INTL A,3031092,4/6/2015,96,2015,6,-0.7,-5.1,-2.9,20.9,0,1,1.5,2.5
-114.01,51.12,CALGARY INTL A,3031092,4/7/2015,97,2015,7,11.8,-8.6,1.6,16.4,0,0,0,0
-114.01,51.12,CALGARY INTL A,3031092,4/8/2015,98,2015,8,14.7,-7.1,3.8,14.2,0,0,0,0
-114.01,51.12,CALGARY INTL A,3031092,4/9/2015,99,2015,9,18.4,-2.7,7.9,10.1,0,0,0,0
-114.01,51.12,CALGARY INTL A,3031092,4/10/2015,100,2015,10,17.4,-2.5,7.5,10.5,0,0,0,0
-114.01,51.12,CALGARY INTL A,3031092,4/11/2015,101,2015,11,14.4,0.2,7.3,10.7,0,0,0,0
-114.01,51.12,CALGARY INTL A,3031092,4/12/2015,102,2015,12,8.1,-3.6,2.3,15.7,0,0,0,0
-114.01,51.12,CALGARY INTL A,3031092,4/13/2015,103,2015,13,17.5,-6.9,5.3,12.7,0,0,0,0
-114.01,51.12,CALGARY INTL A,3031092,4/14/2015,104,2015,14,13.5,-1.7,5.9,12.1,0,0,1.6,1.6
-114.01,51.12,CALGARY INTL A,3031092,4/15/2015,105,2015,15,14.9,-2.7,6.1,11.9,0,0,0,0
-114.01,51.12,CALGARY INTL A,3031092,4/16/2015,106,2015,16,18.3,2.4,10.4,7.6,0,0,0,0
-114.01,51.12,CALGARY INTL A,3031092,4/17/2015,107,2015,17,20.8,0.6,10.7,7.3,0,0,0,0
-114.01,51.12,CALGARY INTL A,3031092,4/18/2015,108,2015,18,12.1,0.4,6.3,11.7,0,2,0,2
-114.01,51.12,CALGARY INTL A,3031092,4/19/2015,109,2015,19,16.1,-5.8,5.2,12.8,0,0,0,0
-114.01,51.12,CALGARY INTL A,3031092,4/20/2015,110,2015,20,20.5,-1.4,9.6,8.4,0,0,0,0
-114.01,51.12,CALGARY INTL A,3031092,4/21/2015,111,2015,21,21.9,7.5,14.7,3.3,0,0,0,0
-114.01,51.12,CALGARY INTL A,3031092,4/22/2015,112,2015,22,22.5,3.6,13.1,4.9,0,0,0,0
-114.01,51.12,CALGARY INTL A,3031092,4/23/2015,113,2015,23,14.6,-1.6,6.5,11.5,0,0,0,0
-114.01,51.12,CALGARY INTL A,3031092,4/24/2015,114,2015,24,13.1,0.7,6.9,11.1,0,0.6,0,0.6
-114.01,51.12,CALGARY INTL A,3031092,4/25/2015,115,2015,25,4.9,-1.6,1.7,16.3,0,0,0,0
-114.01,51.12,CALGARY INTL A,3031092,4/26/2015,116,2015,26,13.4,-5.6,3.9,14.1,0,0,0,0
-114.01,51.12,CALGARY INTL A,3031092,4/27/2015,117,2015,27,20.7,-0.7,10,8,0,0,0,0
-114.01,51.12,CALGARY INTL A,3031092,4/28/2015,118,2015,28,27.9,3.1,15.5,2.5,0,0,0,0
-114.01,51.12,CALGARY INTL A,3031092,4/29/2015,119,2015,29,18.4,3.4,10.9,7.1,0,2.2,0,2.2
-114.01,51.12,CALGARY INTL A,3031092,4/30/2015,120,2015,30,15.8,-1.2,7.3,10.7,0,0,0,0
-114.01,51.12,CALGARY INTL A,3031092,5/1/2015,121,2015,1,17.9,2.4,10.2,7.8,0,0,0,0
-114.01,51.12,CALGARY INTL A,3031092,5/2/2015,122,2015,2,11.8,0.5,6.2,11.8,0,0,0,0
-114.01,51.12,CALGARY INTL A,3031092,5/3/2015,123,2015,3,15.1,-1.4,6.9,11.1,0,0,0,0
-114.01,51.12,CALGARY INTL A,3031092,5/4/2015,124,2015,4,21.5,0.1,10.8,7.2,0,0,0,0
-114.01,51.12,CALGARY INTL A,3031092,5/5/2015,125,2015,5,19.8,3,11.4,6.6,0,1.6,0,1.6
-114.01,51.12,CALGARY INTL A,3031092,5/6/2015,126,2015,6,10.6,0.6,5.6,12.4,0,0,0,0
-114.01,51.12,CALGARY INTL A,3031092,5/7/2015,127,2015,7,15.7,-3.2,6.3,11.7,0,2,0.2,2.2
-114.01,51.12,CALGARY INTL A,3031092,5/8/2015,128,2015,8,14.9,1,8,10,0,0,1.4,1.4
-114.01,51.12,CALGARY INTL A,3031092,5/9/2015,129,2015,9,18.7,-0.6,9.1,8.9,0,0,0,0
-114.01,51.12,CALGARY INTL A,3031092,5/10/2015,130,2015,10,20.5,-1,9.8,8.2,0,0,0,0
-114.01,51.12,CALGARY INTL A,3031092,5/11/2015,131,2015,11,16,0.2,8.1,9.9,0,0,2.3,2.3
-114.01,51.12,CALGARY INTL A,3031092,5/12/2015,132,2015,12,14.3,-3.5,5.4,12.6,0,0,0,0
-114.01,51.12,CALGARY INTL A,3031092,5/13/2015,133,2015,13,14.4,-1.8,6.3,11.7,0,0,0,0
-114.01,51.12,CALGARY INTL A,3031092,5/14/2015,134,2015,14,8.1,5.4,6.8,11.2,0,2.5,0,2.5
-114.01,51.12,CALGARY INTL A,3031092,5/15/2015,135,2015,15,12.8,6.6,9.7,8.3,0,1,0,1
-114.01,51.12,CALGARY INTL A,3031092,5/16/2015,136,2015,16,9.6,0.9,5.3,12.7,0,19.1,1.6,20.7
-114.01,51.12,CALGARY INTL A,3031092,5/17/2015,137,2015,17,10,0.5,5.3,12.7,0,0.2,0,0.2
-114.01,51.12,CALGARY INTL A,3031092,5/18/2015,138,2015,18,14.5,1.9,8.2,9.8,0,0,0,0
-114.01,51.12,CALGARY INTL A,3031092,5/19/2015,139,2015,19,16.7,1.8,9.3,8.7,0,0,0,0
-114.01,51.12,CALGARY INTL A,3031092,5/20/2015,140,2015,20,19.3,3.1,11.2,6.8,0,0.979310345,0,1.168965517
-114.01,51.12,CALGARY INTL A,3031092,5/21/2015,141,2015,21,21.4,4.5,13,5,0,0,0,0
-114.01,51.12,CALGARY INTL A,3031092,5/22/2015,142,2015,22,23.1,3,13.1,4.9,0,0,0,0
-114.01,51.12,CALGARY INTL A,3031092,5/23/2015,143,2015,23,23.8,3.8,13.8,4.2,0,0,0,0
-114.01,51.12,CALGARY INTL A,3031092,5/24/2015,144,2015,24,22.4,5.8,14.1,3.9,0,0,0,0
-114.01,51.12,CALGARY INTL A,3031092,5/25/2015,145,2015,25,22.8,7.3,15.1,2.9,0,0,0,0
-114.01,51.12,CALGARY INTL A,3031092,5/26/2015,146,2015,26,21,11.3,16.2,1.8,0,0,0,0
-114.01,51.12,CALGARY INTL A,3031092,5/27/2015,147,2015,27,22.2,11.2,16.7,1.3,0,0,0,0
-114.01,51.12,CALGARY INTL A,3031092,5/28/2015,148,2015,28,15,8.4,11.7,6.3,0,0,0,0
-114.01,51.12,CALGARY INTL A,3031092,5/29/2015,149,2015,29,14.5,6.5,10.5,7.5,0,2,0,2
-114.01,51.12,CALGARY INTL A,3031092,5/30/2015,150,2015,30,17.4,5.5,11.5,6.5,0,0.979310345,0,1.168965517
-114.01,51.12,CALGARY INTL A,3031092,5/31/2015,151,2015,31,25.8,7.7,16.8,1.2,0,0,0,0
-114.01,51.12,CALGARY INTL A,3031092,6/1/2015,152,2015,1,23.3,7.9,15.6,2.4,0,1.4,0,1.4
-114.01,51.12,CALGARY INTL A,3031092,6/2/2015,153,2015,2,14.1,8.8,11.5,6.5,0,1.7,0,1.7
-114.01,51.12,CALGARY INTL A,3031092,6/3/2015,154,2015,3,14,8.4,11.2,6.8,0,14.7,0,14.7
-114.01,51.12,CALGARY INTL A,3031092,6/4/2015,155,2015,4,20.8,7,13.9,4.1,0,6.2,0,6.2
-114.01,51.12,CALGARY INTL A,3031092,6/5/2015,156,2015,5,21.7,6.3,14,4,0,0,0,0
-114.01,51.12,CALGARY INTL A,3031092,6/6/2015,157,2015,6,24.9,10.3,17.6,0.4,0,0,0,0
-114.01,51.12,CALGARY INTL A,3031092,6/7/2015,158,2015,7,26.2,12.1,19.2,0,1.2,0,0,0
-114.01,51.12,CALGARY INTL A,3031092,6/8/2015,159,2015,8,31.9,11.3,21.6,0,3.6,0,0,0
-114.01,51.12,CALGARY INTL A,3031092,6/9/2015,160,2015,9,23.6,11.6,17.6,0.4,0,0,0,0
-114.01,51.12,CALGARY INTL A,3031092,6/10/2015,161,2015,10,24.1,11.9,18,0,0,0,0,0
-114.01,51.12,CALGARY INTL A,3031092,6/11/2015,162,2015,11,29.1,9.7,19.4,0,1.4,0,0,0
-114.01,51.12,CALGARY INTL A,3031092,6/12/2015,163,2015,12,13.4,4.5,9,9,0,6,0,6
-114.01,51.12,CALGARY INTL A,3031092,6/13/2015,164,2015,13,14.8,4.2,9.5,8.5,0,4.4,0,4.4
-114.01,51.12,CALGARY INTL A,3031092,6/14/2015,165,2015,14,14.8,6.8,10.8,7.2,0,0.2,0,0.2
-114.01,51.12,CALGARY INTL A,3031092,6/15/2015,166,2015,15,17.9,5.2,11.6,6.4,0,0,0,0
-114.01,51.12,CALGARY INTL A,3031092,6/16/2015,167,2015,16,23.6,6.7,15.2,2.8,0,3.6,0,3.6
-114.01,51.12,CALGARY INTL A,3031092,6/17/2015,168,2015,17,12.4,9.3,10.9,7.1,0,6,0,6
-114.01,51.12,CALGARY INTL A,3031092,6/18/2015,169,2015,18,20.3,9.3,14.8,3.2,0,0.3,0,0.3
-114.01,51.12,CALGARY INTL A,3031092,6/19/2015,170,2015,19,23,9.5,16.3,1.7,0,1.2,0,1.2
-114.01,51.12,CALGARY INTL A,3031092,6/20/2015,171,2015,20,20.3,4.8,12.6,5.4,0,3.6,0,3.6
-114.01,51.12,CALGARY INTL A,3031092,6/21/2015,172,2015,21,18,8,13,5,0,6.2,0,6.2
-114.01,51.12,CALGARY INTL A,3031092,6/22/2015,173,2015,22,22.9,5.2,14.1,3.9,0,0,0,0
-114.01,51.12,CALGARY INTL A,3031092,6/23/2015,174,2015,23,21.2,10.4,15.8,2.2,0,0,0,0
-114.01,51.12,CALGARY INTL A,3031092,6/24/2015,175,2015,24,24.3,8.5,16.4,1.6,0,0,0,0
-114.01,51.12,CALGARY INTL A,3031092,6/25/2015,176,2015,25,27.6,12.9,20.3,0,2.3,0,0,0
-114.01,51.12,CALGARY INTL A,3031092,6/26/2015,177,2015,26,28.7,15.3,22,0,4,0,0,0
-114.01,51.12,CALGARY INTL A,3031092,6/27/2015,178,2015,27,30.8,13.2,22,0,4,0,0,0
-114.01,51.12,CALGARY INTL A,3031092,6/28/2015,179,2015,28,30.8,14.8,22.8,0,4.8,0,0,0
-114.01,51.12,CALGARY INTL A,3031092,6/29/2015,180,2015,29,22.9,17.3,20.1,0,2.1,0,0,0
-114.01,51.12,CALGARY INTL A,3031092,6/30/2015,181,2015,30,24.6,14.1,19.4,0,1.4,2.6,0,2.6
-114.01,51.12,CALGARY INTL A,3031092,7/1/2015,182,2015,1,23.8,13,18.4,0,0.4,17,0,17
-114.01,51.12,CALGARY INTL A,3031092,7/2/2015,183,2015,2,27,11.9,19.5,0,1.5,0,0,0
-114.01,51.12,CALGARY INTL A,3031092,7/3/2015,184,2015,3,29.6,14.5,22.1,0,4.1,0,0,0
-114.01,51.12,CALGARY INTL A,3031092,7/4/2015,185,2015,4,23.6,12.2,17.9,0.1,0,9.5,0,9.5
-114.01,51.12,CALGARY INTL A,3031092,7/5/2015,186,2015,5,17.9,9.6,13.8,4.2,0,0.3,0,0.3
-114.01,51.12,CALGARY INTL A,3031092,7/6/2015,187,2015,6,23.3,7.4,15.4,2.6,0,2.2,0,2.2
-114.01,51.12,CALGARY INTL A,3031092,7/7/2015,188,2015,7,18.5,11.9,15.2,2.8,0,0.4,0,0.4
-114.01,51.12,CALGARY INTL A,3031092,7/8/2015,189,2015,8,29.7,9.9,19.8,0,1.8,0,0,0
-114.01,51.12,CALGARY INTL A,3031092,7/9/2015,190,2015,9,31.7,16,23.9,0,5.9,0,0,0
-114.01,51.12,CALGARY INTL A,3031092,7/10/2015,191,2015,10,30.2,14.8,22.5,0,4.5,0,0,0
-114.01,51.12,CALGARY INTL A,3031092,7/11/2015,192,2015,11,28.9,15.2,22.1,0,4.1,0,0,0
-114.01,51.12,CALGARY INTL A,3031092,7/12/2015,193,2015,12,26.8,16,21.4,0,3.4,6.2,0,6.2
-114.01,51.12,CALGARY INTL A,3031092,7/13/2015,194,2015,13,22.6,14.3,18.5,0,0.5,0.2,0,0.2
-114.01,51.12,CALGARY INTL A,3031092,7/14/2015,195,2015,14,22.8,11,16.9,1.1,0,0.2,0,0.2
-114.01,51.12,CALGARY INTL A,3031092,7/15/2015,196,2015,15,26.6,10.6,18.6,0,0.6,0,0,0
-114.01,51.12,CALGARY INTL A,3031092,7/16/2015,197,2015,16,20.5,8.3,14.4,3.6,0,5.6,0,5.6
-114.01,51.12,CALGARY INTL A,3031092,7/17/2015,198,2015,17,18.6,8.8,13.7,4.3,0,11.1,0,11.1
-114.01,51.12,CALGARY INTL A,3031092,7/18/2015,199,2015,18,28.6,9.3,19,0,1,0,0,0
-114.01,51.12,CALGARY INTL A,3031092,7/19/2015,200,2015,19,27.1,15.3,21.2,0,3.2,0,0,0
-114.01,51.12,CALGARY INTL A,3031092,7/20/2015,201,2015,20,28.5,13.4,21,0,3,0,0,0
-114.01,51.12,CALGARY INTL A,3031092,7/21/2015,202,2015,21,27.8,13,20.4,0,2.4,0,0,0
-114.01,51.12,CALGARY INTL A,3031092,7/22/2015,203,2015,22,23.6,12.4,18,0,0,0.2,0,0.2
-114.01,51.12,CALGARY INTL A,3031092,7/23/2015,204,2015,23,23.5,9.6,16.6,1.4,0,0.4,0,0.4
-114.01,51.12,CALGARY INTL A,3031092,7/24/2015,205,2015,24,28.4,8.9,18.7,0,0.7,0,0,0
-114.01,51.12,CALGARY INTL A,3031092,7/25/2015,206,2015,25,24.2,12.4,18.3,0,0.3,0.2,0,0.2
-114.01,51.12,CALGARY INTL A,3031092,7/26/2015,207,2015,26,21.9,9.2,15.6,2.4,0,0.4,0,0.4
-114.01,51.12,CALGARY INTL A,3031092,7/27/2015,208,2015,27,18.3,6.5,12.4,5.6,0,2,0,2
-114.01,51.12,CALGARY INTL A,3031092,7/28/2015,209,2015,28,23.6,8.5,16.1,1.9,0,0.2,0,0.2
-114.01,51.12,CALGARY INTL A,3031092,7/29/2015,210,2015,29,24.1,9.9,17,1,0,0.2,0,0.2
-114.01,51.12,CALGARY INTL A,3031092,7/30/2015,211,2015,30,26.8,7.8,17.3,0.7,0,0,0,0
-114.01,51.12,CALGARY INTL A,3031092,7/31/2015,212,2015,31,31.5,9.6,20.6,0,2.6,0,0,0
-114.01,51.12,CALGARY INTL A,3031092,8/1/2015,213,2015,1,26.7,11.8,19.3,0,1.3,0,0,0
-114.01,51.12,CALGARY INTL A,3031092,8/2/2015,214,2015,2,27.9,14.7,21.3,0,3.3,0,0,0
-114.01,51.12,CALGARY INTL A,3031092,8/3/2015,215,2015,3,30.7,13.8,22.3,0,4.3,0,0,0
-114.01,51.12,CALGARY INTL A,3031092,8/4/2015,216,2015,4,24,11.8,17.9,0.1,0,20.8,0,20.8
-114.01,51.12,CALGARY INTL A,3031092,8/5/2015,217,2015,5,20.8,11.9,16.4,1.6,0,26.2,0,26.2
-114.01,51.12,CALGARY INTL A,3031092,8/6/2015,218,2015,6,16.8,9.6,13.2,4.8,0,14.3,0,14.3
-114.01,51.12,CALGARY INTL A,3031092,8/7/2015,219,2015,7,22.6,9.7,16.2,1.8,0,0,0,0
-114.01,51.12,CALGARY INTL A,3031092,8/8/2015,220,2015,8,25.8,8.6,17.2,0.8,0,0,0,0
-114.01,51.12,CALGARY INTL A,3031092,8/9/2015,221,2015,9,28.6,10.8,19.7,0,1.7,0,0,0
-114.01,51.12,CALGARY INTL A,3031092,8/10/2015,222,2015,10,28.1,11.2,19.7,0,1.7,0,0,0
-114.01,51.12,CALGARY INTL A,3031092,8/11/2015,223,2015,11,29,14.2,21.6,0,3.6,0,0,0
-114.01,51.12,CALGARY INTL A,3031092,8/12/2015,224,2015,12,30.9,12.5,21.7,0,3.7,0,0,0
-114.01,51.12,CALGARY INTL A,3031092,8/13/2015,225,2015,13,33.6,12.7,23.2,0,5.2,0,0,0
-114.01,51.12,CALGARY INTL A,3031092,8/14/2015,226,2015,14,22.8,13.2,18,0,0,2.6,0,2.6
-114.01,51.12,CALGARY INTL A,3031092,8/15/2015,227,2015,15,13.3,9.7,11.5,6.5,0,21,0,21
-114.01,51.12,CALGARY INTL A,3031092,8/16/2015,228,2015,16,17.1,7.9,12.5,5.5,0,0,0,0
-114.01,51.12,CALGARY INTL A,3031092,8/17/2015,229,2015,17,21.1,5.9,13.5,4.5,0,4.2,0,4.2
-114.01,51.12,CALGARY INTL A,3031092,8/18/2015,230,2015,18,19.1,10,14.6,3.4,0,1.2,0,1.2
-114.01,51.12,CALGARY INTL A,3031092,8/19/2015,231,2015,19,27.7,8,17.9,0.1,0,0,0,0
-114.01,51.12,CALGARY INTL A,3031092,8/20/2015,232,2015,20,20.2,10.8,15.5,2.5,0,1.8,0,1.8
-114.01,51.12,CALGARY INTL A,3031092,8/21/2015,233,2015,21,11.8,2.9,7.4,10.6,0,36.9,0,36.9
-114.01,51.12,CALGARY INTL A,3031092,8/22/2015,234,2015,22,16.5,4,10.3,7.7,0,0,0,0
-114.01,51.12,CALGARY INTL A,3031092,8/23/2015,235,2015,23,23.6,4.5,14.1,3.9,0,0,0,0
-114.01,51.12,CALGARY INTL A,3031092,8/24/2015,236,2015,24,23.4,11.4,17.4,0.6,0,0,0,0
-114.01,51.12,CALGARY INTL A,3031092,8/25/2015,237,2015,25,26.1,10.6,18.4,0,0.4,0,0,0
-114.01,51.12,CALGARY INTL A,3031092,8/26/2015,238,2015,26,21,11.6,16.3,1.7,0,0,0,0
-114.01,51.12,CALGARY INTL A,3031092,8/27/2015,239,2015,27,23.9,10.8,17.4,0.6,0,0,0,0
-114.01,51.12,CALGARY INTL A,3031092,8/28/2015,240,2015,28,25.9,12.3,19.1,0,1.1,0,0,0
-114.01,51.12,CALGARY INTL A,3031092,8/29/2015,241,2015,29,27.8,12.7,20.3,0,2.3,0,0,0
-114.01,51.12,CALGARY INTL A,3031092,8/30/2015,242,2015,30,22.8,7.9,15.4,2.6,0,0,0,0
-114.01,51.12,CALGARY INTL A,3031092,8/31/2015,243,2015,31,21.4,9.5,15.5,2.5,0,0,0,0
-114.01,51.12,CALGARY INTL A,3031092,9/1/2015,244,2015,1,22.9,6.4,14.7,3.3,0,0,0,0
-114.01,51.12,CALGARY INTL A,3031092,9/2/2015,245,2015,2,22,8.9,15.5,2.5,0,0,0,0
-114.01,51.12,CALGARY INTL A,3031092,9/3/2015,246,2015,3,14.3,4.1,9.2,8.8,0,2.2,0,2.2
-114.01,51.12,CALGARY INTL A,3031092,9/4/2015,247,2015,4,8.2,3.2,5.7,12.3,0,5.4,0,5.4
-114.01,51.12,CALGARY INTL A,3031092,9/5/2015,248,2015,5,6.4,1,3.7,14.3,0,30,0,30
-114.01,51.12,CALGARY INTL A,3031092,9/6/2015,249,2015,6,9.2,0.8,5,13,0,3.8,0,3.8
-114.01,51.12,CALGARY INTL A,3031092,9/7/2015,250,2015,7,14.1,5.8,10,8,0,1.8,0,1.8
-114.01,51.12,CALGARY INTL A,3031092,9/8/2015,251,2015,8,17.9,3.7,10.8,7.2,0,0,0,0
-114.01,51.12,CALGARY INTL A,3031092,9/9/2015,252,2015,9,19.1,7.5,13.3,4.7,0,0,0,0
-114.01,51.12,CALGARY INTL A,3031092,9/10/2015,253,2015,10,20.3,3.9,12.1,5.9,0,0,0,0
-114.01,51.12,CALGARY INTL A,3031092,9/11/2015,254,2015,11,26.1,7.5,16.8,1.2,0,0,0,0
-114.01,51.12,CALGARY INTL A,3031092,9/12/2015,255,2015,12,28.6,9.7,19.2,0,1.2,0,0,0
-114.01,51.12,CALGARY INTL A,3031092,9/13/2015,256,2015,13,12.8,7.5,10.2,7.8,0,3.4,0,3.4
-114.01,51.12,CALGARY INTL A,3031092,9/14/2015,257,2015,14,7.5,4.3,5.9,12.1,0,12.2,0,12.2
-114.01,51.12,CALGARY INTL A,3031092,9/15/2015,258,2015,15,12,5.1,8.6,9.4,0,1.8,0,1.8
-114.01,51.12,CALGARY INTL A,3031092,9/16/2015,259,2015,16,11.8,2.2,7,11,0,1.8,0,1.8
-114.01,51.12,CALGARY INTL A,3031092,9/17/2015,260,2015,17,16,0.3,8.2,9.8,0,0,0,0
-114.01,51.12,CALGARY INTL A,3031092,9/18/2015,261,2015,18,18.6,4.1,11.4,6.6,0,0,0,0
-114.01,51.12,CALGARY INTL A,3031092,9/19/2015,262,2015,19,21.6,6,13.8,4.2,0,0,0,0
-114.01,51.12,CALGARY INTL A,3031092,9/20/2015,263,2015,20,19.9,6.4,13.2,4.8,0,2.2,0,2.2
-114.01,51.12,CALGARY INTL A,3031092,9/21/2015,264,2015,21,11.1,-0.5,5.3,12.7,0,1.8,0,1.8
-114.01,51.12,CALGARY INTL A,3031092,9/22/2015,265,2015,22,16.5,5.6,11.1,6.9,0,0,0,0
-114.01,51.12,CALGARY INTL A,3031092,9/23/2015,266,2015,23,20.1,1.7,10.9,7.1,0,0,0,0
-114.01,51.12,CALGARY INTL A,3031092,9/24/2015,267,2015,24,21.2,4.6,12.9,5.1,0,0,0,0
-114.01,51.12,CALGARY INTL A,3031092,9/25/2015,268,2015,25,22.2,5.8,14,4,0,0,0,0
-114.01,51.12,CALGARY INTL A,3031092,9/26/2015,269,2015,26,14.7,6.4,10.6,7.4,0,0.6,0,0.6
-114.01,51.12,CALGARY INTL A,3031092,9/27/2015,270,2015,27,15.9,2.9,9.4,8.6,0,0,0,0
-114.01,51.12,CALGARY INTL A,3031092,9/28/2015,271,2015,28,15.4,0.7,8.1,9.9,0,0,0,0
-114.01,51.12,CALGARY INTL A,3031092,9/29/2015,272,2015,29,19.1,2.1,10.6,7.4,0,0,0,0
-114.01,51.12,CALGARY INTL A,3031092,9/30/2015,273,2015,30,20.7,4.3,12.5,5.5,0,0,0,0
-114.01,51.12,CALGARY INTL A,3031092,10/1/2015,274,2015,1,21.7,3.6,12.7,5.3,0,0,0,0
-114.01,51.12,CALGARY INTL A,3031092,10/2/2015,275,2015,2,20.3,2.4,11.4,6.6,0,0.2,0,0.2
-114.01,51.12,CALGARY INTL A,3031092,10/3/2015,276,2015,3,3,0.5,1.8,16.2,0,2.4,3,5.4
-114.01,51.12,CALGARY INTL A,3031092,10/4/2015,277,2015,4,4.6,0.6,2.6,15.4,0,0,0,0
-114.01,51.12,CALGARY INTL A,3031092,10/5/2015,278,2015,5,12.9,0.3,6.6,11.4,0,0,0,0
-114.01,51.12,CALGARY INTL A,3031092,10/6/2015,279,2015,6,16.3,1,8.7,9.3,0,0,0,0
-114.01,51.12,CALGARY INTL A,3031092,10/7/2015,280,2015,7,18.1,7.3,12.7,5.3,0,0,0,0
-114.01,51.12,CALGARY INTL A,3031092,10/8/2015,281,2015,8,19.8,3.2,11.5,6.5,0,0,0,0
-114.01,51.12,CALGARY INTL A,3031092,10/9/2015,282,2015,9,21.7,11.1,16.4,1.6,0,0,0,0
-114.01,51.12,CALGARY INTL A,3031092,10/10/2015,283,2015,10,23.5,9.3,16.4,1.6,0,0,0,0
-114.01,51.12,CALGARY INTL A,3031092,10/11/2015,284,2015,11,18.2,5.7,12,6,0,0,0,0
-114.01,51.12,CALGARY INTL A,3031092,10/12/2015,285,2015,12,17.5,2.5,10,8,0,0,0,0
-114.01,51.12,CALGARY INTL A,3031092,10/13/2015,286,2015,13,16.7,2.1,9.4,8.6,0,0,0,0
-114.01,51.12,CALGARY INTL A,3031092,10/14/2015,287,2015,14,14.8,0.5,7.7,10.3,0,0,0,0
-114.01,51.12,CALGARY INTL A,3031092,10/15/2015,288,2015,15,12.1,0.3,6.2,11.8,0,0,0,0
-114.01,51.12,CALGARY INTL A,3031092,10/16/2015,289,2015,16,14.6,-0.2,7.2,10.8,0,0,0,0
-114.01,51.12,CALGARY INTL A,3031092,10/17/2015,290,2015,17,19.7,-0.3,9.7,8.3,0,0,0,0
-114.01,51.12,CALGARY INTL A,3031092,10/18/2015,291,2015,18,17.7,6.6,12.2,5.8,0,0,0,0
-114.01,51.12,CALGARY INTL A,3031092,10/19/2015,292,2015,19,18.6,3.3,11,7,0,0,0,0
-114.01,51.12,CALGARY INTL A,3031092,10/20/2015,293,2015,20,13.4,5,9.2,8.8,0,0,0,0
-114.01,51.12,CALGARY INTL A,3031092,10/21/2015,294,2015,21,20,1.4,10.7,7.3,0,0,0,0
-114.01,51.12,CALGARY INTL A,3031092,10/22/2015,295,2015,22,15.8,2,8.9,9.1,0,0,0,0
-114.01,51.12,CALGARY INTL A,3031092,10/23/2015,296,2015,23,12.2,-2.5,4.9,13.1,0,0,0,0
-114.01,51.12,CALGARY INTL A,3031092,10/24/2015,297,2015,24,7.6,-4.2,1.7,16.3,0,0,0,0
-114.01,51.12,CALGARY INTL A,3031092,10/25/2015,298,2015,25,9.3,-5.1,2.1,15.9,0,0,0,0
-114.01,51.12,CALGARY INTL A,3031092,10/26/2015,299,2015,26,9.6,-0.1,4.8,13.2,0,0,0,0
-114.01,51.12,CALGARY INTL A,3031092,10/27/2015,300,2015,27,7.4,-4.3,1.6,16.4,0,0,0,0
-114.01,51.12,CALGARY INTL A,3031092,10/28/2015,301,2015,28,8.1,-5.9,1.1,16.9,0,0,0,0
-114.01,51.12,CALGARY INTL A,3031092,10/29/2015,302,2015,29,13.4,0.3,6.9,11.1,0,0.086666667,0,0.186666667
-114.01,51.12,CALGARY INTL A,3031092,10/30/2015,303,2015,30,13.7,-0.3,6.7,11.3,0,0,0,0
-114.01,51.12,CALGARY INTL A,3031092,10/31/2015,304,2015,31,9.1,-2.5,3.3,14.7,0,0,0,0
-114.01,51.12,CALGARY INTL A,3031092,11/1/2015,305,2015,1,9.7,-4.2,2.8,15.2,0,0.8,0,0.8
-114.01,51.12,CALGARY INTL A,3031092,11/2/2015,306,2015,2,2.1,-1.7,0.2,17.8,0,1.4,0,1.4
-114.01,51.12,CALGARY INTL A,3031092,11/3/2015,307,2015,3,0.2,-6,-2.9,20.9,0,0.2,0,0.2
-114.01,51.12,CALGARY INTL A,3031092,11/4/2015,308,2015,4,5.1,-6,-0.5,18.5,0,0,0,0
-114.01,51.12,CALGARY INTL A,3031092,11/5/2015,309,2015,5,4.3,-5.1,-0.4,18.4,0,0,0,0
-114.01,51.12,CALGARY INTL A,3031092,11/6/2015,310,2015,6,10,-6.4,1.8,16.2,0,0,0,0
-114.01,51.12,CALGARY INTL A,3031092,11/7/2015,311,2015,7,14.3,0.7,7.5,10.5,0,0,0,0
-114.01,51.12,CALGARY INTL A,3031092,11/8/2015,312,2015,8,9,-3.1,3,15,0,0,0,0
-114.01,51.12,CALGARY INTL A,3031092,11/9/2015,313,2015,9,0.4,-3.2,-1.4,19.4,0,0,3.6,2.6
-114.01,51.12,CALGARY INTL A,3031092,11/10/2015,314,2015,10,1.5,-8.9,-3.7,21.7,0,0,0,0
-114.01,51.12,CALGARY INTL A,3031092,11/11/2015,315,2015,11,7,-2.8,2.1,15.9,0,0,0,0
-114.01,51.12,CALGARY INTL A,3031092,11/12/2015,316,2015,12,4.7,-2.7,1,17,0,0,0,0
-114.01,51.12,CALGARY INTL A,3031092,11/13/2015,317,2015,13,10.7,-3.3,3.7,14.3,0,0,0,0
-114.01,51.12,CALGARY INTL A,3031092,11/14/2015,318,2015,14,1.9,-1.3,0.3,17.7,0,0,0,0
-114.01,51.12,CALGARY INTL A,3031092,11/15/2015,319,2015,15,13.9,-1.9,6,12,0,0,0,0
-114.01,51.12,CALGARY INTL A,3031092,11/16/2015,320,2015,16,2.7,-3.8,-0.6,18.6,0,0,0,0
-114.01,51.12,CALGARY INTL A,3031092,11/17/2015,321,2015,17,6.8,-3,1.9,16.1,0,0.4,1.4,1.8
-114.01,51.12,CALGARY INTL A,3031092,11/18/2015,322,2015,18,-1.8,-9.5,-5.7,23.7,0,0,0,0
-114.01,51.12,CALGARY INTL A,3031092,11/19/2015,323,2015,19,-2.8,-10.2,-6.5,24.5,0,0,0.2,0
-114.01,51.12,CALGARY INTL A,3031092,11/20/2015,324,2015,20,-2.8,-9.4,-6.1,24.1,0,0,0,0
-114.01,51.12,CALGARY INTL A,3031092,11/21/2015,325,2015,21,7.8,-2.6,2.6,15.4,0,0,0,0
-114.01,51.12,CALGARY INTL A,3031092,11/22/2015,326,2015,22,9.4,-4.7,2.4,15.6,0,0,0,0
-114.01,51.12,CALGARY INTL A,3031092,11/23/2015,327,2015,23,-1,-7.2,-4.1,22.1,0,0,0,0
-114.01,51.12,CALGARY INTL A,3031092,11/24/2015,328,2015,24,-3,-15.6,-9.3,27.3,0,0,6.4,6.4
-114.01,51.12,CALGARY INTL A,3031092,11/25/2015,329,2015,25,-2.3,-18,-10.2,28.2,0,0,0,0
-114.01,51.12,CALGARY INTL A,3031092,11/26/2015,330,2015,26,1.1,-14.2,-6.6,24.6,0,0,0,0
-114.01,51.12,CALGARY INTL A,3031092,11/27/2015,331,2015,27,6.9,-8,-0.6,18.6,0,0,0,0
-114.01,51.12,CALGARY INTL A,3031092,11/28/2015,332,2015,28,6.6,-11.1,-2.3,20.3,0,0,0,0
-114.01,51.12,CALGARY INTL A,3031092,11/29/2015,333,2015,29,6,-9.2,-1.6,19.6,0,0,0,0
-114.01,51.12,CALGARY INTL A,3031092,11/30/2015,334,2015,30,5.7,-9.5,-1.9,19.9,0,0,0,0
-114.01,51.12,CALGARY INTL A,3031092,12/1/2015,335,2015,1,9.2,-10.3,-0.6,18.6,0,0,0,0
-114.01,51.12,CALGARY INTL A,3031092,12/2/2015,336,2015,2,8.3,-6.4,1,17,0,0,0,0
-114.01,51.12,CALGARY INTL A,3031092,12/3/2015,337,2015,3,7.7,-5,1.4,16.6,0,0,0,0
-114.01,51.12,CALGARY INTL A,3031092,12/4/2015,338,2015,4,8.1,-5.2,1.5,16.5,0,0,0,0
-114.01,51.12,CALGARY INTL A,3031092,12/5/2015,339,2015,5,5.6,-4.8,0.4,17.6,0,0,0,0
-114.01,51.12,CALGARY INTL A,3031092,12/6/2015,340,2015,6,9.1,-6.3,1.4,16.6,0,0,0,0
-114.01,51.12,CALGARY INTL A,3031092,12/7/2015,341,2015,7,9.5,-3.4,3.1,14.9,0,0,0,0
-114.01,51.12,CALGARY INTL A,3031092,12/8/2015,342,2015,8,8.8,-1.3,3.8,14.2,0,0,0,0
-114.01,51.12,CALGARY INTL A,3031092,12/9/2015,343,2015,9,7.9,-0.2,3.9,14.1,0,0,1.9,1.9
-114.01,51.12,CALGARY INTL A,3031092,12/10/2015,344,2015,10,0.4,-5,-2.3,20.3,0,0,1.4,1.2
-114.01,51.12,CALGARY INTL A,3031092,12/11/2015,345,2015,11,-1.3,-3,-2.2,20.2,0,0,0,0
-114.01,51.12,CALGARY INTL A,3031092,12/12/2015,346,2015,12,-2.5,-7.1,-4.8,22.8,0,0,0.8,0.8
-114.01,51.12,CALGARY INTL A,3031092,12/13/2015,347,2015,13,-3,-6.8,-4.9,22.9,0,0.006896552,0,0.631034483
-114.01,51.12,CALGARY INTL A,3031092,12/14/2015,348,2015,14,-5.3,-9.2,-7.3,25.3,0,0.006896552,0.803333333,0.631034483
-114.01,51.12,CALGARY INTL A,3031092,12/15/2015,349,2015,15,3.5,-12.1,-4.3,22.3,0,0,4.8,3.2
-114.01,51.12,CALGARY INTL A,3031092,12/16/2015,350,2015,16,-3.8,-12.6,-8.2,26.2,0,0,2.4,1.8
-114.01,51.12,CALGARY INTL A,3031092,12/17/2015,351,2015,17,-8.6,-18,-13.3,31.3,0,0,0,0
-114.01,51.12,CALGARY INTL A,3031092,12/18/2015,352,2015,18,-8,-17.4,-12.7,30.7,0,0.2,1.7,1.7
-114.01,51.12,CALGARY INTL A,3031092,12/19/2015,353,2015,19,-1.8,-17.7,-9.8,27.8,0,0,0,0
-114.01,51.12,CALGARY INTL A,3031092,12/20/2015,354,2015,20,0.1,-14.6,-7.3,25.3,0,0,0,0
-114.01,51.12,CALGARY INTL A,3031092,12/21/2015,355,2015,21,-0.6,-12.9,-6.8,24.8,0,0,0,0
-114.01,51.12,CALGARY INTL A,3031092,12/22/2015,356,2015,22,-5.2,-14.5,-9.9,27.9,0,0,0,0
-114.01,51.12,CALGARY INTL A,3031092,12/23/2015,357,2015,23,-7.6,-18.3,-13,31,0,0,0,0
-114.01,51.12,CALGARY INTL A,3031092,12/24/2015,358,2015,24,-11.2,-15.2,-13.2,31.2,0,0,3.4,2.4
-114.01,51.12,CALGARY INTL A,3031092,12/25/2015,359,2015,25,-14.6,-21.1,-17.9,35.9,0,0,0.4,0
-114.01,51.12,CALGARY INTL A,3031092,12/26/2015,360,2015,26,-10.3,-23,-16.7,34.7,0,0,0,0
-114.01,51.12,CALGARY INTL A,3031092,12/27/2015,361,2015,27,0.7,-12.2,-5.8,23.8,0,0,0,0
-114.01,51.12,CALGARY INTL A,3031092,12/28/2015,362,2015,28,-4,-11.6,-7.8,25.8,0,0,7.3,5.3
-114.01,51.12,CALGARY INTL A,3031092,12/29/2015,363,2015,29,-7.9,-18.3,-13.1,31.1,0,0,0,0
-114.01,51.12,CALGARY INTL A,3031092,12/30/2015,364,2015,30,-2.7,-18.2,-10.5,28.5,0,0,0,0
-114.01,51.12,CALGARY INTL A,3031092,12/31/2015,365,2015,31,4.2,-14.1,-5,23,0,0,0,0
-114.01,51.12,CALGARY INTL A,3031092,1/1/2016,1,2016,1,1.2,-12,-5.4,23.4,0,0,0,0
-114.01,51.12,CALGARY INTL A,3031092,1/2/2016,2,2016,2,-1.6,-16.8,-9.2,27.2,0,0,0,0
-114.01,51.12,CALGARY INTL A,3031092,1/3/2016,3,2016,3,-2.7,-16.3,-9.5,27.5,0,0,0,0
-114.01,51.12,CALGARY INTL A,3031092,1/4/2016,4,2016,4,-2,-12.9,-7.5,25.5,0,0,0,0
-114.01,51.12,CALGARY INTL A,3031092,1/5/2016,5,2016,5,-7.1,-13.8,-10.5,28.5,0,0,0,0
-114.01,51.12,CALGARY INTL A,3031092,1/6/2016,6,2016,6,-8.6,-16.6,-12.6,30.6,0,0,0,0
-114.01,51.12,CALGARY INTL A,3031092,1/7/2016,7,2016,7,-9.5,-15.6,-12.6,30.6,0,0,4.8,3.2
-114.01,51.12,CALGARY INTL A,3031092,1/8/2016,8,2016,8,-13.1,-22.3,-17.7,35.7,0,0,0,0
-114.01,51.12,CALGARY INTL A,3031092,1/9/2016,9,2016,9,-5,-25.5,-15.3,33.3,0,0,0,0
-114.01,51.12,CALGARY INTL A,3031092,1/10/2016,10,2016,10,-1,-16.2,-8.6,26.6,0,0,0,0
-114.01,51.12,CALGARY INTL A,3031092,1/11/2016,11,2016,11,-2.1,-10,-6.1,24.1,0,0,0,0
-114.01,51.12,CALGARY INTL A,3031092,1/12/2016,12,2016,12,6.3,-9.9,-1.8,19.8,0,0,0,0
-114.01,51.12,CALGARY INTL A,3031092,1/13/2016,13,2016,13,8.7,-4.7,2,16,0,0,0,0
-114.01,51.12,CALGARY INTL A,3031092,1/14/2016,14,2016,14,1.1,-3.8,-1.4,19.4,0,0,0.4,0.4
-114.01,51.12,CALGARY INTL A,3031092,1/15/2016,15,2016,15,-3.7,-12.7,-8.2,26.2,0,0,2.3,1.7
-114.01,51.12,CALGARY INTL A,3031092,1/16/2016,16,2016,16,-12.7,-17.5,-15.1,33.1,0,0.2,1,1
-114.01,51.12,CALGARY INTL A,3031092,1/17/2016,17,2016,17,-12.3,-17.9,-15.1,33.1,0,0,0.4,0.2
-114.01,51.12,CALGARY INTL A,3031092,1/18/2016,18,2016,18,5,-12.3,-3.7,21.7,0,0,0,0
-114.01,51.12,CALGARY INTL A,3031092,1/19/2016,19,2016,19,5.3,-9.8,-2.3,20.3,0,0,0,0
-114.01,51.12,CALGARY INTL A,3031092,1/20/2016,20,2016,20,-6.1,-11.2,-8.7,26.7,0,0,0.2,0.2
-114.01,51.12,CALGARY INTL A,3031092,1/21/2016,21,2016,21,3,-12.5,-4.8,22.8,0,0,0,0
-114.01,51.12,CALGARY INTL A,3031092,1/22/2016,22,2016,22,9.4,-4.8,2.3,15.7,0,0,0,0
-114.01,51.12,CALGARY INTL A,3031092,1/23/2016,23,2016,23,5.7,-4.9,0.4,17.6,0,0,0,0.2
-114.01,51.12,CALGARY INTL A,3031092,1/24/2016,24,2016,24,-0.2,-10.5,-5.4,23.4,0,0,6.2,5.2
-114.01,51.12,CALGARY INTL A,3031092,1/25/2016,25,2016,25,1.8,-13.5,-5.9,23.9,0,0,0,0
-114.01,51.12,CALGARY INTL A,3031092,1/26/2016,26,2016,26,10.4,-7.5,1.5,16.5,0,0,0,0
-114.01,51.12,CALGARY INTL A,3031092,1/27/2016,27,2016,27,11,0.7,5.9,12.1,0,0,0,0
-114.01,51.12,CALGARY INTL A,3031092,1/28/2016,28,2016,28,12.8,0.4,6.6,11.4,0,0,0,0
-114.01,51.12,CALGARY INTL A,3031092,1/29/2016,29,2016,29,5.8,-1.1,2.4,15.6,0,0,0,0
-114.01,51.12,CALGARY INTL A,3031092,1/30/2016,30,2016,30,2.9,-1.7,0.6,17.4,0,0,0,0
-114.01,51.12,CALGARY INTL A,3031092,1/31/2016,31,2016,31,2.2,-2.7,-0.3,18.3,0,0,0,0
-114.01,51.12,CALGARY INTL A,3031092,2/1/2016,32,2016,1,-0.1,-5.8,-3,21,0,0,0,0
-114.01,51.12,CALGARY INTL A,3031092,2/2/2016,33,2016,2,-1.6,-9.8,-5.7,23.7,0,0,0,0
-114.01,51.12,CALGARY INTL A,3031092,2/3/2016,34,2016,3,-0.6,-10.9,-5.8,23.8,0,0,0,0
-114.01,51.12,CALGARY INTL A,3031092,2/4/2016,35,2016,4,5.8,-5.1,0.4,17.6,0,0,0,0
-114.01,51.12,CALGARY INTL A,3031092,2/5/2016,36,2016,5,10,1.7,5.9,12.1,0,0,0,0
-114.01,51.12,CALGARY INTL A,3031092,2/6/2016,37,2016,6,7.3,-0.6,3.4,14.6,0,0,0,0
-114.01,51.12,CALGARY INTL A,3031092,2/7/2016,38,2016,7,5.2,-3.7,0.8,17.2,0,0,0,0
-114.01,51.12,CALGARY INTL A,3031092,2/8/2016,39,2016,8,13.9,-5.8,4.1,13.9,0,0,0,0
-114.01,51.12,CALGARY INTL A,3031092,2/9/2016,40,2016,9,16.4,0.3,8.4,9.6,0,0,0,0
-114.01,51.12,CALGARY INTL A,3031092,2/10/2016,41,2016,10,5.9,-2.2,1.9,16.1,0,0,0,0
-114.01,51.12,CALGARY INTL A,3031092,2/11/2016,42,2016,11,7.6,-3.1,2.3,15.7,0,0,0,0
-114.01,51.12,CALGARY INTL A,3031092,2/12/2016,43,2016,12,1.9,-4.3,-1.2,19.2,0,0,0,0
-114.01,51.12,CALGARY INTL A,3031092,2/13/2016,44,2016,13,7.8,-4.9,1.5,16.5,0,0,0,0
-114.01,51.12,CALGARY INTL A,3031092,2/14/2016,45,2016,14,9.4,-1.5,4,14,0,0,0,0
-114.01,51.12,CALGARY INTL A,3031092,2/15/2016,46,2016,15,8.8,-2.6,3.1,14.9,0,0,0,0
-114.01,51.12,CALGARY INTL A,3031092,2/16/2016,47,2016,16,10.5,-5.2,2.7,15.3,0,0,0,0
-114.01,51.12,CALGARY INTL A,3031092,2/17/2016,48,2016,17,6.1,-2.6,1.8,16.2,0,0,0,0
-114.01,51.12,CALGARY INTL A,3031092,2/18/2016,49,2016,18,9.7,-3,3.4,14.6,0,0,0,0
-114.01,51.12,CALGARY INTL A,3031092,2/19/2016,50,2016,19,6.7,-0.2,3.3,14.7,0,0.2,0,0.2
-114.01,51.12,CALGARY INTL A,3031092,2/20/2016,51,2016,20,3.8,-7.5,-1.9,19.9,0,0,0,0
-114.01,51.12,CALGARY INTL A,3031092,2/21/2016,52,2016,21,5.7,-3.4,1.2,16.8,0,0,0,0
-114.01,51.12,CALGARY INTL A,3031092,2/22/2016,53,2016,22,6.6,-6.8,-0.1,18.1,0,0,0,0
-114.01,51.12,CALGARY INTL A,3031092,2/23/2016,54,2016,23,4.7,-4.2,0.3,17.7,0,0,0,0
-114.01,51.12,CALGARY INTL A,3031092,2/24/2016,55,2016,24,4.1,-10.5,-3.2,21.2,0,0,0,0
-114.01,51.12,CALGARY INTL A,3031092,2/25/2016,56,2016,25,12.1,-5.8,3.2,14.8,0,0,0,0
-114.01,51.12,CALGARY INTL A,3031092,2/26/2016,57,2016,26,16.9,0,8.5,9.5,0,0,0,0
-114.01,51.12,CALGARY INTL A,3031092,2/27/2016,58,2016,27,12.2,-0.7,5.8,12.2,0,0.4,0,0.4
-114.01,51.12,CALGARY INTL A,3031092,2/28/2016,59,2016,28,6.7,-5.4,0.7,17.3,0,0,0,0
-114.01,51.12,CALGARY INTL A,3031092,3/1/2016,61,2016,1,5.9,-7.1,-0.6,18.6,0,0,0,0
-114.01,51.12,CALGARY INTL A,3031092,3/2/2016,62,2016,2,1.7,-4.2,-1.3,19.3,0,0.5,0,0.5
-114.01,51.12,CALGARY INTL A,3031092,3/3/2016,63,2016,3,12.5,-4,4.3,13.7,0,0,0,0
-114.01,51.12,CALGARY INTL A,3031092,3/4/2016,64,2016,4,13.1,-5.8,3.7,14.3,0,0,0,0
-114.01,51.12,CALGARY INTL A,3031092,3/5/2016,65,2016,5,17,-3.3,6.9,11.1,0,0,0,0
-114.01,51.12,CALGARY INTL A,3031092,3/6/2016,66,2016,6,9,-1.9,3.6,14.4,0,0,0,0
-114.01,51.12,CALGARY INTL A,3031092,3/7/2016,67,2016,7,11.9,-3.3,4.3,13.7,0,0,0,0
-114.01,51.12,CALGARY INTL A,3031092,3/8/2016,68,2016,8,9.3,-3.7,2.8,15.2,0,0,0,0
-114.01,51.12,CALGARY INTL A,3031092,3/9/2016,69,2016,9,9.9,-6.8,1.6,16.4,0,0,0,0
-114.01,51.12,CALGARY INTL A,3031092,3/10/2016,70,2016,10,15.7,-2.4,6.7,11.3,0,0,0,0
-114.01,51.12,CALGARY INTL A,3031092,3/11/2016,71,2016,11,12.7,-0.1,6.3,11.7,0,0,0,0
-114.01,51.12,CALGARY INTL A,3031092,3/12/2016,72,2016,12,15.2,-1,7.1,10.9,0,0,0,0
-114.01,51.12,CALGARY INTL A,3031092,3/13/2016,73,2016,13,9.2,0.4,4.8,13.2,0,0,0,0
-114.01,51.12,CALGARY INTL A,3031092,3/14/2016,74,2016,14,6.8,-3.8,1.5,16.5,0,0,0.4,0.4
-114.01,51.12,CALGARY INTL A,3031092,3/15/2016,75,2016,15,5.8,-5.4,0.2,17.8,0,0,0,0
-114.01,51.12,CALGARY INTL A,3031092,3/16/2016,76,2016,16,7.1,-1.2,3,15,0,0,0,0
-114.01,51.12,CALGARY INTL A,3031092,3/17/2016,77,2016,17,2.1,-4.4,-1.2,19.2,0,0,1.4,1.3
-114.01,51.12,CALGARY INTL A,3031092,3/18/2016,78,2016,18,3.8,-8.9,-2.6,20.6,0,0,0,0
-114.01,51.12,CALGARY INTL A,3031092,3/19/2016,79,2016,19,13,-9.2,1.9,16.1,0,0,0,0
-114.01,51.12,CALGARY INTL A,3031092,3/20/2016,80,2016,20,14.4,-3.1,5.7,12.3,0,0,0,0
-114.01,51.12,CALGARY INTL A,3031092,3/21/2016,81,2016,21,4.6,-2,1.3,16.7,0,0,0,0
-114.01,51.12,CALGARY INTL A,3031092,3/22/2016,82,2016,22,3.9,-4.6,-0.4,18.4,0,0,0,0
-114.01,51.12,CALGARY INTL A,3031092,3/23/2016,83,2016,23,11.1,-7.4,1.9,16.1,0,0,0,0
-114.01,51.12,CALGARY INTL A,3031092,3/24/2016,84,2016,24,8.8,-1.2,3.8,14.2,0,0,0.6,0.6
-114.01,51.12,CALGARY INTL A,3031092,3/25/2016,85,2016,25,7.7,-2.3,2.7,15.3,0,0,0,0
-114.01,51.12,CALGARY INTL A,3031092,3/26/2016,86,2016,26,10.2,-2.8,3.7,14.3,0,0,0,0
-114.01,51.12,CALGARY INTL A,3031092,3/27/2016,87,2016,27,10.4,-4,3.2,14.8,0,0,0,0
-114.01,51.12,CALGARY INTL A,3031092,3/28/2016,88,2016,28,10.5,1,5.8,12.2,0,0,0,0
-114.01,51.12,CALGARY INTL A,3031092,3/29/2016,89,2016,29,12.2,-0.1,6.1,11.9,0,0,0,0
-114.01,51.12,CALGARY INTL A,3031092,3/30/2016,90,2016,30,13.5,5.3,9.4,8.6,0,0.6,0,0.6
-114.01,51.12,CALGARY INTL A,3031092,3/31/2016,91,2016,31,11.1,1.8,6.5,11.5,0,1.2,0,1.2
-114.01,51.12,CALGARY INTL A,3031092,4/1/2016,92,2016,1,19.4,3.3,11.4,6.6,0,0,0,0
-114.01,51.12,CALGARY INTL A,3031092,4/2/2016,93,2016,2,20.9,3.5,12.2,5.8,0,0,0,0
-114.01,51.12,CALGARY INTL A,3031092,4/3/2016,94,2016,3,15.3,4.1,9.7,8.3,0,0,0,0
-114.01,51.12,CALGARY INTL A,3031092,4/4/2016,95,2016,4,13.8,1.7,7.8,10.2,0,0,0,0
-114.01,51.12,CALGARY INTL A,3031092,4/5/2016,96,2016,5,14.1,1.6,7.9,10.1,0,0.6,0,0.6
-114.01,51.12,CALGARY INTL A,3031092,4/6/2016,97,2016,6,14.6,6.5,10.6,7.4,0,0,0,0
-114.01,51.12,CALGARY INTL A,3031092,4/7/2016,98,2016,7,16.3,-2.6,6.9,11.1,0,0,0,0
-114.01,51.12,CALGARY INTL A,3031092,4/8/2016,99,2016,8,24,0.9,12.5,5.5,0,0,0,0
-114.01,51.12,CALGARY INTL A,3031092,4/9/2016,100,2016,9,18.2,3,10.6,7.4,0,0,0,0
-114.01,51.12,CALGARY INTL A,3031092,4/10/2016,101,2016,10,9,-3.4,2.8,15.2,0,0,0,0
-114.01,51.12,CALGARY INTL A,3031092,4/11/2016,102,2016,11,18.5,-4.1,7.2,10.8,0,0,0,0
-114.01,51.12,CALGARY INTL A,3031092,4/12/2016,103,2016,12,18.6,-0.1,9.3,8.7,0,0,0,0
-114.01,51.12,CALGARY INTL A,3031092,4/13/2016,104,2016,13,16.6,5.3,11,7,0,0,0,0
-114.01,51.12,CALGARY INTL A,3031092,4/14/2016,105,2016,14,9.1,0.7,4.9,13.1,0,0,0,0
-114.01,51.12,CALGARY INTL A,3031092,4/15/2016,106,2016,15,14.1,0,7.1,10.9,0,0,0,0
-114.01,51.12,CALGARY INTL A,3031092,4/16/2016,107,2016,16,16.8,0.1,8.5,9.5,0,0,0,0
-114.01,51.12,CALGARY INTL A,3031092,4/17/2016,108,2016,17,20.6,0.8,10.7,7.3,0,0,0,0
-114.01,51.12,CALGARY INTL A,3031092,4/18/2016,109,2016,18,24,3,13.5,4.5,0,0,0,0
-114.01,51.12,CALGARY INTL A,3031092,4/19/2016,110,2016,19,27.5,4.1,15.8,2.2,0,0,0,0
-114.01,51.12,CALGARY INTL A,3031092,4/20/2016,111,2016,20,18.8,7.1,13,5,0,0,0,0
-114.01,51.12,CALGARY INTL A,3031092,4/21/2016,112,2016,21,23.6,2.3,13,5,0,0,0,0
-114.01,51.12,CALGARY INTL A,3031092,4/22/2016,113,2016,22,14.1,3.6,8.9,9.1,0,0,0,0
-114.01,51.12,CALGARY INTL A,3031092,4/23/2016,114,2016,23,7.7,1.5,4.6,13.4,0,1,0,1
-114.01,51.12,CALGARY INTL A,3031092,4/24/2016,115,2016,24,6.7,1.3,4,14,0,0.6,0,0.6
-114.01,51.12,CALGARY INTL A,3031092,4/25/2016,116,2016,25,6.1,1.5,3.8,14.2,0,1.8,0,1.8
-114.01,51.12,CALGARY INTL A,3031092,4/26/2016,117,2016,26,11,1.4,6.2,11.8,0,0.137931034,0,0
-114.01,51.12,CALGARY INTL A,3031092,4/27/2016,118,2016,27,12,1.9,7,11,0,0,0,0
-114.01,51.12,CALGARY INTL A,3031092,4/28/2016,119,2016,28,11.6,2.3,7,11,0,0,0,0
-114.01,51.12,CALGARY INTL A,3031092,4/29/2016,120,2016,29,11.6,1.9,6.8,11.2,0,0,0,0
-114.01,51.12,CALGARY INTL A,3031092,4/30/2016,121,2016,30,13.4,5.1,9.3,8.7,0,0,0,0
-114.01,51.12,CALGARY INTL A,3031092,5/1/2016,122,2016,1,21,0.6,10.8,7.2,0,0,0,0
-114.01,51.12,CALGARY INTL A,3031092,5/2/2016,123,2016,2,25.9,4,15,3,0,0,0,0
-114.01,51.12,CALGARY INTL A,3031092,5/3/2016,124,2016,3,27.8,6.7,17.3,0.7,0,0,0,0
-114.01,51.12,CALGARY INTL A,3031092,5/4/2016,125,2016,4,26.2,8.1,17.2,0.8,0,0,0,0
-114.01,51.12,CALGARY INTL A,3031092,5/5/2016,126,2016,5,19.7,7.2,13.5,4.5,0,0.4,0,0.4
-114.01,51.12,CALGARY INTL A,3031092,5/6/2016,127,2016,6,20.4,2.8,11.6,6.4,0,0,0,0
-114.01,51.12,CALGARY INTL A,3031092,5/7/2016,128,2016,7,28.4,5.1,16.8,1.2,0,0,0,0
-114.01,51.12,CALGARY INTL A,3031092,5/8/2016,129,2016,8,20.3,6.3,13.3,4.7,0,1.6,0,1.6
-114.01,51.12,CALGARY INTL A,3031092,5/9/2016,130,2016,9,11.3,2.6,7,11,0,0,0,0
-114.01,51.12,CALGARY INTL A,3031092,5/10/2016,131,2016,10,13.3,1.3,7.3,10.7,0,0,0,0
-114.01,51.12,CALGARY INTL A,3031092,5/11/2016,132,2016,11,15.4,0.1,7.8,10.2,0,0,0,0
-114.01,51.12,CALGARY INTL A,3031092,5/12/2016,133,2016,12,8.6,0.5,4.6,13.4,0,5.9,0.2,6.1
-114.01,51.12,CALGARY INTL A,3031092,5/13/2016,134,2016,13,10.9,-1.8,4.6,13.4,0,0,0,0
-114.01,51.12,CALGARY INTL A,3031092,5/14/2016,135,2016,14,15.2,-1.9,6.7,11.3,0,0,0,0
-114.01,51.12,CALGARY INTL A,3031092,5/15/2016,136,2016,15,17.8,0.4,9.1,8.9,0,0,0,0
-114.01,51.12,CALGARY INTL A,3031092,5/16/2016,137,2016,16,21.1,3.5,12.3,5.7,0,0,0,0
-114.01,51.12,CALGARY INTL A,3031092,5/17/2016,138,2016,17,23.8,7.1,15.5,2.5,0,0,0,0
-114.01,51.12,CALGARY INTL A,3031092,5/18/2016,139,2016,18,24.2,8.4,16.3,1.7,0,0.6,0,0.6
-114.01,51.12,CALGARY INTL A,3031092,5/19/2016,140,2016,19,14.6,4.4,9.5,8.5,0,7.2,0,7.2
-114.01,51.12,CALGARY INTL A,3031092,5/20/2016,141,2016,20,10.3,1.4,5.9,12.1,0,2.5,0,2.5
-114.01,51.12,CALGARY INTL A,3031092,5/21/2016,142,2016,21,7.1,2.1,4.6,13.4,0,10.1,0,10.1
-114.01,51.12,CALGARY INTL A,3031092,5/22/2016,143,2016,22,5.5,0.8,3.2,14.8,0,17.2,0,17.2
-114.01,51.12,CALGARY INTL A,3031092,5/23/2016,144,2016,23,9.6,3.5,6.6,11.4,0,2,0,2
-114.01,51.12,CALGARY INTL A,3031092,5/24/2016,145,2016,24,16.9,4.4,10.7,7.3,0,0,0,0
-114.01,51.12,CALGARY INTL A,3031092,5/25/2016,146,2016,25,20.7,5.3,13,5,0,0.4,0,0.4
-114.01,51.12,CALGARY INTL A,3031092,5/26/2016,147,2016,26,20.2,6.8,13.5,4.5,0,0.8,0,0.8
-114.01,51.12,CALGARY INTL A,3031092,5/27/2016,148,2016,27,13.1,6.3,9.7,8.3,0,8.4,0,8.4
-114.01,51.12,CALGARY INTL A,3031092,5/28/2016,149,2016,28,16.4,1.7,9.1,8.9,0,0.4,0,0.4
-114.01,51.12,CALGARY INTL A,3031092,5/29/2016,150,2016,29,18.7,5.7,12.2,5.8,0,6.2,0,6.2
-114.01,51.12,CALGARY INTL A,3031092,5/30/2016,151,2016,30,15.4,5.6,10.5,7.5,0,4.2,0,4.2
-114.01,51.12,CALGARY INTL A,3031092,5/31/2016,152,2016,31,17.6,3.9,10.8,7.2,0,2.263333333,0.006666667,0.2
-114.01,51.12,CALGARY INTL A,3031092,6/1/2016,153,2016,1,21.9,6,14,4,0,0.2,0,0.2
-114.01,51.12,CALGARY INTL A,3031092,6/2/2016,154,2016,2,22.8,9,15.9,2.1,0,0,0,0
-114.01,51.12,CALGARY INTL A,3031092,6/3/2016,155,2016,3,25.3,7.1,16.2,1.8,0,0,0,0
-114.01,51.12,CALGARY INTL A,3031092,6/4/2016,156,2016,4,26.7,10.6,18.7,0,0.7,0,0,0
-114.01,51.12,CALGARY INTL A,3031092,6/5/2016,157,2016,5,25.4,12,18.7,0,0.7,0,0,0
-114.01,51.12,CALGARY INTL A,3031092,6/6/2016,158,2016,6,30.9,12.7,21.8,0,3.8,0,0,0
-114.01,51.12,CALGARY INTL A,3031092,6/7/2016,159,2016,7,29.7,16.2,23,0,5,0,0,0
-114.01,51.12,CALGARY INTL A,3031092,6/8/2016,160,2016,8,27.7,15.4,21.6,0,3.6,0.2,0,0.2
-114.01,51.12,CALGARY INTL A,3031092,6/9/2016,161,2016,9,24.1,13.1,18.6,0,0.6,0,0,0
-114.01,51.12,CALGARY INTL A,3031092,6/10/2016,162,2016,10,16,9.9,13,5,0,4.4,0,4.4
-114.01,51.12,CALGARY INTL A,3031092,6/11/2016,163,2016,11,18.8,10.5,14.7,3.3,0,2.4,0,2.4
-114.01,51.12,CALGARY INTL A,3031092,6/12/2016,164,2016,12,20.7,5.8,13.3,4.7,0,0,0,0
-114.01,51.12,CALGARY INTL A,3031092,6/13/2016,165,2016,13,21.9,9.1,15.5,2.5,0,0,0,0
-114.01,51.12,CALGARY INTL A,3031092,6/14/2016,166,2016,14,18.5,9,13.8,4.2,0,0.2,0,0.2
-114.01,51.12,CALGARY INTL A,3031092,6/15/2016,167,2016,15,17.4,3.5,10.5,7.5,0,0,0,0
-114.01,51.12,CALGARY INTL A,3031092,6/16/2016,168,2016,16,17.7,6.7,12.2,5.8,0,0,0,0
-114.01,51.12,CALGARY INTL A,3031092,6/17/2016,169,2016,17,19.8,7,13.4,4.6,0,0,0,0
-114.01,51.12,CALGARY INTL A,3031092,6/18/2016,170,2016,18,20.8,4.5,12.7,5.3,0,0,0,0
-114.01,51.12,CALGARY INTL A,3031092,6/19/2016,171,2016,19,21.8,9.1,15.5,2.5,0,5.2,0,5.2
-114.01,51.12,CALGARY INTL A,3031092,6/20/2016,172,2016,20,23.8,9.1,16.5,1.5,0,0,0,0
-114.01,51.12,CALGARY INTL A,3031092,6/21/2016,173,2016,21,22.2,9.2,15.7,2.3,0,0.8,0,0.8
-114.01,51.12,CALGARY INTL A,3031092,6/22/2016,174,2016,22,25.2,8.7,17,1,0,0.2,0,0.2
-114.01,51.12,CALGARY INTL A,3031092,6/23/2016,175,2016,23,24,10.1,17.1,0.9,0,0,0,0
-114.01,51.12,CALGARY INTL A,3031092,6/24/2016,176,2016,24,20.4,8.5,14.5,3.5,0,22.2,0,22.2
-114.01,51.12,CALGARY INTL A,3031092,6/25/2016,177,2016,25,20.7,10.2,15.5,2.5,0,7.4,0,7.4
-114.01,51.12,CALGARY INTL A,3031092,6/26/2016,178,2016,26,21.3,9.668965517,16.28965517,2.248275862,0.537931034,2.8,0,2.8
-114.01,51.12,CALGARY INTL A,3031092,6/27/2016,179,2016,27,25.4,10.1,17.8,0.2,0,0,0,0
-114.01,51.12,CALGARY INTL A,3031092,6/28/2016,180,2016,28,24.2,12.4,18.3,0,0.3,2.6,0,2.6
-114.01,51.12,CALGARY INTL A,3031092,6/29/2016,181,2016,29,25.5,11.3,18.4,0,0.4,0,0,0
-114.01,51.12,CALGARY INTL A,3031092,6/30/2016,182,2016,30,23.4,13.6,18.5,0,0.5,13,0,13
-114.01,51.12,CALGARY INTL A,3031092,7/1/2016,183,2016,1,23.9,11.4,17.7,0.3,0,0,0,0
-114.01,51.12,CALGARY INTL A,3031092,7/2/2016,184,2016,2,23.8,13.1,18.5,0,0.5,0,0,0
-114.01,51.12,CALGARY INTL A,3031092,7/3/2016,185,2016,3,24.3,11.8,18.1,0,0.1,0,0,0
-114.01,51.12,CALGARY INTL A,3031092,7/4/2016,186,2016,4,20.7,10.1,15.4,2.6,0,6.8,0,6.8
-114.01,51.12,CALGARY INTL A,3031092,7/5/2016,187,2016,5,17.2,6.8,12,6,0,6.4,0,6.4
-114.01,51.12,CALGARY INTL A,3031092,7/6/2016,188,2016,6,20.1,10.4,15.3,2.7,0,0.5,0,0.5
-114.01,51.12,CALGARY INTL A,3031092,7/7/2016,189,2016,7,23,11.2,17.1,0.9,0,0,0,0
-114.01,51.12,CALGARY INTL A,3031092,7/8/2016,190,2016,8,24.9,13.6,19.3,0,1.3,0,0,0
-114.01,51.12,CALGARY INTL A,3031092,7/9/2016,191,2016,9,21.7,11.1,16.4,1.6,0,7.2,0,7.2
-114.01,51.12,CALGARY INTL A,3031092,7/10/2016,192,2016,10,20.6,10.5,15.6,2.4,0,0,0,0
-114.01,51.12,CALGARY INTL A,3031092,7/11/2016,193,2016,11,20.1,11.3,15.7,2.3,0,18.9,0,18.9
-114.01,51.12,CALGARY INTL A,3031092,7/12/2016,194,2016,12,21.5,12.6,17.1,0.9,0,2.6,0,2.6
-114.01,51.12,CALGARY INTL A,3031092,7/13/2016,195,2016,13,19.2,12.8,16,2,0,6.2,0,6.2
-114.01,51.12,CALGARY INTL A,3031092,7/14/2016,196,2016,14,19.7,11.6,15.7,2.3,0,17.2,0,17.2
-114.01,51.12,CALGARY INTL A,3031092,7/15/2016,197,2016,15,13.9,9.1,11.5,6.5,0,37.9,0,37.9
-114.01,51.12,CALGARY INTL A,3031092,7/16/2016,198,2016,16,17.5,10.3,13.9,4.1,0,3.6,0,3.6
-114.01,51.12,CALGARY INTL A,3031092,7/17/2016,199,2016,17,19.6,10.9,15.3,2.7,0,11.6,0,11.6
-114.01,51.12,CALGARY INTL A,3031092,7/18/2016,200,2016,18,23.3,8.6,16,2,0,5.2,0,5.2
-114.01,51.12,CALGARY INTL A,3031092,7/19/2016,201,2016,19,25.8,12,18.9,0,0.9,0,0,0
-114.01,51.12,CALGARY INTL A,3031092,7/20/2016,202,2016,20,25.8,12.2,19,0,1,0,0,0
-114.01,51.12,CALGARY INTL A,3031092,7/21/2016,203,2016,21,27.4,9.4,18.4,0,0.4,0,0,0
-114.01,51.12,CALGARY INTL A,3031092,7/22/2016,204,2016,22,22.6,9.9,16.3,1.7,0,4,0,4
-114.01,51.12,CALGARY INTL A,3031092,7/23/2016,205,2016,23,24.2,11.5,17.9,0.1,0,0.8,0,0.8
-114.01,51.12,CALGARY INTL A,3031092,7/24/2016,206,2016,24,25.5,10.7,18.1,0,0.1,0,0,0
-114.01,51.12,CALGARY INTL A,3031092,7/25/2016,207,2016,25,24.7,13.9,19.3,0,1.3,8.4,0,8.4
-114.01,51.12,CALGARY INTL A,3031092,7/26/2016,208,2016,26,25.1,13.7,19.4,0,1.4,0.2,0,0.2
-114.01,51.12,CALGARY INTL A,3031092,7/27/2016,209,2016,27,25.9,13.8,19.9,0,1.9,0,0,0
-114.01,51.12,CALGARY INTL A,3031092,7/28/2016,210,2016,28,26.1,12.1,19.1,0,1.1,15.2,0,15.2
-114.01,51.12,CALGARY INTL A,3031092,7/29/2016,211,2016,29,26.1,12,19.1,0,1.1,6.363333333,0,15.2
-114.01,51.12,CALGARY INTL A,3031092,7/30/2016,212,2016,30,23.5,12.6,18.1,0,0.1,27,0,27
-114.01,51.12,CALGARY INTL A,3031092,7/31/2016,213,2016,31,18.5,8.1,13.3,4.7,0,11.2,0,11.2
-114.01,51.12,CALGARY INTL A,3031092,8/1/2016,214,2016,1,22.1,7.5,14.8,3.2,0,0,0,0
-114.01,51.12,CALGARY INTL A,3031092,8/2/2016,215,2016,2,23.9,8.6,16.3,1.7,0,7.8,0,7.8
-114.01,51.12,CALGARY INTL A,3031092,8/3/2016,216,2016,3,17.9,10.7,14.3,3.7,0,17.7,0,17.7
-114.01,51.12,CALGARY INTL A,3031092,8/4/2016,217,2016,4,22.4,11.1,16.8,1.2,0,0,0,0
-114.01,51.12,CALGARY INTL A,3031092,8/5/2016,218,2016,5,24,13.6,18.8,0,0.8,0,0,0
-114.01,51.12,CALGARY INTL A,3031092,8/6/2016,219,2016,6,18.2,11.9,15.1,2.9,0,29.2,0,29.2
-114.01,51.12,CALGARY INTL A,3031092,8/7/2016,220,2016,7,22,13.8,17.9,0.1,0,4.4,0,4.4
-114.01,51.12,CALGARY INTL A,3031092,8/8/2016,221,2016,8,20.8,12.6,16.7,1.3,0,0.8,0,0.8
-114.01,51.12,CALGARY INTL A,3031092,8/9/2016,222,2016,9,22.7,11.6,17.2,0.8,0,0,0,0
-114.01,51.12,CALGARY INTL A,3031092,8/10/2016,223,2016,10,18.7,12.2,15.5,2.5,0,4.1,0,4.1
-114.01,51.12,CALGARY INTL A,3031092,8/11/2016,224,2016,11,22,12.4,17.2,0.8,0,5.7,0,5.7
-114.01,51.12,CALGARY INTL A,3031092,8/12/2016,225,2016,12,22,12.3,17.2,0.8,0,0.6,0,0.6
-114.01,51.12,CALGARY INTL A,3031092,8/13/2016,226,2016,13,24.5,10.9,17.7,0.3,0,0,0,0
-114.01,51.12,CALGARY INTL A,3031092,8/14/2016,227,2016,14,24.3,10.2,17.3,0.7,0,4.9,0,4.9
-114.01,51.12,CALGARY INTL A,3031092,8/15/2016,228,2016,15,24.5,10.5,17.5,0.5,0,0,0,0
-114.01,51.12,CALGARY INTL A,3031092,8/16/2016,229,2016,16,27.4,12.2,19.8,0,1.8,0,0,0
-114.01,51.12,CALGARY INTL A,3031092,8/17/2016,230,2016,17,20.5,14,17.3,0.7,0,2.875862069,0,2.78
-114.01,51.12,CALGARY INTL A,3031092,8/18/2016,231,2016,18,17.9,11.1,14.5,3.5,0,0.4,0,0.4
-114.01,51.12,CALGARY INTL A,3031092,8/19/2016,232,2016,19,21.3,7,14.2,3.8,0,0,0,0
-114.01,51.12,CALGARY INTL A,3031092,8/20/2016,233,2016,20,25.2,9,17.1,0.9,0,0,0,0
-114.01,51.12,CALGARY INTL A,3031092,8/21/2016,234,2016,21,27.3,12.4,19.9,0,1.9,0,0,0
-114.01,51.12,CALGARY INTL A,3031092,8/22/2016,235,2016,22,18.3,9.1,13.7,4.3,0,4.2,0,4.2
-114.01,51.12,CALGARY INTL A,3031092,8/23/2016,236,2016,23,16.4,9.6,13,5,0,0,0,0
-114.01,51.12,CALGARY INTL A,3031092,8/24/2016,237,2016,24,19.5,7.6,13.6,4.4,0,0,0,0
-114.01,51.12,CALGARY INTL A,3031092,8/25/2016,238,2016,25,18.7,9.5,14.1,3.9,0,2,0,2
-114.01,51.12,CALGARY INTL A,3031092,8/26/2016,239,2016,26,20.5,6.9,13.7,4.3,0,0,0,0
-114.01,51.12,CALGARY INTL A,3031092,8/27/2016,240,2016,27,24.1,11.1,17.6,0.4,0,1.6,0,1.6
-114.01,51.12,CALGARY INTL A,3031092,8/28/2016,241,2016,28,14.1,7.1,10.6,7.4,0,0,0,0
-114.01,51.12,CALGARY INTL A,3031092,8/29/2016,242,2016,29,23.6,7.8,15.7,2.3,0,2.875862069,0,0
-114.01,51.12,CALGARY INTL A,3031092,8/30/2016,243,2016,30,26.3,9.5,17.9,0.1,0,0,0,0
-114.01,51.12,CALGARY INTL A,3031092,8/31/2016,244,2016,31,27,11.6,19.3,0,1.3,0,0,0
-114.01,51.12,CALGARY INTL A,3031092,9/1/2016,245,2016,1,25.7,12,18.9,0,0.9,0,0,0
-114.01,51.12,CALGARY INTL A,3031092,9/2/2016,246,2016,2,14.8,6.4,10.6,7.4,0,3,0,3
-114.01,51.12,CALGARY INTL A,3031092,9/3/2016,247,2016,3,18.3,3.9,11.1,6.9,0,0,0,0
-114.01,51.12,CALGARY INTL A,3031092,9/4/2016,248,2016,4,11.5,5.1,8.3,9.7,0,0.2,0,0.2
-114.01,51.12,CALGARY INTL A,3031092,9/5/2016,249,2016,5,17.6,3.2,10.4,7.6,0,4,0,4
-114.01,51.12,CALGARY INTL A,3031092,9/6/2016,250,2016,6,15.7,2.6,9.2,8.8,0,0.2,0,0.2
-114.01,51.12,CALGARY INTL A,3031092,9/7/2016,251,2016,7,19.6,2.4,11,7,0,0,0,0
-114.01,51.12,CALGARY INTL A,3031092,9/8/2016,252,2016,8,15.1,7.9,11.5,6.5,0,3.3,0,3.3
-114.01,51.12,CALGARY INTL A,3031092,9/9/2016,253,2016,9,18.6,4.3,11.5,6.5,0,0,0,0
-114.01,51.12,CALGARY INTL A,3031092,9/10/2016,254,2016,10,22.2,8.6,15.4,2.6,0,0,0,0
-114.01,51.12,CALGARY INTL A,3031092,9/11/2016,255,2016,11,9.9,3.9,6.9,11.1,0,10.2,0,10.2
-114.01,51.12,CALGARY INTL A,3031092,9/12/2016,256,2016,12,12.2,1.8,7,11,0,0.2,0,0.2
-114.01,51.12,CALGARY INTL A,3031092,9/13/2016,257,2016,13,19.1,0.5,9.8,8.2,0,0,0,0
-114.01,51.12,CALGARY INTL A,3031092,9/14/2016,258,2016,14,22.9,5.2,14.1,3.9,0,0,0,0
-114.01,51.12,CALGARY INTL A,3031092,9/15/2016,259,2016,15,22.7,6.9,14.8,3.2,0,0,0,0
-114.01,51.12,CALGARY INTL A,3031092,9/16/2016,260,2016,16,23.9,6.1,15,3,0,0,0,0
-114.01,51.12,CALGARY INTL A,3031092,9/17/2016,261,2016,17,20.5,10.5,15.5,2.5,0,0,0,0
-114.01,51.12,CALGARY INTL A,3031092,9/18/2016,262,2016,18,18.2,5.4,11.8,6.2,0,0,0,0
-114.01,51.12,CALGARY INTL A,3031092,9/19/2016,263,2016,19,16.5,1.7,9.1,8.9,0,0,0,0
-114.01,51.12,CALGARY INTL A,3031092,9/20/2016,264,2016,20,6.9,4.2,5.6,12.4,0,0.9,0,0.9
-114.01,51.12,CALGARY INTL A,3031092,9/21/2016,265,2016,21,12.7,2.8,7.8,10.2,0,0,0,0
-114.01,51.12,CALGARY INTL A,3031092,9/22/2016,266,2016,22,9.9,3.8,6.9,11.1,0,2.9,0,2.9
-114.01,51.12,CALGARY INTL A,3031092,9/23/2016,267,2016,23,16.9,6.5,11.7,6.3,0,0.2,0,0.2
-114.01,51.12,CALGARY INTL A,3031092,9/24/2016,268,2016,24,15.5,5.1,10.3,7.7,0,0.2,0,0.2
-114.01,51.12,CALGARY INTL A,3031092,9/25/2016,269,2016,25,19.6,1.6,10.6,7.4,0,0,0,0
-114.01,51.12,CALGARY INTL A,3031092,9/26/2016,270,2016,26,23.6,7.1,15.4,2.6,0,0,0,0
-114.01,51.12,CALGARY INTL A,3031092,9/27/2016,271,2016,27,19.7,8.8,14.3,3.7,0,0,0,0
-114.01,51.12,CALGARY INTL A,3031092,9/28/2016,272,2016,28,12.8,7,9.9,8.1,0,0,0,0
-114.01,51.12,CALGARY INTL A,3031092,9/29/2016,273,2016,29,15.9,2.6,9.3,8.7,0,0,0,0
-114.01,51.12,CALGARY INTL A,3031092,9/30/2016,274,2016,30,16.9,4.4,10.7,7.3,0,0,0,0
-114.01,51.12,CALGARY INTL A,3031092,10/1/2016,275,2016,1,11.4,5.8,8.6,9.4,0,5.4,0,5.4
-114.01,51.12,CALGARY INTL A,3031092,10/2/2016,276,2016,2,14.2,0.9,7.6,10.4,0,0,0,0
-114.01,51.12,CALGARY INTL A,3031092,10/3/2016,277,2016,3,13.8,-0.3,6.8,11.2,0,0,0,0
-114.01,51.12,CALGARY INTL A,3031092,10/4/2016,278,2016,4,11.4,-0.6,5.4,12.6,0,0,0,0
-114.01,51.12,CALGARY INTL A,3031092,10/5/2016,279,2016,5,4.2,-0.7,1.8,16.2,0,0,0,0
-114.01,51.12,CALGARY INTL A,3031092,10/6/2016,280,2016,6,5.7,-3.2,1.3,16.7,0,0,0,0
-114.01,51.12,CALGARY INTL A,3031092,10/7/2016,281,2016,7,0.2,-2.4,-1.1,19.1,0,0.2,4,3.8
-114.01,51.12,CALGARY INTL A,3031092,10/8/2016,282,2016,8,2.2,-2.3,-0.1,18.1,0,0.4,0,0.4
-114.01,51.12,CALGARY INTL A,3031092,10/9/2016,283,2016,9,2.1,-1.1,0.5,17.5,0,2.8,0,2.8
-114.01,51.12,CALGARY INTL A,3031092,10/10/2016,284,2016,10,-0.2,-3.3,-1.8,19.8,0,0,4.4,3.2
-114.01,51.12,CALGARY INTL A,3031092,10/11/2016,285,2016,11,3.1,-4.2,-0.6,18.6,0,0,0.2,0.2
-114.01,51.12,CALGARY INTL A,3031092,10/12/2016,286,2016,12,10.3,-5.2,2.6,15.4,0,0,0,0
-114.01,51.12,CALGARY INTL A,3031092,10/13/2016,287,2016,13,11.4,-4.8,3.3,14.7,0,0,0,0
-114.01,51.12,CALGARY INTL A,3031092,10/14/2016,288,2016,14,6.5,-2.2,2.2,15.8,0,3,0,3
-114.01,51.12,CALGARY INTL A,3031092,10/15/2016,289,2016,15,5.8,-3,1.4,16.6,0,1,0,1
-114.01,51.12,CALGARY INTL A,3031092,10/16/2016,290,2016,16,14.6,-0.8,6.9,11.1,0,0.54,0,0.92
-114.01,51.12,CALGARY INTL A,3031092,10/17/2016,291,2016,17,5.9,-4.4,0.8,17.2,0,0,1,1
-114.01,51.12,CALGARY INTL A,3031092,10/18/2016,292,2016,18,2.6,-0.4,1.1,16.9,0,0.2,0,0.2
-114.01,51.12,CALGARY INTL A,3031092,10/19/2016,293,2016,19,13.4,-1.2,6.1,11.9,0,0,0,0
-114.01,51.12,CALGARY INTL A,3031092,10/20/2016,294,2016,20,13.7,-2.8,5.5,12.5,0,0,0,0
-114.01,51.12,CALGARY INTL A,3031092,10/21/2016,295,2016,21,12.1,-1.3,5.4,12.6,0,0,0,0
-114.01,51.12,CALGARY INTL A,3031092,10/22/2016,296,2016,22,12.5,-1.4,5.6,12.4,0,0,0,0
-114.01,51.12,CALGARY INTL A,3031092,10/23/2016,297,2016,23,10.6,-5.1,2.8,15.2,0,0,0,0
-114.01,51.12,CALGARY INTL A,3031092,10/24/2016,298,2016,24,4.4,-0.6,1.9,16.1,0,0,0,0
-114.01,51.12,CALGARY INTL A,3031092,10/25/2016,299,2016,25,14,-3,5.5,12.5,0,0,0,0
-114.01,51.12,CALGARY INTL A,3031092,10/26/2016,300,2016,26,10,-4.8,2.6,15.4,0,0,0,0
-114.01,51.12,CALGARY INTL A,3031092,10/27/2016,301,2016,27,15.2,-1.1,7.1,10.9,0,0.2,0,0.2
-114.01,51.12,CALGARY INTL A,3031092,10/28/2016,302,2016,28,3.8,0.2,2,16,0,2.8,3.4,6.2
-114.01,51.12,CALGARY INTL A,3031092,10/29/2016,303,2016,29,4.1,0.6,2.4,15.6,0,0,0,0
-114.01,51.12,CALGARY INTL A,3031092,10/30/2016,304,2016,30,12.4,-1.3,5.6,12.4,0,0,0,0
-114.01,51.12,CALGARY INTL A,3031092,10/31/2016,305,2016,31,5.2,-1.5,1.9,16.1,0,0.2,0,0.2
-114.01,51.12,CALGARY INTL A,3031092,11/1/2016,306,2016,1,8.1,-1.5,3.3,14.7,0,0,0,0
-114.01,51.12,CALGARY INTL A,3031092,11/2/2016,307,2016,2,11.8,-1.2,5.3,12.7,0,0,0,0
-114.01,51.12,CALGARY INTL A,3031092,11/3/2016,308,2016,3,18.4,0.3,9.4,8.6,0,0,0,0
-114.01,51.12,CALGARY INTL A,3031092,11/4/2016,309,2016,4,18.5,-2.2,8.2,9.8,0,0,0,0
-114.01,51.12,CALGARY INTL A,3031092,11/5/2016,310,2016,5,20,-1.6,9.2,8.8,0,0,0,0
-114.01,51.12,CALGARY INTL A,3031092,11/6/2016,311,2016,6,10.2,0.5,5.4,12.6,0,0,0,0
-114.01,51.12,CALGARY INTL A,3031092,11/7/2016,312,2016,7,12.1,-3.4,4.4,13.6,0,0,0,0
-114.01,51.12,CALGARY INTL A,3031092,11/8/2016,313,2016,8,21.8,6.3,14.1,3.9,0,0,0,0
-114.01,51.12,CALGARY INTL A,3031092,11/9/2016,314,2016,9,20.6,2.8,11.7,6.3,0,0,0,0
-114.01,51.12,CALGARY INTL A,3031092,11/10/2016,315,2016,10,12.7,-1.9,5.4,12.6,0,0,0,0
-114.01,51.12,CALGARY INTL A,3031092,11/11/2016,316,2016,11,13.8,-0.1,6.9,11.1,0,0,0,0
-114.01,51.12,CALGARY INTL A,3031092,11/12/2016,317,2016,12,15.7,2.2,9,9,0,0,0,0
-114.01,51.12,CALGARY INTL A,3031092,11/13/2016,318,2016,13,14.6,-2.4,6.1,11.9,0,0,0,0
-114.01,51.12,CALGARY INTL A,3031092,11/14/2016,319,2016,14,10.9,-0.8,5.1,12.9,0,0,0,0
-114.01,51.12,CALGARY INTL A,3031092,11/15/2016,320,2016,15,2.8,-4.8,-1,19,0,0.4,1.6,1.8
-114.01,51.12,CALGARY INTL A,3031092,11/16/2016,321,2016,16,0.1,-4.2,-2.1,20.1,0,0,0,0
-114.01,51.12,CALGARY INTL A,3031092,11/17/2016,322,2016,17,-2,-4.8,-3.4,21.4,0,0,0.7,0.7
-114.01,51.12,CALGARY INTL A,3031092,11/18/2016,323,2016,18,-2.6,-5,-3.8,21.8,0,0,0,0
-114.01,51.12,CALGARY INTL A,3031092,11/19/2016,324,2016,19,-0.3,-5.1,-2.7,20.7,0,0,0,0
-114.01,51.12,CALGARY INTL A,3031092,11/20/2016,325,2016,20,5.1,-7.8,-1.4,19.4,0,0,0,0
-114.01,51.12,CALGARY INTL A,3031092,11/21/2016,326,2016,21,10,-3,3.5,14.5,0,0,0,0
-114.01,51.12,CALGARY INTL A,3031092,11/22/2016,327,2016,22,1.7,-8.3,-3.3,21.3,0,0,0,0
-114.01,51.12,CALGARY INTL A,3031092,11/23/2016,328,2016,23,4.1,-11.1,-3.5,21.5,0,0,0,0
-114.01,51.12,CALGARY INTL A,3031092,11/24/2016,329,2016,24,7.8,-5.7,1.1,16.9,0,0,0,0
-114.01,51.12,CALGARY INTL A,3031092,11/25/2016,330,2016,25,9.4,-4.3,2.6,15.4,0,0,0,0
-114.01,51.12,CALGARY INTL A,3031092,11/26/2016,331,2016,26,9.3,-7.4,1,17,0,0,0,0
-114.01,51.12,CALGARY INTL A,3031092,11/27/2016,332,2016,27,7.6,-7.7,-0.1,18.1,0,0,0,0
-114.01,51.12,CALGARY INTL A,3031092,11/28/2016,333,2016,28,2.2,-4.1,-1,19,0,0,0,0
-114.01,51.12,CALGARY INTL A,3031092,11/29/2016,334,2016,29,2.4,-7.4,-2.5,20.5,0,0,0,0
-114.01,51.12,CALGARY INTL A,3031092,11/30/2016,335,2016,30,-4.9,-11.9,-8.4,26.4,0,0,0.6,0.2
-114.01,51.12,CALGARY INTL A,3031092,12/1/2016,336,2016,1,0.4,-5,-2.3,20.3,0,0,2.2,1.6
-114.01,51.12,CALGARY INTL A,3031092,12/2/2016,337,2016,2,4.6,-10,-2.7,20.7,0,0,0,0
-114.01,51.12,CALGARY INTL A,3031092,12/3/2016,338,2016,3,5.2,-4.9,0.2,17.8,0,0,0,0
-114.01,51.12,CALGARY INTL A,3031092,12/4/2016,339,2016,4,-2.7,-11.1,-6.9,24.9,0,0,6,4
-114.01,51.12,CALGARY INTL A,3031092,12/5/2016,340,2016,5,-10.7,-19.2,-15,33,0,0,0,0
-114.01,51.12,CALGARY INTL A,3031092,12/6/2016,341,2016,6,-18.2,-21.4,-19.8,37.8,0,0,0,0
-114.01,51.12,CALGARY INTL A,3031092,12/7/2016,342,2016,7,-18.6,-25,-21.8,39.8,0,0,0,0
-114.01,51.12,CALGARY INTL A,3031092,12/8/2016,343,2016,8,-19.8,-26.7,-23.3,41.3,0,0,0,0
-114.01,51.12,CALGARY INTL A,3031092,12/9/2016,344,2016,9,-20.2,-24.4,-22.3,40.3,0,0,0.4,0.4
-114.01,51.12,CALGARY INTL A,3031092,12/10/2016,345,2016,10,-5.773333333,-23.6,-10.31666667,28.31666667,0,0.006666667,0.87,0.746666667
-114.01,51.12,CALGARY INTL A,3031092,12/11/2016,346,2016,11,-15.6,-23.7,-19.7,37.7,0,0,0.2,0.2
-114.01,51.12,CALGARY INTL A,3031092,12/12/2016,347,2016,12,-9.6,-19.1,-14.4,32.4,0,0,0,0
-114.01,51.12,CALGARY INTL A,3031092,12/13/2016,348,2016,13,-8.7,-21.4,-15.1,33.1,0,0,0,0
-114.01,51.12,CALGARY INTL A,3031092,12/14/2016,349,2016,14,-9.1,-20.4,-14.8,32.8,0,0,0,0
-114.01,51.12,CALGARY INTL A,3031092,12/15/2016,350,2016,15,-15.7,-20.5,-18.1,36.1,0,0,0.5,0.4
-114.01,51.12,CALGARY INTL A,3031092,12/16/2016,351,2016,16,-17.1,-25.7,-21.4,39.4,0,0,0,0
-114.01,51.12,CALGARY INTL A,3031092,12/17/2016,352,2016,17,-6.9,-23.1,-15,33,0,0,0,0
-114.01,51.12,CALGARY INTL A,3031092,12/18/2016,353,2016,18,1.1,-8.2,-3.6,21.6,0,0,0,0
-114.01,51.12,CALGARY INTL A,3031092,12/19/2016,354,2016,19,2,-2.4,-0.2,18.2,0,0,0,0
-114.01,51.12,CALGARY INTL A,3031092,12/20/2016,355,2016,20,3.7,-3.8,-0.1,18.1,0,0,0,0
-114.01,51.12,CALGARY INTL A,3031092,12/21/2016,356,2016,21,5,-7.3,-1.2,19.2,0,0,0,0
-114.01,51.12,CALGARY INTL A,3031092,12/22/2016,357,2016,22,7.3,-3.6,1.9,16.1,0,0,0,0
-114.01,51.12,CALGARY INTL A,3031092,12/23/2016,358,2016,23,-2.3,-11.1,-6.7,24.7,0,0,8.2,7.8
-114.01,51.12,CALGARY INTL A,3031092,12/24/2016,359,2016,24,-7.3,-15.7,-11.5,29.5,0,0,5.6,5.6
-114.01,51.12,CALGARY INTL A,3031092,12/25/2016,360,2016,25,-14.6,-22.4,-18.5,36.5,0,0,0.2,0.2
-114.01,51.12,CALGARY INTL A,3031092,12/26/2016,361,2016,26,-1.8,-22.8,-12.3,30.3,0,0,0,0
-114.01,51.12,CALGARY INTL A,3031092,12/27/2016,362,2016,27,1.1,-6.5,-2.7,20.7,0,0,0,0
-114.01,51.12,CALGARY INTL A,3031092,12/28/2016,363,2016,28,0.9,-5.6,-2.4,20.4,0,0,0,0
-114.01,51.12,CALGARY INTL A,3031092,12/29/2016,364,2016,29,-1,-11.3,-6.2,24.2,0,0,0,0
-114.01,51.12,CALGARY INTL A,3031092,12/30/2016,365,2016,30,-1.1,-10,-5.6,23.6,0,0,0,0
-114.01,51.12,CALGARY INTL A,3031092,12/31/2016,366,2016,31,-3.5,-12.5,-8,26,0,0.2,2.8,2.2
-114.01,51.12,CALGARY INTL A,3031092,1/1/2017,1,2017,1,-7.8,-17.4,-12.6,30.6,0,0,3.6,2
-114.01,51.12,CALGARY INTL A,3031092,1/2/2017,2,2017,2,-16.1,-26.1,-21.1,39.1,0,0,0,0
-114.01,51.12,CALGARY INTL A,3031092,1/3/2017,3,2017,3,-15.5,-22.4,-19,37,0,0.1,0.4,0.3
-114.01,51.12,CALGARY INTL A,3031092,1/4/2017,4,2017,4,-7.2,-17.2,-12.2,30.2,0,0,0,0
-114.01,51.12,CALGARY INTL A,3031092,1/5/2017,5,2017,5,-3.5,-15.8,-9.7,27.7,0,0,2.2,1.2
-114.01,51.12,CALGARY INTL A,3031092,1/6/2017,6,2017,6,-9.9,-17,-13.5,31.5,0,0.003448276,3,1.6
-114.01,51.12,CALGARY INTL A,3031092,1/7/2017,7,2017,7,-14.9,-19.2,-17.1,35.1,0,0,0.4,0.4
-114.01,51.12,CALGARY INTL A,3031092,1/8/2017,8,2017,8,-17.4,-19.8,-18.6,36.6,0,0,0,0
-114.01,51.12,CALGARY INTL A,3031092,1/9/2017,9,2017,9,-19.5,-23.1,-21.3,39.3,0,0.003448276,4.3,4.2
-114.01,51.12,CALGARY INTL A,3031092,1/10/2017,10,2017,10,-16.2,-22.1,-19.2,37.2,0,0,0.4,0.4
-114.01,51.12,CALGARY INTL A,3031092,1/11/2017,11,2017,11,-6,-23.1,-14.6,32.6,0,0,0,0
-114.01,51.12,CALGARY INTL A,3031092,1/12/2017,12,2017,12,-2.9,-20.1,-11.5,29.5,0,0,0,0
-114.01,51.12,CALGARY INTL A,3031092,1/13/2017,13,2017,13,-2.6,-13.4,-8,26,0,0,0,0
-114.01,51.12,CALGARY INTL A,3031092,1/14/2017,14,2017,14,6.2,-14.1,-4,22,0,0,0,0
-114.01,51.12,CALGARY INTL A,3031092,1/15/2017,15,2017,15,7,-1.3,2.9,15.1,0,0,0,0
-114.01,51.12,CALGARY INTL A,3031092,1/16/2017,16,2017,16,9.6,-6.3,1.7,16.3,0,0,0,0
-114.01,51.12,CALGARY INTL A,3031092,1/17/2017,17,2017,17,10.2,0.7,5.5,12.5,0,0,0,0
-114.01,51.12,CALGARY INTL A,3031092,1/18/2017,18,2017,18,7.7,-11.64,-6.766666667,24.76666667,0,0,0,0
-114.01,51.12,CALGARY INTL A,3031092,1/19/2017,19,2017,19,9.9,-0.8,4.6,13.4,0,0,0,0
-114.01,51.12,CALGARY INTL A,3031092,1/20/2017,20,2017,20,5.7,-7.8,-1.1,19.1,0,0,0,0
-114.01,51.12,CALGARY INTL A,3031092,1/21/2017,21,2017,21,2.1,-10.3,-4.1,22.1,0,0,0,0
-114.01,51.12,CALGARY INTL A,3031092,1/22/2017,22,2017,22,-3.1,-6.3,-4.7,22.7,0,0,0.2,0.2
-114.01,51.12,CALGARY INTL A,3031092,1/23/2017,23,2017,23,-3.2,-7.5,-5.4,23.4,0,0,0,0
-114.01,51.12,CALGARY INTL A,3031092,1/24/2017,24,2017,24,0.5,-11.1,-5.3,23.3,0,0,0,0
-114.01,51.12,CALGARY INTL A,3031092,1/25/2017,25,2017,25,1.6,-7.2,-2.8,20.8,0,0,0,0
-114.01,51.12,CALGARY INTL A,3031092,1/26/2017,26,2017,26,4.8,-6.9,-1.1,19.1,0,0,0,0
-114.01,51.12,CALGARY INTL A,3031092,1/27/2017,27,2017,27,7.4,-7.4,0,18,0,0,0,0
-114.01,51.12,CALGARY INTL A,3031092,1/28/2017,28,2017,28,10.8,5.8,8.3,9.7,0,0,0,0
-114.01,51.12,CALGARY INTL A,3031092,1/29/2017,29,2017,29,13,4.8,8.9,9.1,0,0,0,0
-114.01,51.12,CALGARY INTL A,3031092,1/30/2017,30,2017,30,5.3,-4.7,0.3,17.7,0,0,0,0
-114.01,51.12,CALGARY INTL A,3031092,1/31/2017,31,2017,31,-4.6,-12.1,-8.3,26.3,0,0,0.2,0.2
-114.01,51.12,CALGARY INTL A,3031092,2/1/2017,32,2017,1,-7.1,-11.8,-9.5,27.5,0,0.2,0,0.2
-114.01,51.12,CALGARY INTL A,3031092,2/2/2017,33,2017,2,-6.2,-14.7,-10.5,28.5,0,0,0,0
-114.01,51.12,CALGARY INTL A,3031092,2/3/2017,34,2017,3,-11.1,-18.6,-14.9,32.9,0,0,2.8,2.8
-114.01,51.12,CALGARY INTL A,3031092,2/4/2017,35,2017,4,-14.2,-17.4,-15.8,33.8,0,0.007407407,3.6,2.8
-114.01,51.12,CALGARY INTL A,3031092,2/5/2017,36,2017,5,-16,-19.8,-17.9,35.9,0,0,9.6,8.4
-114.01,51.12,CALGARY INTL A,3031092,2/6/2017,37,2017,6,-19.6,-25.2,-22.4,40.4,0,0,8.6,7.8
-114.01,51.12,CALGARY INTL A,3031092,2/7/2017,38,2017,7,-20.9,-29.6,-25.3,43.3,0,0,0,0
-114.01,51.12,CALGARY INTL A,3031092,2/8/2017,39,2017,8,-13.7,-29.5,-21.6,39.6,0,0,0,0
-114.01,51.12,CALGARY INTL A,3031092,2/9/2017,40,2017,9,-6.9,-17.3,-12.1,30.1,0,0,0,0
-114.01,51.12,CALGARY INTL A,3031092,2/10/2017,41,2017,10,5.9,-16.4,-5.3,23.3,0,0,0,0
-114.01,51.12,CALGARY INTL A,3031092,2/11/2017,42,2017,11,2.7,-8.1,-2.7,20.7,0,0,0,0
-114.01,51.12,CALGARY INTL A,3031092,2/12/2017,43,2017,12,6.3,-4.2,1.1,16.9,0,0,0,0
-114.01,51.12,CALGARY INTL A,3031092,2/13/2017,44,2017,13,9.2,2.9,6.1,11.9,0,0,0,0
-114.01,51.12,CALGARY INTL A,3031092,2/14/2017,45,2017,14,12.1,-3.4,4.4,13.6,0,0,0,0
-114.01,51.12,CALGARY INTL A,3031092,2/15/2017,46,2017,15,16.4,-2.3,7.1,10.9,0,0,0,0
-114.01,51.12,CALGARY INTL A,3031092,2/16/2017,47,2017,16,15,-0.4,7.3,10.7,0,0,0,0
-114.01,51.12,CALGARY INTL A,3031092,2/17/2017,48,2017,17,9.9,-1.9,4,14,0,0,0,0
-114.01,51.12,CALGARY INTL A,3031092,2/18/2017,49,2017,18,1.7,-5.4,-1.9,19.9,0,0,3.6,2.4
-114.01,51.12,CALGARY INTL A,3031092,2/19/2017,50,2017,19,1.4,-4,-1.3,19.3,0,0,0,0
-114.01,51.12,CALGARY INTL A,3031092,2/20/2017,51,2017,20,0.8,-7.1,-3.2,21.2,0,0,0,0
-114.01,51.12,CALGARY INTL A,3031092,2/21/2017,52,2017,21,1.6,-11.64814815,-7.081481481,25.08148148,0,0,0,0
-114.01,51.12,CALGARY INTL A,3031092,2/22/2017,53,2017,22,-1.3,-6.2,-3.8,21.8,0,0,0.8,0.8
-114.01,51.12,CALGARY INTL A,3031092,2/23/2017,54,2017,23,-2.4,-8,-5.2,23.2,0,0,0.2,0.2
-114.01,51.12,CALGARY INTL A,3031092,2/24/2017,55,2017,24,-5.9,-11,-8.5,26.5,0,0,4,3.6
-114.01,51.12,CALGARY INTL A,3031092,2/25/2017,56,2017,25,-3.1,-10.5,-6.8,24.8,0,0,1.2,1
-114.01,51.12,CALGARY INTL A,3031092,2/26/2017,57,2017,26,-5.9,-13.5,-9.7,27.7,0,0,1.4,0.8
-114.01,51.12,CALGARY INTL A,3031092,2/27/2017,58,2017,27,-8.6,-17.2,-12.9,30.9,0,0,0,0
-114.01,51.12,CALGARY INTL A,3031092,2/28/2017,59,2017,28,-5.9,-13.9,-9.9,27.9,0,0,0,0
-114.01,51.12,CALGARY INTL A,3031092,3/1/2017,60,2017,1,0.7,-12.7,-6,24,0,0,0,0
-114.01,51.12,CALGARY INTL A,3031092,3/2/2017,61,2017,2,2.5,-11.7,-4.6,22.6,0,0,0,0
-114.01,51.12,CALGARY INTL A,3031092,3/3/2017,62,2017,3,9.6,-5.9,1.9,16.1,0,0,0,0
-114.01,51.12,CALGARY INTL A,3031092,3/4/2017,63,2017,4,-3.5,-12.3,-7.9,25.9,0,0,0,0
-114.01,51.12,CALGARY INTL A,3031092,3/5/2017,64,2017,5,-9.9,-13.4,-11.7,29.7,0,0,2.4,2.2
-114.01,51.12,CALGARY INTL A,3031092,3/6/2017,65,2017,6,-9.8,-14.6,-12.2,30.2,0,0,0.2,0.2
-114.01,51.12,CALGARY INTL A,3031092,3/7/2017,66,2017,7,-9.8,-16.2,-13,31,0,0,0,0
-114.01,51.12,CALGARY INTL A,3031092,3/8/2017,67,2017,8,-13.8,-20.2,-17,35,0,0,6.1,5.5
-114.01,51.12,CALGARY INTL A,3031092,3/9/2017,68,2017,9,-17.2,-22.4,-19.8,37.8,0,0,2.6,2
-114.01,51.12,CALGARY INTL A,3031092,3/10/2017,69,2017,10,-16.9,-20.3,-18.6,36.6,0,0,3.1,2.3
-114.01,51.12,CALGARY INTL A,3031092,3/11/2017,70,2017,11,-15.1,-20.3,-17.7,35.7,0,0,1,0.8
-114.01,51.12,CALGARY INTL A,3031092,3/12/2017,71,2017,12,-12.3,-19.2,-15.8,33.8,0,0,0,0
-114.01,51.12,CALGARY INTL A,3031092,3/13/2017,72,2017,13,9.3,-16.4,-3.6,21.6,0,0,0,0
-114.01,51.12,CALGARY INTL A,3031092,3/14/2017,73,2017,14,9.2,-0.8,4.2,13.8,0,0,0,0
-114.01,51.12,CALGARY INTL A,3031092,3/15/2017,74,2017,15,14.5,-2.2,6.2,11.8,0,0,0,0
-114.01,51.12,CALGARY INTL A,3031092,3/16/2017,75,2017,16,9.5,-1.4,4.1,13.9,0,0,1.3,1
-114.01,51.12,CALGARY INTL A,3031092,3/17/2017,76,2017,17,6.2,-4.8,0.7,17.3,0,0,0,0
-114.01,51.12,CALGARY INTL A,3031092,3/18/2017,77,2017,18,15.4,-3.5,6,12,0,0.6,0,0.6
-114.01,51.12,CALGARY INTL A,3031092,3/19/2017,78,2017,19,4.5,-5.1,-0.3,18.3,0,0,0,0
-114.01,51.12,CALGARY INTL A,3031092,3/20/2017,79,2017,20,1.2,-7,-2.9,20.9,0,0,0,0
-114.01,51.12,CALGARY INTL A,3031092,3/21/2017,80,2017,21,5.8,-4.5,0.7,17.3,0,0,0,0
-114.01,51.12,CALGARY INTL A,3031092,3/22/2017,81,2017,22,14,-1.1,6.5,11.5,0,1.4,0,1.4
-114.01,51.12,CALGARY INTL A,3031092,3/23/2017,82,2017,23,10.9,-1.8,4.6,13.4,0,0.2,0,0.2
-114.01,51.12,CALGARY INTL A,3031092,3/24/2017,83,2017,24,13.9,-3.6,5.2,12.8,0,0,0,0
-114.01,51.12,CALGARY INTL A,3031092,3/25/2017,84,2017,25,12.3,-0.2,6.1,11.9,0,0,0,0
-114.01,51.12,CALGARY INTL A,3031092,3/26/2017,85,2017,26,10.3,-4.6,2.9,15.1,0,0,0,0
-114.01,51.12,CALGARY INTL A,3031092,3/27/2017,86,2017,27,12.3,0.8,6.6,11.4,0,0,0,0
-114.01,51.12,CALGARY INTL A,3031092,3/28/2017,87,2017,28,11.6,-2.2,4.7,13.3,0,0,0,0
-114.01,51.12,CALGARY INTL A,3031092,3/29/2017,88,2017,29,11.3,-1.4,5,13,0,0,0,0
-114.01,51.12,CALGARY INTL A,3031092,3/30/2017,89,2017,30,11.6,-2.1,4.8,13.2,0,0,0,0
-114.01,51.12,CALGARY INTL A,3031092,3/31/2017,90,2017,31,14.6,-2.5,6.1,11.9,0,0,0,0
-114.01,51.12,CALGARY INTL A,3031092,4/1/2017,91,2017,1,15.6,-0.7,7.5,10.5,0,0.2,0,0.2
-114.01,51.12,CALGARY INTL A,3031092,4/2/2017,92,2017,2,3.7,-2,0.9,17.1,0,0,7.2,7.2
-114.01,51.12,CALGARY INTL A,3031092,4/3/2017,93,2017,3,7.6,-3.5,2.1,15.9,0,0,0,0
-114.01,51.12,CALGARY INTL A,3031092,4/4/2017,94,2017,4,11.4,-6.6,2.4,15.6,0,0,0,0
-114.01,51.12,CALGARY INTL A,3031092,4/5/2017,95,2017,5,16.7,-3,6.9,11.1,0,0,0,0
-114.01,51.12,CALGARY INTL A,3031092,4/6/2017,96,2017,6,18,5,11.5,6.5,0,0,0,0
-114.01,51.12,CALGARY INTL A,3031092,4/7/2017,97,2017,7,10.3,-2.4,4,14,0,11.8,0,11.8
-114.01,51.12,CALGARY INTL A,3031092,4/8/2017,98,2017,8,12.3,2.4,7.4,10.6,0,0,0,0.2
-114.01,51.12,CALGARY INTL A,3031092,4/9/2017,99,2017,9,7.7,1.4,4.6,13.4,0,0.8,0,0.8
-114.01,51.12,CALGARY INTL A,3031092,4/10/2017,100,2017,10,11.5,-2.6,4.5,13.5,0,0,0,0
-114.01,51.12,CALGARY INTL A,3031092,4/11/2017,101,2017,11,9.9,-0.3,4.8,13.2,0,0,0,0
-114.01,51.12,CALGARY INTL A,3031092,4/12/2017,102,2017,12,7,-1.1,3,15,0,0.4,0,0.4
-114.01,51.12,CALGARY INTL A,3031092,4/13/2017,103,2017,13,3.8,0.2,2,16,0,12.1,2.4,14.5
-114.01,51.12,CALGARY INTL A,3031092,4/14/2017,104,2017,14,11.3,-0.1,5.6,12.4,0,0,0,0
-114.01,51.12,CALGARY INTL A,3031092,4/15/2017,105,2017,15,3.9,-3.4,0.3,17.7,0,0,1.2,1.2
-114.01,51.12,CALGARY INTL A,3031092,4/16/2017,106,2017,16,8.6,-5.5,1.6,16.4,0,0,0,0
-114.01,51.12,CALGARY INTL A,3031092,4/17/2017,107,2017,17,11.6,-1.4,5.1,12.9,0,0,0,0
-114.01,51.12,CALGARY INTL A,3031092,4/18/2017,108,2017,18,14.4,0.8,7.6,10.4,0,0.4,0,0.4
-114.01,51.12,CALGARY INTL A,3031092,4/19/2017,109,2017,19,13.8,1.6,7.7,10.3,0,4,0,4
-114.01,51.12,CALGARY INTL A,3031092,4/20/2017,110,2017,20,15.2,0.9,8.1,9.9,0,0.2,0,0.2
-114.01,51.12,CALGARY INTL A,3031092,4/21/2017,111,2017,21,10.7,2.6,6.7,11.3,0,0.4,0,0.4
-114.01,51.12,CALGARY INTL A,3031092,4/22/2017,112,2017,22,12.6,-1.4,5.6,12.4,0,7.2,0,7.2
-114.01,51.12,CALGARY INTL A,3031092,4/23/2017,113,2017,23,10.9,1.2,6.1,11.9,0,3.2,0,3.2
-114.01,51.12,CALGARY INTL A,3031092,4/24/2017,114,2017,24,4.5,-0.1,2.2,15.8,0,4.2,0,4.2
-114.01,51.12,CALGARY INTL A,3031092,4/25/2017,115,2017,25,1.2,-2.4,-0.6,18.6,0,1.610344828,5.2,9
-114.01,51.12,CALGARY INTL A,3031092,4/26/2017,116,2017,26,3.6,-3,0.3,17.7,0,0,0,0
-114.01,51.12,CALGARY INTL A,3031092,4/27/2017,117,2017,27,8.5,0.7,4.6,13.4,0,0,0.4,0.4
-114.01,51.12,CALGARY INTL A,3031092,4/28/2017,118,2017,28,9.7,0,4.9,13.1,0,0,0.2,0.2
-114.01,51.12,CALGARY INTL A,3031092,4/29/2017,119,2017,29,13.5,1.5,7.5,10.5,0,0,0,0
-114.01,51.12,CALGARY INTL A,3031092,4/30/2017,120,2017,30,14.2,4,9.1,8.9,0,1.8,0,1.8
-114.01,51.12,CALGARY INTL A,3031092,5/1/2017,121,2017,1,13,1.3,7.2,10.8,0,0,0,0
-114.01,51.12,CALGARY INTL A,3031092,5/2/2017,122,2017,2,12.5,2,7.3,10.7,0,0,0,0
-114.01,51.12,CALGARY INTL A,3031092,5/3/2017,123,2017,3,21.3,-0.1,10.6,7.4,0,0,0,0
-114.01,51.12,CALGARY INTL A,3031092,5/4/2017,124,2017,4,24,9.3,16.7,1.3,0,0,0,0
-114.01,51.12,CALGARY INTL A,3031092,5/5/2017,125,2017,5,25.4,6.8,16.1,1.9,0,0,0,0
-114.01,51.12,CALGARY INTL A,3031092,5/6/2017,126,2017,6,24.2,8.2,16.2,1.8,0,0,0,0
-114.01,51.12,CALGARY INTL A,3031092,5/7/2017,127,2017,7,11.1,3.7,7.4,10.6,0,0,0,0
-114.01,51.12,CALGARY INTL A,3031092,5/8/2017,128,2017,8,17,2.4,9.7,8.3,0,0,0,0
-114.01,51.12,CALGARY INTL A,3031092,5/9/2017,129,2017,9,15.9,8.5,12.2,5.8,0,0.2,0,0.2
-114.01,51.12,CALGARY INTL A,3031092,5/10/2017,130,2017,10,21,5.8,13.4,4.6,0,0,0,0
-114.01,51.12,CALGARY INTL A,3031092,5/11/2017,131,2017,11,22.8,5,13.9,4.1,0,1.6,0,1.6
-114.01,51.12,CALGARY INTL A,3031092,5/12/2017,132,2017,12,19.7,9.3,14.5,3.5,0,2,0,2
-114.01,51.12,CALGARY INTL A,3031092,5/13/2017,133,2017,13,16.3,5.1,10.7,7.3,0,2.2,0,2.2
-114.01,51.12,CALGARY INTL A,3031092,5/14/2017,134,2017,14,12.9,3.2,8.1,9.9,0,2,0,2
-114.01,51.12,CALGARY INTL A,3031092,5/15/2017,135,2017,15,14.7,5.803448276,12.69310345,5.465517241,0.15862069,0,0,0
-114.01,51.12,CALGARY INTL A,3031092,5/16/2017,136,2017,16,13.1,-0.6,6.3,11.7,0,0,0,0
-114.01,51.12,CALGARY INTL A,3031092,5/17/2017,137,2017,17,7.2,3.3,5.3,12.7,0,6.4,0,6.4
-114.01,51.12,CALGARY INTL A,3031092,5/18/2017,138,2017,18,16.3,1,8.7,9.3,0,0,0,0
-114.01,51.12,CALGARY INTL A,3031092,5/19/2017,139,2017,19,18.6,2.9,10.8,7.2,0,0.6,0,0.6
-114.01,51.12,CALGARY INTL A,3031092,5/20/2017,140,2017,20,20.2,5.1,12.7,5.3,0,0,0,0
-114.01,51.12,CALGARY INTL A,3031092,5/21/2017,141,2017,21,23,5.2,14.1,3.9,0,0,0,0
-114.01,51.12,CALGARY INTL A,3031092,5/22/2017,142,2017,22,24.7,10.6,17.7,0.3,0,0,0,0
-114.01,51.12,CALGARY INTL A,3031092,5/23/2017,143,2017,23,28.4,11.8,20.1,0,2.1,0,0,0
-114.01,51.12,CALGARY INTL A,3031092,5/24/2017,144,2017,24,12.8,5.803448276,12.69310345,5.465517241,0.15862069,22.1,0,22.1
-114.01,51.12,CALGARY INTL A,3031092,5/25/2017,145,2017,25,13.3,7.4,10.4,7.6,0,1,0,1
-114.01,51.12,CALGARY INTL A,3031092,5/26/2017,146,2017,26,20,2.6,11.3,6.7,0,0,0,0
-114.01,51.12,CALGARY INTL A,3031092,5/27/2017,147,2017,27,25.1,12.1,18.6,0,0.6,0,0,0
-114.01,51.12,CALGARY INTL A,3031092,5/28/2017,148,2017,28,21.5,8.6,15.1,2.9,0,0,0,0
-114.01,51.12,CALGARY INTL A,3031092,5/29/2017,149,2017,29,23.3,8,15.7,2.3,0,0,0,0
-114.01,51.12,CALGARY INTL A,3031092,5/30/2017,150,2017,30,26,8.7,17.4,0.6,0,0,0,0
-114.01,51.12,CALGARY INTL A,3031092,5/31/2017,151,2017,31,28.6,11.1,19.9,0,1.9,0,0,0
-114.01,51.12,CALGARY INTL A,3031092,6/1/2017,152,2017,1,23.6,12.3,18,0,0,0.4,0,0.4
-114.01,51.12,CALGARY INTL A,3031092,6/2/2017,153,2017,2,21.7,11.8,16.8,1.2,0,0,0,0
-114.01,51.12,CALGARY INTL A,3031092,6/3/2017,154,2017,3,26.4,6.6,16.5,1.5,0,0,0,0
-114.01,51.12,CALGARY INTL A,3031092,6/4/2017,155,2017,4,23.5,10.5,17,1,0,1.8,0,1.8
-114.01,51.12,CALGARY INTL A,3031092,6/5/2017,156,2017,5,19.4,9.182142857,15.75,2.557142857,0.307142857,0.8,0,0.8
-114.01,51.12,CALGARY INTL A,3031092,6/6/2017,157,2017,6,23.1,6.7,14.9,3.1,0,0,0,0
-114.01,51.12,CALGARY INTL A,3031092,6/7/2017,158,2017,7,26.4,8.2,17.3,0.7,0,0,0,0
-114.01,51.12,CALGARY INTL A,3031092,6/8/2017,159,2017,8,26.7,13.2,20,0,2,13.2,0,13.2
-114.01,51.12,CALGARY INTL A,3031092,6/9/2017,160,2017,9,20.3,8.7,14.5,3.5,0,4.6,0,4.6
-114.01,51.12,CALGARY INTL A,3031092,6/10/2017,161,2017,10,11.3,4.9,8.1,9.9,0,13,0,13
-114.01,51.12,CALGARY INTL A,3031092,6/11/2017,162,2017,11,20.7,8.3,14.5,3.5,0,0,0,0
-114.01,51.12,CALGARY INTL A,3031092,6/12/2017,163,2017,12,23.3,7.7,15.5,2.5,0,0,0,0
-114.01,51.12,CALGARY INTL A,3031092,6/13/2017,164,2017,13,18.1,9.182142857,15.75,2.557142857,0.307142857,1.2,0,1.2
-114.01,51.12,CALGARY INTL A,3031092,6/14/2017,165,2017,14,17.3,10,13.7,4.3,0,3,0,3
-114.01,51.12,CALGARY INTL A,3031092,6/15/2017,166,2017,15,19.6,4.5,12.1,5.9,0,0,0,0
-114.01,51.12,CALGARY INTL A,3031092,6/16/2017,167,2017,16,21.2,9.1,15.2,2.8,0,1.4,0,1.4
-114.01,51.12,CALGARY INTL A,3031092,6/17/2017,168,2017,17,19.6,10.1,14.9,3.1,0,0.4,0,0.4
-114.01,51.12,CALGARY INTL A,3031092,6/18/2017,169,2017,18,21.6,9.6,15.6,2.4,0,0,0,0
-114.01,51.12,CALGARY INTL A,3031092,6/19/2017,170,2017,19,21.3,8,14.7,3.3,0,0,0,0
-114.01,51.12,CALGARY INTL A,3031092,6/20/2017,171,2017,20,26.8,11,18.9,0,0.9,0,0,0
-114.01,51.12,CALGARY INTL A,3031092,6/21/2017,172,2017,21,20.3,7.2,13.8,4.2,0,0.2,0,0.2
-114.01,51.12,CALGARY INTL A,3031092,6/22/2017,173,2017,22,16.9,6.9,11.9,6.1,0,0.3,0,0.3
-114.01,51.12,CALGARY INTL A,3031092,6/23/2017,174,2017,23,20.2,9,14.6,3.4,0,1.2,0,1.2
-114.01,51.12,CALGARY INTL A,3031092,6/24/2017,175,2017,24,21.3,8.7,15,3,0,0,0,0
-114.01,51.12,CALGARY INTL A,3031092,6/25/2017,176,2017,25,26.4,9.8,18.1,0,0.1,0,0,0
-114.01,51.12,CALGARY INTL A,3031092,6/26/2017,177,2017,26,32.1,12.6,22.4,0,4.4,0,0,0
-114.01,51.12,CALGARY INTL A,3031092,6/27/2017,178,2017,27,21.8,11.8,16.8,1.2,0,0,0,0
-114.01,51.12,CALGARY INTL A,3031092,6/28/2017,179,2017,28,20,8.3,14.2,3.8,0,0,0,0
-114.01,51.12,CALGARY INTL A,3031092,6/29/2017,180,2017,29,22.7,10.8,16.8,1.2,0,0,0,0
-114.01,51.12,CALGARY INTL A,3031092,6/30/2017,181,2017,30,27.5,10.8,19.2,0,1.2,0,0,0
-114.01,51.12,CALGARY INTL A,3031092,7/1/2017,182,2017,1,27.4,13.8,20.6,0,2.6,2,0,2
-114.01,51.12,CALGARY INTL A,3031092,7/2/2017,183,2017,2,28.7,11.3,20,0,2,0,0,0
-114.01,51.12,CALGARY INTL A,3031092,7/3/2017,184,2017,3,24.5,12.9,18.7,0,0.7,0,0,0
-114.01,51.12,CALGARY INTL A,3031092,7/4/2017,185,2017,4,27.7,9.9,18.8,0,0.8,0,0,0
-114.01,51.12,CALGARY INTL A,3031092,7/5/2017,186,2017,5,26.6,12.5,19.6,0,1.6,0,0,0
-114.01,51.12,CALGARY INTL A,3031092,7/6/2017,187,2017,6,30,11.5,20.8,0,2.8,0,0,0
-114.01,51.12,CALGARY INTL A,3031092,7/7/2017,188,2017,7,33,12.4,22.7,0,4.7,0,0,0
-114.01,51.12,CALGARY INTL A,3031092,7/8/2017,189,2017,8,28.5,16.6,22.6,0,4.6,0,0,0
-114.01,51.12,CALGARY INTL A,3031092,7/9/2017,190,2017,9,31.1,16.9,24,0,6,0,0,0
-114.01,51.12,CALGARY INTL A,3031092,7/10/2017,191,2017,10,21.6,12.9,17.3,0.7,0,7.2,0,7.2
-114.01,51.12,CALGARY INTL A,3031092,7/11/2017,192,2017,11,18.1,12.2,15.2,2.8,0,41.7,0,41.7
-114.01,51.12,CALGARY INTL A,3031092,7/12/2017,193,2017,12,25.1,10,17.6,0.4,0,0,0,0
-114.01,51.12,CALGARY INTL A,3031092,7/13/2017,194,2017,13,30.4,11.6,21,0,3,0,0,0
-114.01,51.12,CALGARY INTL A,3031092,7/14/2017,195,2017,14,27.5,11.5,19.5,0,1.5,0,0,0
-114.01,51.12,CALGARY INTL A,3031092,7/15/2017,196,2017,15,31.1,12.8,22,0,4,0,0,0
-114.01,51.12,CALGARY INTL A,3031092,7/16/2017,197,2017,16,22.1,11.48275862,19.35172414,0.465517241,1.817241379,1.85862069,0,1.6
-114.01,51.12,CALGARY INTL A,3031092,7/17/2017,198,2017,17,20.3,11.48275862,19.35172414,0.465517241,1.817241379,1.85862069,0,0
-114.01,51.12,CALGARY INTL A,3031092,7/18/2017,199,2017,18,23.4,8.2,15.8,2.2,0,0,0,0
-114.01,51.12,CALGARY INTL A,3031092,7/19/2017,200,2017,19,26.2,7.5,16.9,1.1,0,0,0,0
-114.01,51.12,CALGARY INTL A,3031092,7/20/2017,201,2017,20,28.3,9.1,18.7,0,0.7,2,0,2
-114.01,51.12,CALGARY INTL A,3031092,7/21/2017,202,2017,21,21.9,12.9,17.4,0.6,0,0,0,0
-114.01,51.12,CALGARY INTL A,3031092,7/22/2017,203,2017,22,28.8,9.5,19.2,0,1.2,0,0,0
-114.01,51.12,CALGARY INTL A,3031092,7/23/2017,204,2017,23,30.5,13.9,22.2,0,4.2,0.4,0,0.4
-114.01,51.12,CALGARY INTL A,3031092,7/24/2017,205,2017,24,22.3,6.2,14.3,3.7,0,0.6,0,0.6
-114.01,51.12,CALGARY INTL A,3031092,7/25/2017,206,2017,25,24.3,7.7,16,2,0,0,0,0
-114.01,51.12,CALGARY INTL A,3031092,7/26/2017,207,2017,26,29.8,10.6,20.2,0,2.2,0,0,0
-114.01,51.12,CALGARY INTL A,3031092,7/27/2017,208,2017,27,32.7,11.7,22.2,0,4.2,0,0,0
-114.01,51.12,CALGARY INTL A,3031092,7/28/2017,209,2017,28,28.2,14.6,21.4,0,3.4,0,0,0
-114.01,51.12,CALGARY INTL A,3031092,7/29/2017,210,2017,29,28.7,9.9,19.3,0,1.3,0,0,0
-114.01,51.12,CALGARY INTL A,3031092,7/30/2017,211,2017,30,26.3,11.9,19.1,0,1.1,0,0,0
-114.01,51.12,CALGARY INTL A,3031092,7/31/2017,212,2017,31,25.7,10.5,18.1,0,0.1,0,0,0
-114.01,51.12,CALGARY INTL A,3031092,8/1/2017,213,2017,1,21,11.7,16.4,1.6,0,1.8,0,1.8
-114.01,51.12,CALGARY INTL A,3031092,8/2/2017,214,2017,2,21.4,11.6,16.5,1.5,0,0,0,0
-114.01,51.12,CALGARY INTL A,3031092,8/3/2017,215,2017,3,29.2,9.78,17.51333333,1.226666667,0.74,0,0,0
-114.01,51.12,CALGARY INTL A,3031092,8/4/2017,216,2017,4,19.7,12.3,16,2,0,0.2,0,0.2
-114.01,51.12,CALGARY INTL A,3031092,8/5/2017,217,2017,5,20.1,10.4,15.3,2.7,0,3.2,0,3.2
-114.01,51.12,CALGARY INTL A,3031092,8/6/2017,218,2017,6,25.4,7.9,16.7,1.3,0,0,0,0
-114.01,51.12,CALGARY INTL A,3031092,8/7/2017,219,2017,7,25.8,8.9,17.4,0.6,0,0,0,0
-114.01,51.12,CALGARY INTL A,3031092,8/8/2017,220,2017,8,21.9,12.3,17.1,0.9,0,1.4,0,1.4
-114.01,51.12,CALGARY INTL A,3031092,8/9/2017,221,2017,9,26.3,8.9,17.6,0.4,0,0.6,0,0.6
-114.01,51.12,CALGARY INTL A,3031092,8/10/2017,222,2017,10,27,10.3,18.7,0,0.7,1.8,0,1.8
-114.01,51.12,CALGARY INTL A,3031092,8/11/2017,223,2017,11,25.5,11.9,18.7,0,0.7,0.6,0,0.6
-114.01,51.12,CALGARY INTL A,3031092,8/12/2017,224,2017,12,28.6,10.8,19.7,0,1.7,0,0,0
-114.01,51.12,CALGARY INTL A,3031092,8/13/2017,225,2017,13,30.5,11.6,21.1,0,3.1,1.6,0,1.6
-114.01,51.12,CALGARY INTL A,3031092,8/14/2017,226,2017,14,19.3,9.6,14.5,3.5,0,19,0,19
-114.01,51.12,CALGARY INTL A,3031092,8/15/2017,227,2017,15,21.1,6.9,14,4,0,0,0,0
-114.01,51.12,CALGARY INTL A,3031092,8/16/2017,228,2017,16,26.4,7.5,17,1,0,0,0,0
-114.01,51.12,CALGARY INTL A,3031092,8/17/2017,229,2017,17,25.3,10.3,17.8,0.2,0,0,0,0
-114.01,51.12,CALGARY INTL A,3031092,8/18/2017,230,2017,18,28.8,8.8,18.8,0,0.8,0,0,0
-114.01,51.12,CALGARY INTL A,3031092,8/19/2017,231,2017,19,19.1,9.9,14.5,3.5,0,0,0,0
-114.01,51.12,CALGARY INTL A,3031092,8/20/2017,232,2017,20,20.4,6.7,13.6,4.4,0,0,0,0
-114.01,51.12,CALGARY INTL A,3031092,8/21/2017,233,2017,21,22.1,5.5,13.8,4.2,0,0,0,0
-114.01,51.12,CALGARY INTL A,3031092,8/22/2017,234,2017,22,27.6,8.7,18.2,0,0.2,0,0,0
-114.01,51.12,CALGARY INTL A,3031092,8/23/2017,235,2017,23,31.1,10,20.6,0,2.6,0,0,0
-114.01,51.12,CALGARY INTL A,3031092,8/24/2017,236,2017,24,28.5,10.8,19.7,0,1.7,0,0,0
-114.01,51.12,CALGARY INTL A,3031092,8/25/2017,237,2017,25,23.2,6.2,14.7,3.3,0,0.6,0,0.6
-114.01,51.12,CALGARY INTL A,3031092,8/26/2017,238,2017,26,25.8,7.4,16.6,1.4,0,0,0,0
-114.01,51.12,CALGARY INTL A,3031092,8/27/2017,239,2017,27,31.1,9.3,20.2,0,2.2,0,0,0
-114.01,51.12,CALGARY INTL A,3031092,8/28/2017,240,2017,28,28,12.7,20.4,0,2.4,0,0,0
-114.01,51.12,CALGARY INTL A,3031092,8/29/2017,241,2017,29,25.6,9.8,17.7,0.3,0,0,0,0
-114.01,51.12,CALGARY INTL A,3031092,8/30/2017,242,2017,30,33,10.6,21.8,0,3.8,0,0,0
-114.01,51.12,CALGARY INTL A,3031092,8/31/2017,243,2017,31,26.5,14.1,20.3,0,2.3,0,0,0
-114.01,51.12,CALGARY INTL A,3031092,9/1/2017,244,2017,1,27,9.4,18.2,0,0.2,0,0,0
-114.01,51.12,CALGARY INTL A,3031092,9/2/2017,245,2017,2,32,8.5,20.3,0,2.3,0,0,0
-114.01,51.12,CALGARY INTL A,3031092,9/3/2017,246,2017,3,20.9,11,16,2,0,0.2,0,0.2
-114.01,51.12,CALGARY INTL A,3031092,9/4/2017,247,2017,4,20.9,10.9,15.9,2.1,0,0,0,0
-114.01,51.12,CALGARY INTL A,3031092,9/5/2017,248,2017,5,26.7,6.6,16.7,1.3,0,0,0,0
-114.01,51.12,CALGARY INTL A,3031092,9/6/2017,249,2017,6,29.9,8.1,19,0,1,0,0,0
-114.01,51.12,CALGARY INTL A,3031092,9/7/2017,250,2017,7,30.9,9,20,0,2,0,0,0
-114.01,51.12,CALGARY INTL A,3031092,9/8/2017,251,2017,8,25.9,12.1,19,0,1,0,0,0
-114.01,51.12,CALGARY INTL A,3031092,9/9/2017,252,2017,9,27.8,7.8,17.8,0.2,0,0,0,0
-114.01,51.12,CALGARY INTL A,3031092,9/10/2017,253,2017,10,23,8.7,15.9,2.1,0,0,0,0
-114.01,51.12,CALGARY INTL A,3031092,9/11/2017,254,2017,11,29.1,8.2,18.7,0,0.7,0,0,0
-114.01,51.12,CALGARY INTL A,3031092,9/12/2017,255,2017,12,20.5,7.1,13.8,4.2,0,1.2,0,1.2
-114.01,51.12,CALGARY INTL A,3031092,9/13/2017,256,2017,13,8.1,4.8,6.5,11.5,0,7.7,0,7.7
-114.01,51.12,CALGARY INTL A,3031092,9/14/2017,257,2017,14,9.5,3.1,6.3,11.7,0,4,0,4
-114.01,51.12,CALGARY INTL A,3031092,9/15/2017,258,2017,15,8.8,5.582142857,12.62857143,5.628571429,0.257142857,0.8,0,0.8
-114.01,51.12,CALGARY INTL A,3031092,9/16/2017,259,2017,16,15,-0.4,7.3,10.7,0,0,0,0
-114.01,51.12,CALGARY INTL A,3031092,9/17/2017,260,2017,17,18.3,-0.2,9.1,8.9,0,0,0,0
-114.01,51.12,CALGARY INTL A,3031092,9/18/2017,261,2017,18,18,4.6,11.3,6.7,0,0,0,0
-114.01,51.12,CALGARY INTL A,3031092,9/19/2017,262,2017,19,13.8,1.5,7.7,10.3,0,0,0,0
-114.01,51.12,CALGARY INTL A,3031092,9/20/2017,263,2017,20,8.7,0.7,4.7,13.3,0,0.4,0,0.4
-114.01,51.12,CALGARY INTL A,3031092,9/21/2017,264,2017,21,3.7,1.4,2.6,15.4,0,4.6,0,4.6
-114.01,51.12,CALGARY INTL A,3031092,9/22/2017,265,2017,22,6.8,1,3.9,14.1,0,0.6,0,0.6
-114.01,51.12,CALGARY INTL A,3031092,9/23/2017,266,2017,23,11.2,1.4,6.3,11.7,0,0,0,0
-114.01,51.12,CALGARY INTL A,3031092,9/24/2017,267,2017,24,16.6,1.5,9.1,8.9,0,0,0,0
-114.01,51.12,CALGARY INTL A,3031092,9/25/2017,268,2017,25,19.7,5.582142857,12.62857143,5.628571429,0.257142857,0,0,0
-114.01,51.12,CALGARY INTL A,3031092,9/26/2017,269,2017,26,19.8,9.3,14.6,3.4,0,0,0,0
-114.01,51.12,CALGARY INTL A,3031092,9/27/2017,270,2017,27,21.2,6.1,13.7,4.3,0,0,0,0
-114.01,51.12,CALGARY INTL A,3031092,9/28/2017,271,2017,28,23.6,4.4,14,4,0,0,0,0
-114.01,51.12,CALGARY INTL A,3031092,9/29/2017,272,2017,29,24.9,4,14.5,3.5,0,0,0,0
-114.01,51.12,CALGARY INTL A,3031092,9/30/2017,273,2017,30,15.6,5.7,10.7,7.3,0,0.8,0,0.8
-114.01,51.12,CALGARY INTL A,3031092,10/1/2017,274,2017,1,12,2.8,7.4,10.6,0,0,0,0
-114.01,51.12,CALGARY INTL A,3031092,10/2/2017,275,2017,2,3.4,-1.4,1,17,0,1.6,1,2.6
-114.01,51.12,CALGARY INTL A,3031092,10/3/2017,276,2017,3,8,-5.2,1.4,16.6,0,0,0,0
-114.01,51.12,CALGARY INTL A,3031092,10/4/2017,277,2017,4,13.3,-2.1,5.6,12.4,0,0,0,0
-114.01,51.12,CALGARY INTL A,3031092,10/5/2017,278,2017,5,17.9,-0.8,8.6,9.4,0,0,0,0
-114.01,51.12,CALGARY INTL A,3031092,10/6/2017,279,2017,6,19,4.9,12,6,0,0,0,0
-114.01,51.12,CALGARY INTL A,3031092,10/7/2017,280,2017,7,12.2,2.6,7.4,10.6,0,0.4,0,0.4
-114.01,51.12,CALGARY INTL A,3031092,10/8/2017,281,2017,8,9.5,-1.2,4.2,13.8,0,0,0,0
-114.01,51.12,CALGARY INTL A,3031092,10/9/2017,282,2017,9,13.8,-0.227586207,5.567857143,12.43214286,0,0,0,0
-114.01,51.12,CALGARY INTL A,3031092,10/10/2017,283,2017,10,9.6,2.3,6,12,0,0,0,0
-114.01,51.12,CALGARY INTL A,3031092,10/11/2017,284,2017,11,3.5,-1.5,1,17,0,0,0,0
-114.01,51.12,CALGARY INTL A,3031092,10/12/2017,285,2017,12,3.2,-2.7,0.3,17.7,0,0,0.4,0.4
-114.01,51.12,CALGARY INTL A,3031092,10/13/2017,286,2017,13,1.6,-3.3,-0.9,18.9,0,0,0,0
-114.01,51.12,CALGARY INTL A,3031092,10/14/2017,287,2017,14,10.7,-6.2,2.3,15.7,0,0,0,0
-114.01,51.12,CALGARY INTL A,3031092,10/15/2017,288,2017,15,16.2,1.6,8.9,9.1,0,0,0,0
-114.01,51.12,CALGARY INTL A,3031092,10/16/2017,289,2017,16,19.9,5.8,12.9,5.1,0,0,0,0
-114.01,51.12,CALGARY INTL A,3031092,10/17/2017,290,2017,17,21.4,-0.7,10.4,7.6,0,1,0,1
-114.01,51.12,CALGARY INTL A,3031092,10/18/2017,291,2017,18,11.6,-0.9,5.4,12.6,0,0,0,0
-114.01,51.12,CALGARY INTL A,3031092,10/19/2017,292,2017,19,17,1.4,9.2,8.8,0,0,0,0
-114.01,51.12,CALGARY INTL A,3031092,10/20/2017,293,2017,20,9.3,0.8,5.1,12.9,0,0.6,0,0.6
-114.01,51.12,CALGARY INTL A,3031092,10/21/2017,294,2017,21,10.2,-4,3.1,14.9,0,0,0,0
-114.01,51.12,CALGARY INTL A,3031092,10/22/2017,295,2017,22,13.4,-1.5,6,12,0,0,0,0
-114.01,51.12,CALGARY INTL A,3031092,10/23/2017,296,2017,23,12.8,-0.227586207,5.567857143,12.43214286,0,0,0,0
-114.01,51.12,CALGARY INTL A,3031092,10/24/2017,297,2017,24,16.6,6.1,11.4,6.6,0,0,0,0
-114.01,51.12,CALGARY INTL A,3031092,10/25/2017,298,2017,25,11.71333333,7.7,5.567857143,12.43214286,0,0.42,0.046666667,0.466666667
-114.01,51.12,CALGARY INTL A,3031092,10/26/2017,299,2017,26,5.3,-5.1,0.1,17.9,0,0,0,0
-114.01,51.12,CALGARY INTL A,3031092,10/27/2017,300,2017,27,16.5,-0.7,7.9,10.1,0,0,0,0
-114.01,51.12,CALGARY INTL A,3031092,10/28/2017,301,2017,28,24.1,4.2,14.2,3.8,0,1.2,0,1.2
-114.01,51.12,CALGARY INTL A,3031092,10/29/2017,302,2017,29,5.8,-1,2.4,15.6,0,0.6,0,0.6
-114.01,51.12,CALGARY INTL A,3031092,10/30/2017,303,2017,30,8.1,-6,1.1,16.9,0,0,0,0
-114.01,51.12,CALGARY INTL A,3031092,10/31/2017,304,2017,31,5.5,-2.5,1.5,16.5,0,7.2,0,7.2
-114.01,51.12,CALGARY INTL A,3031092,11/1/2017,305,2017,1,2.8,-5.7,-1.5,19.5,0,0,2.2,1.8
-114.01,51.12,CALGARY INTL A,3031092,11/2/2017,306,2017,2,-4.9,-13.6,-9.3,27.3,0,0,6,5.4
-114.01,51.12,CALGARY INTL A,3031092,11/3/2017,307,2017,3,-12.8,-16.3,-14.6,32.6,0,0,6.6,6.8
-114.01,51.12,CALGARY INTL A,3031092,11/4/2017,308,2017,4,-11.9,-18.9,-15.4,33.4,0,0,2.2,0.9
-114.01,51.12,CALGARY INTL A,3031092,11/5/2017,309,2017,5,-8.5,-14.2,-11.4,29.4,0,0,0.4,0.4
-114.01,51.12,CALGARY INTL A,3031092,11/6/2017,310,2017,6,-8,-18.1,-13.1,31.1,0,0,0,0
-114.01,51.12,CALGARY INTL A,3031092,11/7/2017,311,2017,7,1.685714286,-15.2,-3.439285714,21.43928571,0,0,0.944827586,0.851724138
-114.01,51.12,CALGARY INTL A,3031092,11/8/2017,312,2017,8,1.685714286,-11.1,-3.439285714,21.43928571,0,0,0,0
-114.01,51.12,CALGARY INTL A,3031092,11/9/2017,313,2017,9,-4.3,-16,-10.2,28.2,0,0,0.6,0.6
-114.01,51.12,CALGARY INTL A,3031092,11/10/2017,314,2017,10,1,-4.8,-1.9,19.9,0,0,3,3.8
-114.01,51.12,CALGARY INTL A,3031092,11/11/2017,315,2017,11,5.2,-5.5,-0.2,18.2,0,0,0,0
-114.01,51.12,CALGARY INTL A,3031092,11/12/2017,316,2017,12,5.3,-5.3,0,18,0,0,0,0
-114.01,51.12,CALGARY INTL A,3031092,11/13/2017,317,2017,13,8.8,-7.8,0.5,17.5,0,0,0,0
-114.01,51.12,CALGARY INTL A,3031092,11/14/2017,318,2017,14,1.6,-11.2,-4.8,22.8,0,0,0.3,0.2
-114.01,51.12,CALGARY INTL A,3031092,11/15/2017,319,2017,15,-5.1,-9.5,-7.3,25.3,0,0,0.5,0.4
-114.01,51.12,CALGARY INTL A,3031092,11/16/2017,320,2017,16,-7.8,-14.4,-11.1,29.1,0,0,3.7,3.4
-114.01,51.12,CALGARY INTL A,3031092,11/17/2017,321,2017,17,-12.2,-18.2,-15.2,33.2,0,0,1.5,0.6
-114.01,51.12,CALGARY INTL A,3031092,11/18/2017,322,2017,18,5.2,-15.4,-5.1,23.1,0,0,0,0
-114.01,51.12,CALGARY INTL A,3031092,11/19/2017,323,2017,19,7.5,-1.1,3.2,14.8,0,0,0,0
-114.01,51.12,CALGARY INTL A,3031092,11/20/2017,324,2017,20,4.7,-10.8,-3.1,21.1,0,0,0.4,0.4
-114.01,51.12,CALGARY INTL A,3031092,11/21/2017,325,2017,21,-7.6,-11.8,-9.7,27.7,0,0,0,0
-114.01,51.12,CALGARY INTL A,3031092,11/22/2017,326,2017,22,12.8,-9.4,1.7,16.3,0,0,0,0
-114.01,51.12,CALGARY INTL A,3031092,11/23/2017,327,2017,23,13.1,-0.9,6.1,11.9,0,0,0,0
-114.01,51.12,CALGARY INTL A,3031092,11/24/2017,328,2017,24,8,0.8,4.4,13.6,0,0,0,0
-114.01,51.12,CALGARY INTL A,3031092,11/25/2017,329,2017,25,9.6,-0.7,4.5,13.5,0,0,0,0
-114.01,51.12,CALGARY INTL A,3031092,11/26/2017,330,2017,26,14.6,-4.8,4.9,13.1,0,0,0,0
-114.01,51.12,CALGARY INTL A,3031092,11/27/2017,331,2017,27,9,-2.6,3.2,14.8,0,0,0,0
-114.01,51.12,CALGARY INTL A,3031092,11/28/2017,332,2017,28,6.6,-5.1,0.8,17.2,0,0,0,0
-114.01,51.12,CALGARY INTL A,3031092,11/29/2017,333,2017,29,7,1.6,4.3,13.7,0,0,0,0
-114.01,51.12,CALGARY INTL A,3031092,11/30/2017,334,2017,30,7.5,0.5,4,14,0,0,0,0
-114.01,51.12,CALGARY INTL A,3031092,12/1/2017,335,2017,1,7,-4.6,1.2,16.8,0,0,0,0
-114.01,51.12,CALGARY INTL A,3031092,12/2/2017,336,2017,2,5.3,-8.4,-1.6,19.6,0,0,0,0
-114.01,51.12,CALGARY INTL A,3031092,12/3/2017,337,2017,3,-2,-9.2,-5.6,23.6,0,0,0,0
-114.01,51.12,CALGARY INTL A,3031092,12/4/2017,338,2017,4,1.8,-12.62758621,-7.403448276,25.40344828,0,0,0,0
-114.01,51.12,CALGARY INTL A,3031092,12/5/2017,339,2017,5,5.8,-2.8,1.5,16.5,0,0,0,0
-114.01,51.12,CALGARY INTL A,3031092,12/6/2017,340,2017,6,4.9,-6.2,-0.7,18.7,0,0,0,0
-114.01,51.12,CALGARY INTL A,3031092,12/7/2017,341,2017,7,13.6,-3,5.3,12.7,0,0,0,0
-114.01,51.12,CALGARY INTL A,3031092,12/8/2017,342,2017,8,15.2,-5.2,5,13,0,0,0,0
-114.01,51.12,CALGARY INTL A,3031092,12/9/2017,343,2017,9,15.4,2.5,9,9,0,0,0,0
-114.01,51.12,CALGARY INTL A,3031092,12/10/2017,344,2017,10,13.7,-1,6.4,11.6,0,0,0,0
-114.01,51.12,CALGARY INTL A,3031092,12/11/2017,345,2017,11,10.2,-12.62758621,-7.403448276,25.40344828,0,0,0,0
-114.01,51.12,CALGARY INTL A,3031092,12/12/2017,346,2017,12,12.9,-1.3,5.8,12.2,0,0,0,0
-114.01,51.12,CALGARY INTL A,3031092,12/13/2017,347,2017,13,6.9,-3.3,1.8,16.2,0,0,0,0
-114.01,51.12,CALGARY INTL A,3031092,12/14/2017,348,2017,14,5.7,-6,-0.2,18.2,0,0,0,0
-114.01,51.12,CALGARY INTL A,3031092,12/15/2017,349,2017,15,10,-2.2,3.9,14.1,0,0,0,0
-114.01,51.12,CALGARY INTL A,3031092,12/16/2017,350,2017,16,2.3,-6.3,-2,20,0,0,0,0
-114.01,51.12,CALGARY INTL A,3031092,12/17/2017,351,2017,17,6.7,-7.2,-0.3,18.3,0,0,0,0
-114.01,51.12,CALGARY INTL A,3031092,12/18/2017,352,2017,18,2.8,-9.9,-3.6,21.6,0,0,0.4,0.4
-114.01,51.12,CALGARY INTL A,3031092,12/19/2017,353,2017,19,-6,-10.8,-8.4,26.4,0,0,8.4,8.6
-114.01,51.12,CALGARY INTL A,3031092,12/20/2017,354,2017,20,-9.1,-16.7,-12.9,30.9,0,0,7.4,7
-114.01,51.12,CALGARY INTL A,3031092,12/21/2017,355,2017,21,-3.9,-15.5,-9.7,27.7,0,0,1,0.6
-114.01,51.12,CALGARY INTL A,3031092,12/22/2017,356,2017,22,-9.1,-17.5,-13.3,31.3,0,0,0.8,0.8
-114.01,51.12,CALGARY INTL A,3031092,12/23/2017,357,2017,23,-6.2,-15.2,-10.7,28.7,0,0,1.2,1.2
-114.01,51.12,CALGARY INTL A,3031092,12/24/2017,358,2017,24,-10.3,-19.6,-15,33,0,0,1,0.8
-114.01,51.12,CALGARY INTL A,3031092,12/25/2017,359,2017,25,-17.2,-27.8,-22.5,40.5,0,0,0.7,0.6
-114.01,51.12,CALGARY INTL A,3031092,12/26/2017,360,2017,26,-20.4,-29.9,-25.2,43.2,0,0,0,0
-114.01,51.12,CALGARY INTL A,3031092,12/27/2017,361,2017,27,-18.4,-25.5,-22,40,0,0,0,0
-114.01,51.12,CALGARY INTL A,3031092,12/28/2017,362,2017,28,-16.4,-28.2,-22.3,40.3,0,0,2.3,2.2
-114.01,51.12,CALGARY INTL A,3031092,12/29/2017,363,2017,29,-21.3,-25.4,-23.4,41.4,0,0,1.2,1.1
-114.01,51.12,CALGARY INTL A,3031092,12/30/2017,364,2017,30,-25.2,-28.7,-27,45,0,0,7.8,7.6
-114.01,51.12,CALGARY INTL A,3031092,12/31/2017,365,2017,31,-25,-31.3,-28.2,46.2,0,0,0,0
-114.01,51.12,CALGARY INTL A,3031092,1/1/2018,1,2018,1,-1.3,-30.2,-15.8,33.8,0,0,0,0
-114.01,51.12,CALGARY INTL A,3031092,1/2/2018,2,2018,2,1.7,-10.6,-4.5,22.5,0,0,0,0
-114.01,51.12,CALGARY INTL A,3031092,1/3/2018,3,2018,3,5.5,-10.4,-2.5,20.5,0,0,0,0
-114.01,51.12,CALGARY INTL A,3031092,1/4/2018,4,2018,4,2.9,-12.7,-4.9,22.9,0,0,0,0
-114.01,51.12,CALGARY INTL A,3031092,1/5/2018,5,2018,5,9.2,-11.8,-1.3,19.3,0,0,0,0
-114.01,51.12,CALGARY INTL A,3031092,1/6/2018,6,2018,6,9.2,-1.5,3.9,14.1,0,0,0,0
-114.01,51.12,CALGARY INTL A,3031092,1/7/2018,7,2018,7,4.8,-6.8,-1,19,0,0,0,0
-114.01,51.12,CALGARY INTL A,3031092,1/8/2018,8,2018,8,7.4,-5.2,1.1,16.9,0,0,0,0
-114.01,51.12,CALGARY INTL A,3031092,1/9/2018,9,2018,9,-0.5,-18,-9.3,27.3,0,0,0.2,0.2
-114.01,51.12,CALGARY INTL A,3031092,1/10/2018,10,2018,10,-18,-24.7,-21.4,39.4,0,0,1.7,1.6
-114.01,51.12,CALGARY INTL A,3031092,1/11/2018,11,2018,11,-23.3,-27.6,-25.5,43.5,0,0,0,0
-114.01,51.12,CALGARY INTL A,3031092,1/12/2018,12,2018,12,-17,-24.8,-20.9,38.9,0,0,0,0
-114.01,51.12,CALGARY INTL A,3031092,1/13/2018,13,2018,13,4.1,-17,-6.5,24.5,0,0,0,0
-114.01,51.12,CALGARY INTL A,3031092,1/14/2018,14,2018,14,2.4,-8.4,-3,21,0,0,4.4,2.8
-114.01,51.12,CALGARY INTL A,3031092,1/15/2018,15,2018,15,-5.3,-10.4,-7.9,25.9,0,0,0.8,0.8
-114.01,51.12,CALGARY INTL A,3031092,1/16/2018,16,2018,16,9.6,-10.7,-0.6,18.6,0,0,0,0
-114.01,51.12,CALGARY INTL A,3031092,1/17/2018,17,2018,17,5.7,-3.1,1.3,16.7,0,0,0,0
-114.01,51.12,CALGARY INTL A,3031092,1/18/2018,18,2018,18,8.4,-4,2.2,15.8,0,0,0,0
-114.01,51.12,CALGARY INTL A,3031092,1/19/2018,19,2018,19,4.5,-7.9,-1.7,19.7,0,0,0,0
-114.01,51.12,CALGARY INTL A,3031092,1/20/2018,20,2018,20,4.9,-6.4,-0.8,18.8,0,0,0,0
-114.01,51.12,CALGARY INTL A,3031092,1/21/2018,21,2018,21,3.8,-7.6,-1.9,19.9,0,0,0,0
-114.01,51.12,CALGARY INTL A,3031092,1/22/2018,22,2018,22,5,-7.8,-1.4,19.4,0,0,0,0
-114.01,51.12,CALGARY INTL A,3031092,1/23/2018,23,2018,23,2.5,-11.1,-4.3,22.3,0,0,0,0
-114.01,51.12,CALGARY INTL A,3031092,1/24/2018,24,2018,24,5.4,-6.7,-0.7,18.7,0,0,0,0
-114.01,51.12,CALGARY INTL A,3031092,1/25/2018,25,2018,25,-7,-12.59666667,-6.236666667,24.23666667,0,0,0,0
-114.01,51.12,CALGARY INTL A,3031092,1/26/2018,26,2018,26,-8.3,-14,-11.2,29.2,0,0,0,0
-114.01,51.12,CALGARY INTL A,3031092,1/27/2018,27,2018,27,-13.9,-18.1,-16,34,0,0,2,2
-114.01,51.12,CALGARY INTL A,3031092,1/28/2018,28,2018,28,-14.8,-19.1,-17,35,0,0,0.3,0.2
-114.01,51.12,CALGARY INTL A,3031092,1/29/2018,29,2018,29,7.9,-17.1,-4.6,22.6,0,0,0,0
-114.01,51.12,CALGARY INTL A,3031092,1/30/2018,30,2018,30,7,-5.5,0.8,17.2,0,0,0.2,0.2
-114.01,51.12,CALGARY INTL A,3031092,1/31/2018,31,2018,31,-4.7,-18.7,-11.7,29.7,0,0,1.4,0.7
-114.01,51.12,CALGARY INTL A,3031092,2/1/2018,32,2018,1,-12.7,-19.1,-15.9,33.9,0,0,0,0
-114.01,51.12,CALGARY INTL A,3031092,2/2/2018,33,2018,2,-17.9,-20.9,-19.4,37.4,0,0,0.7,0.4
-114.01,51.12,CALGARY INTL A,3031092,2/3/2018,34,2018,3,-18.7,-17.84814815,-11.64444444,29.64444444,0,0,7.4,6.5
-114.01,51.12,CALGARY INTL A,3031092,2/4/2018,35,2018,4,-8.2,-24.5,-16.4,34.4,0,0,4.4,3.8
-114.01,51.12,CALGARY INTL A,3031092,2/5/2018,36,2018,5,-11.7,-20.6,-16.2,34.2,0,0,0,0
-114.01,51.12,CALGARY INTL A,3031092,2/6/2018,37,2018,6,-10.9,-20.2,-15.6,33.6,0,0,0,0
-114.01,51.12,CALGARY INTL A,3031092,2/7/2018,38,2018,7,-8.7,-15.3,-12,30,0,0,7.2,6.2
-114.01,51.12,CALGARY INTL A,3031092,2/8/2018,39,2018,8,-15.1,-27.5,-21.3,39.3,0,0,13.2,11.4
-114.01,51.12,CALGARY INTL A,3031092,2/9/2018,40,2018,9,-11.4,-30.6,-21,39,0,0,0,0
-114.01,51.12,CALGARY INTL A,3031092,2/10/2018,41,2018,10,-3.7,-21.4,-12.6,30.6,0,0,0,0
-114.01,51.12,CALGARY INTL A,3031092,2/11/2018,42,2018,11,-7.1,-22.6,-14.9,32.9,0,0,3.1,2.6
-114.01,51.12,CALGARY INTL A,3031092,2/12/2018,43,2018,12,2.9,-29.2,-13.2,31.2,0,0,0,0
-114.01,51.12,CALGARY INTL A,3031092,2/13/2018,44,2018,13,9.7,1.9,5.8,12.2,0,0,0,0
-114.01,51.12,CALGARY INTL A,3031092,2/14/2018,45,2018,14,4.8,-14.6,-4.9,22.9,0,0,0.7,0.7
-114.01,51.12,CALGARY INTL A,3031092,2/15/2018,46,2018,15,-2.9,-18.1,-10.5,28.5,0,0,0,0
-114.01,51.12,CALGARY INTL A,3031092,2/16/2018,47,2018,16,-1,-9.2,-5.1,23.1,0,0,0,0
-114.01,51.12,CALGARY INTL A,3031092,2/17/2018,48,2018,17,-9.1,-14.1,-11.6,29.6,0,0,5.1,5
-114.01,51.12,CALGARY INTL A,3031092,2/18/2018,49,2018,18,-13.7,-20.6,-17.2,35.2,0,0,0.8,0.6
-114.01,51.12,CALGARY INTL A,3031092,2/19/2018,50,2018,19,-12.9,-21.8,-17.4,35.4,0,0,0,0
-114.01,51.12,CALGARY INTL A,3031092,2/20/2018,51,2018,20,-8.9,-20.9,-14.9,32.9,0,0,0.2,0.2
-114.01,51.12,CALGARY INTL A,3031092,2/21/2018,52,2018,21,-7,-23.2,-15.1,33.1,0,0,0.2,0.2
-114.01,51.12,CALGARY INTL A,3031092,2/22/2018,53,2018,22,-7.3,-15.6,-11.5,29.5,0,0,0.3,0.2
-114.01,51.12,CALGARY INTL A,3031092,2/23/2018,54,2018,23,1.1,-21.3,-10.1,28.1,0,0,0,0
-114.01,51.12,CALGARY INTL A,3031092,2/24/2018,55,2018,24,0.1,-6.1,-3,21,0,0,0,0
-114.01,51.12,CALGARY INTL A,3031092,2/25/2018,56,2018,25,2,-10.6,-4.3,22.3,0,0,0,0
-114.01,51.12,CALGARY INTL A,3031092,2/26/2018,57,2018,26,-0.3,-14,-7.2,25.2,0,0,0,0
-114.01,51.12,CALGARY INTL A,3031092,2/27/2018,58,2018,27,2.2,-9.8,-3.8,21.8,0,0,0,0
-114.01,51.12,CALGARY INTL A,3031092,2/28/2018,59,2018,28,1.9,-12,-5.1,23.1,0,0,0,0
-114.01,51.12,CALGARY INTL A,3031092,3/1/2018,60,2018,1,-5.1,-12.9,-9,27,0,0,0.8,0.8
-114.01,51.12,CALGARY INTL A,3031092,3/2/2018,61,2018,2,-7.4,-10.5,-9,27,0,0,13,11.2
-114.01,51.12,CALGARY INTL A,3031092,3/3/2018,62,2018,3,-9.5,-12.5,-11,29,0,0.043333333,4.5,2.8
-114.01,51.12,CALGARY INTL A,3031092,3/4/2018,63,2018,4,-9.6,-19.7,-14.7,32.7,0,0,0,0
-114.01,51.12,CALGARY INTL A,3031092,3/5/2018,64,2018,5,-8.5,-23.4,-16,34,0,0,0,0
-114.01,51.12,CALGARY INTL A,3031092,3/6/2018,65,2018,6,-5.8,-21.4,-13.6,31.6,0,0,0,0
-114.01,51.12,CALGARY INTL A,3031092,3/7/2018,66,2018,7,-5.6,-18.4,-12,30,0,0,0,0
-114.01,51.12,CALGARY INTL A,3031092,3/8/2018,67,2018,8,-7.4,-17.7,-12.6,30.6,0,0,0,0
-114.01,51.12,CALGARY INTL A,3031092,3/9/2018,68,2018,9,6.4,-8.9,-1.3,19.3,0,0,0,0
-114.01,51.12,CALGARY INTL A,3031092,3/10/2018,69,2018,10,4,-14.1,-5.1,23.1,0,0,0,0
-114.01,51.12,CALGARY INTL A,3031092,3/11/2018,70,2018,11,3.3,-11.3,-4,22,0,0,0,0
-114.01,51.12,CALGARY INTL A,3031092,3/12/2018,71,2018,12,6.3,-11.4,-2.6,20.6,0,0,0,0
-114.01,51.12,CALGARY INTL A,3031092,3/13/2018,72,2018,13,7.6,-9.3,-0.9,18.9,0,0,0,0
-114.01,51.12,CALGARY INTL A,3031092,3/14/2018,73,2018,14,3.1,-8.9,-2.9,20.9,0,0,0,0
-114.01,51.12,CALGARY INTL A,3031092,3/15/2018,74,2018,15,-2,-6.4,-4.2,22.2,0,0,6.8,6
-114.01,51.12,CALGARY INTL A,3031092,3/16/2018,75,2018,16,3.2,-11.4,-4.1,22.1,0,0,0.4,0.4
-114.01,51.12,CALGARY INTL A,3031092,3/17/2018,76,2018,17,1.4,-3.6,-1.1,19.1,0,0,1.4,0.6
-114.01,51.12,CALGARY INTL A,3031092,3/18/2018,77,2018,18,-0.1,-3.7,-1.9,19.9,0,0,6.2,4.8
-114.01,51.12,CALGARY INTL A,3031092,3/19/2018,78,2018,19,4.4,-7.5,-1.6,19.6,0,0,0.2,0.2
-114.01,51.12,CALGARY INTL A,3031092,3/20/2018,79,2018,20,8.2,-6.2,1,17,0,0,0,0
-114.01,51.12,CALGARY INTL A,3031092,3/21/2018,80,2018,21,4.4,-3.6,0.4,17.6,0,0,0,0
-114.01,51.12,CALGARY INTL A,3031092,3/22/2018,81,2018,22,-0.9,-7,-4,22,0,0,3.4,2.8
-114.01,51.12,CALGARY INTL A,3031092,3/23/2018,82,2018,23,6.5,-7.8,-0.7,18.7,0,0,0,0
-114.01,51.12,CALGARY INTL A,3031092,3/24/2018,83,2018,24,2.1,-6,-2,20,0,0,0,0
-114.01,51.12,CALGARY INTL A,3031092,3/25/2018,84,2018,25,4.8,-9,-2.1,20.1,0,0,0,0
-114.01,51.12,CALGARY INTL A,3031092,3/26/2018,85,2018,26,7.1,-5.2,1,17,0,0,0,0
-114.01,51.12,CALGARY INTL A,3031092,3/27/2018,86,2018,27,10.2,-1,4.6,13.4,0,0,0.2,0.2
-114.01,51.12,CALGARY INTL A,3031092,3/28/2018,87,2018,28,2.7,-2.7,0,18,0,1.3,0,1.3
-114.01,51.12,CALGARY INTL A,3031092,3/29/2018,88,2018,29,-1.6,-8.4,-5,23,0,0,0.2,0.2
-114.01,51.12,CALGARY INTL A,3031092,3/30/2018,89,2018,30,-7.9,-12.7,-10.3,28.3,0,0,2.6,1.8
-114.01,51.12,CALGARY INTL A,3031092,3/31/2018,90,2018,31,-10,-19.3,-14.7,32.7,0,0,2.2,2.2
-114.01,51.12,CALGARY INTL A,3031092,4/1/2018,91,2018,1,-7,-14.8,-10.9,28.9,0,0,0,0
-114.01,51.12,CALGARY INTL A,3031092,4/2/2018,92,2018,2,-5.1,-11.4,-8.3,26.3,0,0,0,0
-114.01,51.12,CALGARY INTL A,3031092,4/3/2018,93,2018,3,-3.8,-15.1,-9.5,27.5,0,0,0,0
-114.01,51.12,CALGARY INTL A,3031092,4/4/2018,94,2018,4,1.1,-12,-5.5,23.5,0,0,0,0
-114.01,51.12,CALGARY INTL A,3031092,4/5/2018,95,2018,5,-5.8,-13.4,-9.6,27.6,0,0,0.2,0.2
-114.01,51.12,CALGARY INTL A,3031092,4/6/2018,96,2018,6,-9.7,-15.7,-12.7,30.7,0,0,1.4,0.8
-114.01,51.12,CALGARY INTL A,3031092,4/7/2018,97,2018,7,-8.6,-14.3,-11.5,29.5,0,0,3.8,3.4
-114.01,51.12,CALGARY INTL A,3031092,4/8/2018,98,2018,8,-4.5,-9.3,-6.9,24.9,0,0.275862069,5.3,4.2
-114.01,51.12,CALGARY INTL A,3031092,4/9/2018,99,2018,9,6.2,-5.1,0.6,17.4,0,0,0,0
-114.01,51.12,CALGARY INTL A,3031092,4/10/2018,100,2018,10,8.9,-3.1,2.9,15.1,0,0,0,0
-114.01,51.12,CALGARY INTL A,3031092,4/11/2018,101,2018,11,8.5,-4.8,1.9,16.1,0,0,0,0
-114.01,51.12,CALGARY INTL A,3031092,4/12/2018,102,2018,12,-1.7,-3.8,-2.8,20.8,0,1.2,4.4,5.6
-114.01,51.12,CALGARY INTL A,3031092,4/13/2018,103,2018,13,7.5,-3.6,2,16,0,0,1.2,0.4
-114.01,51.12,CALGARY INTL A,3031092,4/14/2018,104,2018,14,10.4,-2.6,3.9,14.1,0,0,0,0
-114.01,51.12,CALGARY INTL A,3031092,4/15/2018,105,2018,15,8.6,-1.8,3.4,14.6,0,0,0,0
-114.01,51.12,CALGARY INTL A,3031092,4/16/2018,106,2018,16,1.4,-1.4,0,18,0,0,8.5,8.3
-114.01,51.12,CALGARY INTL A,3031092,4/17/2018,107,2018,17,4.4,-4,0.2,17.8,0,0,0,0
-114.01,51.12,CALGARY INTL A,3031092,4/18/2018,108,2018,18,8.7,-3.7,2.5,15.5,0,0,0,0
-114.01,51.12,CALGARY INTL A,3031092,4/19/2018,109,2018,19,10.1,-4.2,3,15,0,0,0,0
-114.01,51.12,CALGARY INTL A,3031092,4/20/2018,110,2018,20,13.4,-1,6.2,11.8,0,0,0,0
-114.01,51.12,CALGARY INTL A,3031092,4/21/2018,111,2018,21,14.7,1.8,8.3,9.7,0,0,0,0
-114.01,51.12,CALGARY INTL A,3031092,4/22/2018,112,2018,22,11.5,1.5,6.5,11.5,0,0,0,0
-114.01,51.12,CALGARY INTL A,3031092,4/23/2018,113,2018,23,13.6,-1.1,6.3,11.7,0,0,0,0
-114.01,51.12,CALGARY INTL A,3031092,4/24/2018,114,2018,24,20.4,-0.9,9.8,8.2,0,0,0,0
-114.01,51.12,CALGARY INTL A,3031092,4/25/2018,115,2018,25,15.1,4.5,9.8,8.2,0,0,0,0
-114.01,51.12,CALGARY INTL A,3031092,4/26/2018,116,2018,26,21.3,2,11.7,6.3,0,0,0,0
-114.01,51.12,CALGARY INTL A,3031092,4/27/2018,117,2018,27,22.8,3,12.9,5.1,0,0,0,0
-114.01,51.12,CALGARY INTL A,3031092,4/28/2018,118,2018,28,26,3.8,14.9,3.1,0,0,0,0
-114.01,51.12,CALGARY INTL A,3031092,4/29/2018,119,2018,29,18.4,2.1,10.3,7.7,0,6,0,6
-114.01,51.12,CALGARY INTL A,3031092,4/30/2018,120,2018,30,14.6,1.7,8.2,9.8,0,0.8,0,0.8
-114.01,51.12,CALGARY INTL A,3031092,5/1/2018,121,2018,1,13.2,5.5,9.4,8.6,0,0.4,0,0.4
-114.01,51.12,CALGARY INTL A,3031092,5/2/2018,122,2018,2,20,-0.2,9.9,8.1,0,0,0,0
-114.01,51.12,CALGARY INTL A,3031092,5/3/2018,123,2018,3,21.8,4.3,13.1,4.9,0,0,0,0
-114.01,51.12,CALGARY INTL A,3031092,5/4/2018,124,2018,4,21.3,7.6,14.5,3.5,0,0,0,0
-114.01,51.12,CALGARY INTL A,3031092,5/5/2018,125,2018,5,20.6,6.5,13.6,4.4,0,0,0,0
-114.01,51.12,CALGARY INTL A,3031092,5/6/2018,126,2018,6,23.8,7.410344828,14.33448276,3.948275862,0.282758621,0,0,0
-114.01,51.12,CALGARY INTL A,3031092,5/7/2018,127,2018,7,24.2,9.1,16.7,1.3,0,0,0,0
-114.01,51.12,CALGARY INTL A,3031092,5/8/2018,128,2018,8,22.8,12.6,17.7,0.3,0,0,0,0
-114.01,51.12,CALGARY INTL A,3031092,5/9/2018,129,2018,9,14.1,4.7,9.4,8.6,0,1.7,0,1.7
-114.01,51.12,CALGARY INTL A,3031092,5/10/2018,130,2018,10,10,2.5,6.3,11.7,0,2.6,0,2.6
-114.01,51.12,CALGARY INTL A,3031092,5/11/2018,131,2018,11,16.4,3.3,9.9,8.1,0,0.2,0,0.2
-114.01,51.12,CALGARY INTL A,3031092,5/12/2018,132,2018,12,22.1,3.5,12.8,5.2,0,0,0,0
-114.01,51.12,CALGARY INTL A,3031092,5/13/2018,133,2018,13,23.2,7.6,15.4,2.6,0,0,0,0
-114.01,51.12,CALGARY INTL A,3031092,5/14/2018,134,2018,14,27.9,8.9,18.4,0,0.4,0,0,0
-114.01,51.12,CALGARY INTL A,3031092,5/15/2018,135,2018,15,28.6,11.1,19.9,0,1.9,0,0,0
-114.01,51.12,CALGARY INTL A,3031092,5/16/2018,136,2018,16,25.4,12.5,19,0,1,0,0,0
-114.01,51.12,CALGARY INTL A,3031092,5/17/2018,137,2018,17,12.5,6.1,9.3,8.7,0,10.8,0,10.8
-114.01,51.12,CALGARY INTL A,3031092,5/18/2018,138,2018,18,14.4,5.7,10.1,7.9,0,1.8,0,1.8
-114.01,51.12,CALGARY INTL A,3031092,5/19/2018,139,2018,19,16.6,3.2,9.9,8.1,0,0,0,0
-114.01,51.12,CALGARY INTL A,3031092,5/20/2018,140,2018,20,24.5,4.1,14.3,3.7,0,0,0,0
-114.01,51.12,CALGARY INTL A,3031092,5/21/2018,141,2018,21,23.4,9.2,16.3,1.7,0,0,0,0
-114.01,51.12,CALGARY INTL A,3031092,5/22/2018,142,2018,22,26.3,10,18.2,0,0.2,0,0,0
-114.01,51.12,CALGARY INTL A,3031092,5/23/2018,143,2018,23,27.1,9.8,18.5,0,0.5,0,0,0
-114.01,51.12,CALGARY INTL A,3031092,5/24/2018,144,2018,24,27.5,12.1,19.8,0,1.8,0.2,0,0.2
-114.01,51.12,CALGARY INTL A,3031092,5/25/2018,145,2018,25,27.7,8.9,18.3,0,0.3,0,0,0
-114.01,51.12,CALGARY INTL A,3031092,5/26/2018,146,2018,26,23.4,12.7,18.1,0,0.1,0,0,0
-114.01,51.12,CALGARY INTL A,3031092,5/27/2018,147,2018,27,24.9,8.8,16.9,1.1,0,0,0,0
-114.01,51.12,CALGARY INTL A,3031092,5/28/2018,148,2018,28,29.3,10.7,20,0,2,0,0,0
-114.01,51.12,CALGARY INTL A,3031092,5/29/2018,149,2018,29,17.7,8.4,13.1,4.9,0,0,0,0
-114.01,51.12,CALGARY INTL A,3031092,5/30/2018,150,2018,30,16.1,7.410344828,14.33448276,3.948275862,0.282758621,4.2,0,4.2
-114.01,51.12,CALGARY INTL A,3031092,5/31/2018,151,2018,31,8.1,5.7,6.9,11.1,0,10.6,0,10.6
-114.01,51.12,CALGARY INTL A,3031092,6/1/2018,152,2018,1,16,6,11,7,0,10.7,0,10.7
-114.01,51.12,CALGARY INTL A,3031092,6/2/2018,153,2018,2,21.1,3.1,12.1,5.9,0,0,0,0
-114.01,51.12,CALGARY INTL A,3031092,6/3/2018,154,2018,3,23.9,5.3,14.6,3.4,0,0,0,0
-114.01,51.12,CALGARY INTL A,3031092,6/4/2018,155,2018,4,20,7.5,13.8,4.2,0,0.6,0,0.6
-114.01,51.12,CALGARY INTL A,3031092,6/5/2018,156,2018,5,20,3.6,11.8,6.2,0,0,0,0
-114.01,51.12,CALGARY INTL A,3031092,6/6/2018,157,2018,6,23.4,7.3,15.4,2.6,0,0,0,0
-114.01,51.12,CALGARY INTL A,3031092,6/7/2018,158,2018,7,26.3,8.8,17.6,0.4,0,0,0,0
-114.01,51.12,CALGARY INTL A,3031092,6/8/2018,159,2018,8,27.6,12.6,20.1,0,2.1,0,0,0
-114.01,51.12,CALGARY INTL A,3031092,6/9/2018,160,2018,9,26,13.2,19.6,0,1.6,0.8,0,0.8
-114.01,51.12,CALGARY INTL A,3031092,6/10/2018,161,2018,10,13.2,5.5,9.4,8.6,0,12,0,12
-114.01,51.12,CALGARY INTL A,3031092,6/11/2018,162,2018,11,17.2,5.2,11.2,6.8,0,0,0,0
-114.01,51.12,CALGARY INTL A,3031092,6/12/2018,163,2018,12,20,9.1,14.6,3.4,0,0,0,0
-114.01,51.12,CALGARY INTL A,3031092,6/13/2018,164,2018,13,22.1,11.2,16.7,1.3,0,0,0,0
-114.01,51.12,CALGARY INTL A,3031092,6/14/2018,165,2018,14,14,8.5,11.3,6.7,0,0.8,0,0.8
-114.01,51.12,CALGARY INTL A,3031092,6/15/2018,166,2018,15,17.9,5.2,11.6,6.4,0,2.306896552,0,0.8
-114.01,51.12,CALGARY INTL A,3031092,6/16/2018,167,2018,16,16.4,9.4,12.9,5.1,0,6.6,0,6.6
-114.01,51.12,CALGARY INTL A,3031092,6/17/2018,168,2018,17,21.6,5.6,13.6,4.4,0,0,0,0
-114.01,51.12,CALGARY INTL A,3031092,6/18/2018,169,2018,18,21.4,8.8,15.1,2.9,0,0,0,0
-114.01,51.12,CALGARY INTL A,3031092,6/19/2018,170,2018,19,25.3,9.8,17.6,0.4,0,0,0,0
-114.01,51.12,CALGARY INTL A,3031092,6/20/2018,171,2018,20,27.2,11.5,19.4,0,1.4,0,0,0
-114.01,51.12,CALGARY INTL A,3031092,6/21/2018,172,2018,21,26.5,11.4,19,0,1,0,0,0
-114.01,51.12,CALGARY INTL A,3031092,6/22/2018,173,2018,22,24.5,11.1,17.8,0.2,0,3.2,0,3.2
-114.01,51.12,CALGARY INTL A,3031092,6/23/2018,174,2018,23,20.9,12.6,16.8,1.2,0,27,0,27
-114.01,51.12,CALGARY INTL A,3031092,6/24/2018,175,2018,24,25.4,11.5,18.5,0,0.5,0,0,0
-114.01,51.12,CALGARY INTL A,3031092,6/25/2018,176,2018,25,26.8,13.1,20,0,2,0,0,0
-114.01,51.12,CALGARY INTL A,3031092,6/26/2018,177,2018,26,19.7,10.8,15.3,2.7,0,0,0,0
-114.01,51.12,CALGARY INTL A,3031092,6/27/2018,178,2018,27,23.7,6.2,15,3,0,0,0,0
-114.01,51.12,CALGARY INTL A,3031092,6/28/2018,179,2018,28,19.2,8.7,15.22142857,3.085714286,0.307142857,1,0,1
-114.01,51.12,CALGARY INTL A,3031092,6/29/2018,180,2018,29,19,9.7,14.4,3.6,0,4.2,0,4.2
-114.01,51.12,CALGARY INTL A,3031092,6/30/2018,181,2018,30,22.1,8.7,15.22142857,3.085714286,0.307142857,0,0,0
-114.01,51.12,CALGARY INTL A,3031092,7/1/2018,182,2018,1,21,8.5,14.8,3.2,0,0,0,0
-114.01,51.12,CALGARY INTL A,3031092,7/2/2018,183,2018,2,16,6.9,11.5,6.5,0,1.6,0,1.6
-114.01,51.12,CALGARY INTL A,3031092,7/3/2018,184,2018,3,15.7,8,11.9,6.1,0,0.8,0,0.8
-114.01,51.12,CALGARY INTL A,3031092,7/4/2018,185,2018,4,19.7,9.3,14.5,3.5,0,4.2,0,4.2
-114.01,51.12,CALGARY INTL A,3031092,7/5/2018,186,2018,5,25.9,8.9,17.4,0.6,0,0,0,0
-114.01,51.12,CALGARY INTL A,3031092,7/6/2018,187,2018,6,33.2,13.3,23.3,0,5.3,1.232142857,0,1.16
-114.01,51.12,CALGARY INTL A,3031092,7/7/2018,188,2018,7,25.1,13.3,19.2,0,1.2,0,0,0
-114.01,51.12,CALGARY INTL A,3031092,7/8/2018,189,2018,8,25.1,7.9,16.5,1.5,0,1.232142857,0,0
-114.01,51.12,CALGARY INTL A,3031092,7/9/2018,190,2018,9,28.2,10.7,19.5,0,1.5,0,0,0
-114.01,51.12,CALGARY INTL A,3031092,7/10/2018,191,2018,10,21.6,10,15.8,2.2,0,8.9,0,8.9
-114.01,51.12,CALGARY INTL A,3031092,7/11/2018,192,2018,11,25.1,14.3,19.7,0,1.7,0,0,0
-114.01,51.12,CALGARY INTL A,3031092,7/12/2018,193,2018,12,27.3,10.3,18.8,0,0.8,0,0,0
-114.01,51.12,CALGARY INTL A,3031092,7/13/2018,194,2018,13,31.7,11.1,21.4,0,3.4,0,0,0
-114.01,51.12,CALGARY INTL A,3031092,7/14/2018,195,2018,14,21.2,8,14.6,3.4,0,2.2,0,2.2
-114.01,51.12,CALGARY INTL A,3031092,7/15/2018,196,2018,15,26.7,8.1,17.4,0.6,0,0,0,0
-114.01,51.12,CALGARY INTL A,3031092,7/16/2018,197,2018,16,30.4,11.8,21.1,0,3.1,0,0,0
-114.01,51.12,CALGARY INTL A,3031092,7/17/2018,198,2018,17,31.3,13,22.2,0,4.2,0,0,0
-114.01,51.12,CALGARY INTL A,3031092,7/18/2018,199,2018,18,24.7,15.7,20.2,0,2.2,1.232142857,0,0.3
-114.01,51.12,CALGARY INTL A,3031092,7/19/2018,200,2018,19,25.9,13,19.5,0,1.5,0.4,0,0.4
-114.01,51.12,CALGARY INTL A,3031092,7/20/2018,201,2018,20,29.5,11.1,20.3,0,2.3,0,0,0
-114.01,51.12,CALGARY INTL A,3031092,7/21/2018,202,2018,21,24.2,9.4,16.8,1.2,0,0.4,0,0.4
-114.01,51.12,CALGARY INTL A,3031092,7/22/2018,203,2018,22,22.8,10.6,16.7,1.3,0,0,0,0
-114.01,51.12,CALGARY INTL A,3031092,7/23/2018,204,2018,23,22.4,9.3,15.9,2.1,0,3.8,0,3.8
-114.01,51.12,CALGARY INTL A,3031092,7/24/2018,205,2018,24,15.6,11.5,13.6,4.4,0,7.2,0,7.2
-114.01,51.12,CALGARY INTL A,3031092,7/25/2018,206,2018,25,22.6,9.4,16,2,0,0.4,0,0.4
-114.01,51.12,CALGARY INTL A,3031092,7/26/2018,207,2018,26,24.5,11.6,18.1,0,0.1,3.4,0,3.4
-114.01,51.12,CALGARY INTL A,3031092,7/27/2018,208,2018,27,22.8,9.4,16.1,1.9,0,0,0,0
-114.01,51.12,CALGARY INTL A,3031092,7/28/2018,209,2018,28,26.1,9,17.6,0.4,0,0,0,0
-114.01,51.12,CALGARY INTL A,3031092,7/29/2018,210,2018,29,28.5,11.5,20,0,2,0,0,0
-114.01,51.12,CALGARY INTL A,3031092,7/30/2018,211,2018,30,32.1,12.2,22.2,0,4.2,0.8,0,0.8
-114.01,51.12,CALGARY INTL A,3031092,7/31/2018,212,2018,31,26,12.3,19.2,0,1.2,0.4,0,0.4
-114.01,51.12,CALGARY INTL A,3031092,8/1/2018,213,2018,1,29.5,14.2,21.9,0,3.9,14.5,0,14.5
-114.01,51.12,CALGARY INTL A,3031092,8/2/2018,214,2018,2,22.8,13.8,18.3,0,0.3,3.8,0,3.8
-114.01,51.12,CALGARY INTL A,3031092,8/3/2018,215,2018,3,24.6,12.3,18.5,0,0.5,4.2,0,4.2
-114.01,51.12,CALGARY INTL A,3031092,8/4/2018,216,2018,4,17.4,13.4,15.4,2.6,0,2.8,0,2.8
-114.01,51.12,CALGARY INTL A,3031092,8/5/2018,217,2018,5,23.7,11.2,17.5,0.5,0,0,0,0
-114.01,51.12,CALGARY INTL A,3031092,8/6/2018,218,2018,6,28.9,10.3,19.6,0,1.6,0,0,0
-114.01,51.12,CALGARY INTL A,3031092,8/7/2018,219,2018,7,28.8,14.5,21.7,0,3.7,0,0,0
-114.01,51.12,CALGARY INTL A,3031092,8/8/2018,220,2018,8,29.9,11.6,20.8,0,2.8,0,0,0
-114.01,51.12,CALGARY INTL A,3031092,8/9/2018,221,2018,9,34,13,23.5,0,5.5,0,0,0
-114.01,51.12,CALGARY INTL A,3031092,8/10/2018,222,2018,10,36.5,15.8,26.2,0,8.2,0,0,0
-114.01,51.12,CALGARY INTL A,3031092,8/11/2018,223,2018,11,26.2,13.9,20.1,0,2.1,0.8,0,0.8
-114.01,51.12,CALGARY INTL A,3031092,8/12/2018,224,2018,12,19.2,8.6,13.9,4.1,0,7.4,0,7.4
-114.01,51.12,CALGARY INTL A,3031092,8/13/2018,225,2018,13,20.9,8.3,14.6,3.4,0,0,0,0
-114.01,51.12,CALGARY INTL A,3031092,8/14/2018,226,2018,14,29.1,8.3,18.7,0,0.7,0,0,0
-114.01,51.12,CALGARY INTL A,3031092,8/15/2018,227,2018,15,25,14.2,19.6,0,1.6,0,0,0
-114.01,51.12,CALGARY INTL A,3031092,8/16/2018,228,2018,16,28.3,10.2,19.3,0,1.3,0,0,0
-114.01,51.12,CALGARY INTL A,3031092,8/17/2018,229,2018,17,28,12,20,0,2,0,0,0
-114.01,51.12,CALGARY INTL A,3031092,8/18/2018,230,2018,18,19.1,7.8,13.5,4.5,0,0,0,0
-114.01,51.12,CALGARY INTL A,3031092,8/19/2018,231,2018,19,19.3,4.1,11.7,6.3,0,0,0,0
-114.01,51.12,CALGARY INTL A,3031092,8/20/2018,232,2018,20,19.5,10.4,15,3,0,0.8,0,0.8
-114.01,51.12,CALGARY INTL A,3031092,8/21/2018,233,2018,21,26.3,5.6,16,2,0,0,0,0
-114.01,51.12,CALGARY INTL A,3031092,8/22/2018,234,2018,22,31.4,9.7,20.6,0,2.6,0,0,0
-114.01,51.12,CALGARY INTL A,3031092,8/23/2018,235,2018,23,27.9,10.8,19.4,0,1.4,0,0,0
-114.01,51.12,CALGARY INTL A,3031092,8/24/2018,236,2018,24,16.2,8.6,12.4,5.6,0,6.4,0,6.4
-114.01,51.12,CALGARY INTL A,3031092,8/25/2018,237,2018,25,19.4,6.2,12.8,5.2,0,0,0,0
-114.01,51.12,CALGARY INTL A,3031092,8/26/2018,238,2018,26,20.3,7.6,14,4,0,5.8,0,5.8
-114.01,51.12,CALGARY INTL A,3031092,8/27/2018,239,2018,27,13.3,5.3,9.3,8.7,0,2,0,2
-114.01,51.12,CALGARY INTL A,3031092,8/28/2018,240,2018,28,20.5,3.4,12,6,0,0,0,0
-114.01,51.12,CALGARY INTL A,3031092,8/29/2018,241,2018,29,20.7,10.6,15.7,2.3,0,0.6,0,0.6
-114.01,51.12,CALGARY INTL A,3031092,8/30/2018,242,2018,30,20.7,7.9,14.3,3.7,0,0.6,0,0.6
-114.01,51.12,CALGARY INTL A,3031092,8/31/2018,243,2018,31,20.3,6.1,13.2,4.8,0,0,0,0
-114.01,51.12,CALGARY INTL A,3031092,9/1/2018,244,2018,1,16.7,6.6,11.7,6.3,0,1.6,0,1.6
-114.01,51.12,CALGARY INTL A,3031092,9/2/2018,245,2018,2,20.7,4.5,12.6,5.4,0,0,0,0
-114.01,51.12,CALGARY INTL A,3031092,9/3/2018,246,2018,3,15.5,6.8,11.2,6.8,0,2.1,0,2.1
-114.01,51.12,CALGARY INTL A,3031092,9/4/2018,247,2018,4,14.3,5.2,9.8,8.2,0,0,0,0
-114.01,51.12,CALGARY INTL A,3031092,9/5/2018,248,2018,5,20.9,3.1,12,6,0,0,0,0
-114.01,51.12,CALGARY INTL A,3031092,9/6/2018,249,2018,6,25.1,3.8,14.5,3.5,0,0,0,0
-114.01,51.12,CALGARY INTL A,3031092,9/7/2018,250,2018,7,27.8,7.5,17.7,0.3,0,0,0,0
-114.01,51.12,CALGARY INTL A,3031092,9/8/2018,251,2018,8,22.4,10.2,16.3,1.7,0,0,0,0
-114.01,51.12,CALGARY INTL A,3031092,9/9/2018,252,2018,9,17.2,8.8,13,5,0,0,0,0
-114.01,51.12,CALGARY INTL A,3031092,9/10/2018,253,2018,10,17.9,5.3,11.6,6.4,0,5.4,0,5.4
-114.01,51.12,CALGARY INTL A,3031092,9/11/2018,254,2018,11,17.5,4.1,10.8,7.2,0,0.8,0,0.8
-114.01,51.12,CALGARY INTL A,3031092,9/12/2018,255,2018,12,8.1,0.2,4.2,13.8,0,0,0,0
-114.01,51.12,CALGARY INTL A,3031092,9/13/2018,256,2018,13,2.6,-2.1,0.3,17.7,0,0.2,0,0.2
-114.01,51.12,CALGARY INTL A,3031092,9/14/2018,257,2018,14,4.2,-2,1.1,16.9,0,0.2,0,0.2
-114.01,51.12,CALGARY INTL A,3031092,9/15/2018,258,2018,15,5.1,1.8,3.5,14.5,0,0.6,0,0.6
-114.01,51.12,CALGARY INTL A,3031092,9/16/2018,259,2018,16,4.6,0.5,2.6,15.4,0,0.4,0.6,1
-114.01,51.12,CALGARY INTL A,3031092,9/17/2018,260,2018,17,12.2,1.6,6.9,11.1,0,0.8,0,0.8
-114.01,51.12,CALGARY INTL A,3031092,9/18/2018,261,2018,18,6.8,2.8,4.8,13.2,0,0.4,0,0.4
-114.01,51.12,CALGARY INTL A,3031092,9/19/2018,262,2018,19,11.1,3.7,7.4,10.6,0,0.6,0,0.6
-114.01,51.12,CALGARY INTL A,3031092,9/20/2018,263,2018,20,9.6,0.5,5.1,12.9,0,0,0,0
-114.01,51.12,CALGARY INTL A,3031092,9/21/2018,264,2018,21,5.8,-0.2,2.8,15.2,0,4,0.2,4.2
-114.01,51.12,CALGARY INTL A,3031092,9/22/2018,265,2018,22,1.5,-1.8,-0.2,18.2,0,1.4,0,1.4
-114.01,51.12,CALGARY INTL A,3031092,9/23/2018,266,2018,23,6.7,-0.1,3.3,14.7,0,0.8,0,0.8
-114.01,51.12,CALGARY INTL A,3031092,9/24/2018,267,2018,24,13.1,4.4,8.8,9.2,0,1.8,0,1.8
-114.01,51.12,CALGARY INTL A,3031092,9/25/2018,268,2018,25,17.1,3.9,10.5,7.5,0,0,0,0
-114.01,51.12,CALGARY INTL A,3031092,9/26/2018,269,2018,26,15.5,5.1,10.3,7.7,0,1.6,0,1.6
-114.01,51.12,CALGARY INTL A,3031092,9/27/2018,270,2018,27,5.2,1.3,3.3,14.7,0,12.1,0,12.1
-114.01,51.12,CALGARY INTL A,3031092,9/28/2018,271,2018,28,7.5,-0.3,3.6,14.4,0,0.6,0.6,1.2
-114.01,51.12,CALGARY INTL A,3031092,9/29/2018,272,2018,29,2.8,-1.5,0.7,17.3,0,0,0,0
-114.01,51.12,CALGARY INTL A,3031092,9/30/2018,273,2018,30,0.1,-3.2,-1.6,19.6,0,0,0.4,0.4
-114.01,51.12,CALGARY INTL A,3031092,10/1/2018,274,2018,1,0.5,-2.1,-0.8,18.8,0,0.1,5.3,5
-114.01,51.12,CALGARY INTL A,3031092,10/2/2018,275,2018,2,-1.6,-4.4,-3,21,0,0,32.8,23.7
-114.01,51.12,CALGARY INTL A,3031092,10/3/2018,276,2018,3,1.6,-11,-4.7,22.7,0,0,1,0.8
-114.01,51.12,CALGARY INTL A,3031092,10/4/2018,277,2018,4,2.1,-4.4,-1.2,19.2,0,0,0,0
-114.01,51.12,CALGARY INTL A,3031092,10/5/2018,278,2018,5,6.8,-6.7,0.1,17.9,0,0,0,0
-114.01,51.12,CALGARY INTL A,3031092,10/6/2018,279,2018,6,8.5,-3.6,2.5,15.5,0,0,0,0
-114.01,51.12,CALGARY INTL A,3031092,10/7/2018,280,2018,7,9.7,-3.7,3,15,0,0,0,0
-114.01,51.12,CALGARY INTL A,3031092,10/8/2018,281,2018,8,1.3,-2.9,-0.8,18.8,0,0.2,1.7,1.4
-114.01,51.12,CALGARY INTL A,3031092,10/9/2018,282,2018,9,-2.8,-4.6,-3.7,21.7,0,0,6.4,6.3
-114.01,51.12,CALGARY INTL A,3031092,10/10/2018,283,2018,10,-0.3,-3.8,-2.1,20.1,0,0,1,1
-114.01,51.12,CALGARY INTL A,3031092,10/11/2018,284,2018,11,4.2,-1.5,1.4,16.6,0,0,0,0
-114.01,51.12,CALGARY INTL A,3031092,10/12/2018,285,2018,12,14.6,-0.8,6.9,11.1,0,9.8,0,9.8
-114.01,51.12,CALGARY INTL A,3031092,10/13/2018,286,2018,13,1.1,-3,-1,19,0,0,0.2,0.2
-114.01,51.12,CALGARY INTL A,3031092,10/14/2018,287,2018,14,11.7,-5,3.4,14.6,0,0,0,0
-114.01,51.12,CALGARY INTL A,3031092,10/15/2018,288,2018,15,17.7,2.5,10.1,7.9,0,0,0,0
-114.01,51.12,CALGARY INTL A,3031092,10/16/2018,289,2018,16,19.4,1.6,10.5,7.5,0,0,0,0
-114.01,51.12,CALGARY INTL A,3031092,10/17/2018,290,2018,17,21.3,2,11.7,6.3,0,0,0,0
-114.01,51.12,CALGARY INTL A,3031092,10/18/2018,291,2018,18,17.7,3.1,10.4,7.6,0,0,0,0
-114.01,51.12,CALGARY INTL A,3031092,10/19/2018,292,2018,19,14.2,-1.9,6.2,11.8,0,0,0,0
-114.01,51.12,CALGARY INTL A,3031092,10/20/2018,293,2018,20,20.4,0.7,10.6,7.4,0,0,0,0
-114.01,51.12,CALGARY INTL A,3031092,10/21/2018,294,2018,21,12.4,-3,4.7,13.3,0,0,0,0
-114.01,51.12,CALGARY INTL A,3031092,10/22/2018,295,2018,22,13.3,-3.3,5,13,0,0,0,0
-114.01,51.12,CALGARY INTL A,3031092,10/23/2018,296,2018,23,18,-2.5,7.8,10.2,0,0,0,0
-114.01,51.12,CALGARY INTL A,3031092,10/24/2018,297,2018,24,16.6,1.2,8.9,9.1,0,0,0,0
-114.01,51.12,CALGARY INTL A,3031092,10/25/2018,298,2018,25,15.2,-0.6,7.3,10.7,0,0,0,0
-114.01,51.12,CALGARY INTL A,3031092,10/26/2018,299,2018,26,16.6,-1.2,7.7,10.3,0,0,0,0
-114.01,51.12,CALGARY INTL A,3031092,10/27/2018,300,2018,27,13.2,-2.083333333,4.093333333,13.90666667,0,0,0,0
-114.01,51.12,CALGARY INTL A,3031092,10/28/2018,301,2018,28,13.3,-0.5,6.4,11.6,0,0,0,0
-114.01,51.12,CALGARY INTL A,3031092,10/29/2018,302,2018,29,11.5,-2.1,4.7,13.3,0,0,0,0
-114.01,51.12,CALGARY INTL A,3031092,10/30/2018,303,2018,30,11.4,-1.2,5.1,12.9,0,0,0,0
-114.01,51.12,CALGARY INTL A,3031092,10/31/2018,304,2018,31,11.1,0.2,5.7,12.3,0,0,0,0
-114.01,51.12,CALGARY INTL A,3031092,11/1/2018,305,2018,1,6.8,1.4,4.1,13.9,0,0,0,0
-114.01,51.12,CALGARY INTL A,3031092,11/2/2018,306,2018,2,2.4,-0.4,1,17,0,0,0,0
-114.01,51.12,CALGARY INTL A,3031092,11/3/2018,307,2018,3,12.2,-3.1,4.6,13.4,0,0,0,0
-114.01,51.12,CALGARY INTL A,3031092,11/4/2018,308,2018,4,12.9,-2.6,5.2,12.8,0,1.4,0,1.4
-114.01,51.12,CALGARY INTL A,3031092,11/5/2018,309,2018,5,-2.7,-8.2,-5.5,23.5,0,0,2.5,2.2
-114.01,51.12,CALGARY INTL A,3031092,11/6/2018,310,2018,6,-7.1,-9.9,-8.5,26.5,0,0,3,2.6
-114.01,51.12,CALGARY INTL A,3031092,11/7/2018,311,2018,7,-3.8,-11,-7.4,25.4,0,0,0.2,0.2
-114.01,51.12,CALGARY INTL A,3031092,11/8/2018,312,2018,8,-1,-12.6,-6.8,24.8,0,0,0,0
-114.01,51.12,CALGARY INTL A,3031092,11/9/2018,313,2018,9,8,-11.9,-2,20,0,0.2,0.2,0.4
-114.01,51.12,CALGARY INTL A,3031092,11/10/2018,314,2018,10,2.5,-2.1,0.2,17.8,0,0,0,0
-114.01,51.12,CALGARY INTL A,3031092,11/11/2018,315,2018,11,-0.6,-7.8,-4.2,22.2,0,0,1.4,1
-114.01,51.12,CALGARY INTL A,3031092,11/12/2018,316,2018,12,8.6,-8.5,0.1,17.9,0,0,0,0
-114.01,51.12,CALGARY INTL A,3031092,11/13/2018,317,2018,13,14.5,0.1,7.3,10.7,0,0,0,0
-114.01,51.12,CALGARY INTL A,3031092,11/14/2018,318,2018,14,11.1,0.5,5.8,12.2,0,0,0,0
-114.01,51.12,CALGARY INTL A,3031092,11/15/2018,319,2018,15,5.251724138,-5.703448276,-0.227586207,18.22758621,0,0,0,0
-114.01,51.12,CALGARY INTL A,3031092,11/16/2018,320,2018,16,2.4,-14.1,-5.9,23.9,0,0,3.2,3
-114.01,51.12,CALGARY INTL A,3031092,11/17/2018,321,2018,17,1.6,-14.9,-6.7,24.7,0,0,0,0
-114.01,51.12,CALGARY INTL A,3031092,11/18/2018,322,2018,18,5.5,-4.3,0.6,17.4,0,3.6,0,3.6
-114.01,51.12,CALGARY INTL A,3031092,11/19/2018,323,2018,19,11.4,-2.4,4.5,13.5,0,0,0,0
-114.01,51.12,CALGARY INTL A,3031092,11/20/2018,324,2018,20,13.6,-1.3,6.2,11.8,0,0,0,0
-114.01,51.12,CALGARY INTL A,3031092,11/21/2018,325,2018,21,9.2,-2,3.6,14.4,0,0,0,0
-114.01,51.12,CALGARY INTL A,3031092,11/22/2018,326,2018,22,11.3,-3,4.2,13.8,0,0,0,0
-114.01,51.12,CALGARY INTL A,3031092,11/23/2018,327,2018,23,0.9,-4.7,-1.9,19.9,0,0,13.2,12.6
-114.01,51.12,CALGARY INTL A,3031092,11/24/2018,328,2018,24,-2.5,-10.3,-6.4,24.4,0,0,4.2,3.2
-114.01,51.12,CALGARY INTL A,3031092,11/25/2018,329,2018,25,1.5,-8.1,-3.3,21.3,0,0,0,0
-114.01,51.12,CALGARY INTL A,3031092,11/26/2018,330,2018,26,5.8,-9.3,-1.8,19.8,0,0,0,0
-114.01,51.12,CALGARY INTL A,3031092,11/27/2018,331,2018,27,10.3,1.3,5.8,12.2,0,0,0,0
-114.01,51.12,CALGARY INTL A,3031092,11/28/2018,332,2018,28,9.5,-1.7,3.9,14.1,0,0,0,0
-114.01,51.12,CALGARY INTL A,3031092,11/29/2018,333,2018,29,6.3,-6.3,0,18,0,0,0,0
-114.01,51.12,CALGARY INTL A,3031092,11/30/2018,334,2018,30,1.7,-8.2,-3.3,21.3,0,0,0,0
-114.01,51.12,CALGARY INTL A,3031092,12/1/2018,335,2018,1,-2.5,-4.8,-3.7,21.7,0,0,7,5.8
-114.01,51.12,CALGARY INTL A,3031092,12/2/2018,336,2018,2,-2.1,-5.2,-3.7,21.7,0,0,4,4
-114.01,51.12,CALGARY INTL A,3031092,12/3/2018,337,2018,3,2.366666667,-8.07,-2.86,20.86,0,0,0.3,0.2
-114.01,51.12,CALGARY INTL A,3031092,12/4/2018,338,2018,4,1.8,-10.5,-4.4,22.4,0,0,0.2,0.2
-114.01,51.12,CALGARY INTL A,3031092,12/5/2018,339,2018,5,-3.6,-13.3,-8.5,26.5,0,0,0.1,0.2
-114.01,51.12,CALGARY INTL A,3031092,12/6/2018,340,2018,6,-2.9,-18.6,-10.8,28.8,0,0,0,0
-114.01,51.12,CALGARY INTL A,3031092,12/7/2018,341,2018,7,1.6,-16.4,-7.4,25.4,0,0,0,0
-114.01,51.12,CALGARY INTL A,3031092,12/8/2018,342,2018,8,1.9,-10.8,-4.5,22.5,0,0,0,0
-114.01,51.12,CALGARY INTL A,3031092,12/9/2018,343,2018,9,5.7,-7.8,-1.1,19.1,0,0,0,0
-114.01,51.12,CALGARY INTL A,3031092,12/10/2018,344,2018,10,6.2,1.6,3.9,14.1,0,0,0,0
-114.01,51.12,CALGARY INTL A,3031092,12/11/2018,345,2018,11,4.5,-6.1,-0.8,18.8,0,0,0,0
-114.01,51.12,CALGARY INTL A,3031092,12/12/2018,346,2018,12,4.2,-4.2,0,18,0,0,0,0
-114.01,51.12,CALGARY INTL A,3031092,12/13/2018,347,2018,13,6.5,-6.4,0.1,17.9,0,0,0,0
-114.01,51.12,CALGARY INTL A,3031092,12/14/2018,348,2018,14,8.7,-6.4,1.2,16.8,0,0,0,0
-114.01,51.12,CALGARY INTL A,3031092,12/15/2018,349,2018,15,7.8,-6.8,0.5,17.5,0,0,0,0
-114.01,51.12,CALGARY INTL A,3031092,12/16/2018,350,2018,16,2.8,-6.3,-1.8,19.8,0,0,0,0
-114.01,51.12,CALGARY INTL A,3031092,12/17/2018,351,2018,17,9.1,-6.2,1.5,16.5,0,0,0,0
-114.01,51.12,CALGARY INTL A,3031092,12/18/2018,352,2018,18,7.5,-3.4,2.1,15.9,0,0,0,0
-114.01,51.12,CALGARY INTL A,3031092,12/19/2018,353,2018,19,7,-2.7,2.2,15.8,0,0,0,0
-114.01,51.12,CALGARY INTL A,3031092,12/20/2018,354,2018,20,8.7,-3,2.9,15.1,0,0,0,0
-114.01,51.12,CALGARY INTL A,3031092,12/21/2018,355,2018,21,5.4,-3,1.2,16.8,0,0,0,0
-114.01,51.12,CALGARY INTL A,3031092,12/22/2018,356,2018,22,-2.6,-7.9,-5.3,23.3,0,0,0,0
-114.01,51.12,CALGARY INTL A,3031092,12/23/2018,357,2018,23,3,-8.2,-2.6,20.6,0,0,0,0
-114.01,51.12,CALGARY INTL A,3031092,12/24/2018,358,2018,24,-4.3,-11.7,-8,26,0,0,0,0
-114.01,51.12,CALGARY INTL A,3031092,12/25/2018,359,2018,25,-1.8,-10,-5.9,23.9,0,0,0.8,0.6
-114.01,51.12,CALGARY INTL A,3031092,12/26/2018,360,2018,26,-3.9,-8.7,-6.3,24.3,0,0,0.3,0.5
-114.01,51.12,CALGARY INTL A,3031092,12/27/2018,361,2018,27,-4.6,-10,-7.3,25.3,0,0,1,0.8
-114.01,51.12,CALGARY INTL A,3031092,12/28/2018,362,2018,28,1.8,-13,-5.6,23.6,0,0,0,0
-114.01,51.12,CALGARY INTL A,3031092,12/29/2018,363,2018,29,9.1,-3.9,2.6,15.4,0,0,0,0
-114.01,51.12,CALGARY INTL A,3031092,12/30/2018,364,2018,30,4,-13.7,-4.9,22.9,0,0,1.3,0.9
-114.01,51.12,CALGARY INTL A,3031092,12/31/2018,365,2018,31,-8,-14.7,-11.4,29.4,0,0,0,0
-114.01,51.12,CALGARY INTL A,3031092,1/1/2019,1,2019,1,5.9,-11.6,-2.9,20.9,0,0,0,0
-114.01,51.12,CALGARY INTL A,3031092,1/2/2019,2,2019,2,11.1,4.9,8,10,0,0,0,0
-114.01,51.12,CALGARY INTL A,3031092,1/3/2019,3,2019,3,9.7,-0.6,4.6,13.4,0,0,0,0
-114.01,51.12,CALGARY INTL A,3031092,1/4/2019,4,2019,4,9.4,-6.2,1.6,16.4,0,0,0,0
-114.01,51.12,CALGARY INTL A,3031092,1/5/2019,5,2019,5,-4.5,-9.5,-7,25,0,0,0,0
-114.01,51.12,CALGARY INTL A,3031092,1/6/2019,6,2019,6,5.7,-7.1,-0.7,18.7,0,0,0,0
-114.01,51.12,CALGARY INTL A,3031092,1/7/2019,7,2019,7,-5.7,-11.9,-8.8,26.8,0,0,0,0
-114.01,51.12,CALGARY INTL A,3031092,1/8/2019,8,2019,8,-6.3,-14.2,-10.3,28.3,0,0,0,0
-114.01,51.12,CALGARY INTL A,3031092,1/9/2019,9,2019,9,-4.5,-10.7,-7.6,25.6,0,0,0,0
-114.01,51.12,CALGARY INTL A,3031092,1/10/2019,10,2019,10,9.8,-10.8,-0.5,18.5,0,0,0,0
-114.01,51.12,CALGARY INTL A,3031092,1/11/2019,11,2019,11,8,-10,-1,19,0,0,0,0
-114.01,51.12,CALGARY INTL A,3031092,1/12/2019,12,2019,12,9.6,-3.6,3,15,0,0,0,0
-114.01,51.12,CALGARY INTL A,3031092,1/13/2019,13,2019,13,9.8,-5.6,2.1,15.9,0,0,0,0
-114.01,51.12,CALGARY INTL A,3031092,1/14/2019,14,2019,14,9.9,-6.9,1.5,16.5,0,0,0,0
-114.01,51.12,CALGARY INTL A,3031092,1/15/2019,15,2019,15,-2.8,-9.4,-6.1,24.1,0,0,0,0
-114.01,51.12,CALGARY INTL A,3031092,1/16/2019,16,2019,16,-5.4,-8,-6.7,24.7,0,0,3,2.6
-114.01,51.12,CALGARY INTL A,3031092,1/17/2019,17,2019,17,-8,-16.7,-12.4,30.4,0,0,4.8,2.9
-114.01,51.12,CALGARY INTL A,3031092,1/18/2019,18,2019,18,-13.7,-17.4,-15.6,33.6,0,0,0,0
-114.01,51.12,CALGARY INTL A,3031092,1/19/2019,19,2019,19,4.9,-18.3,-6.7,24.7,0,0,0,0
-114.01,51.12,CALGARY INTL A,3031092,1/20/2019,20,2019,20,2.5,-10.1,-3.8,21.8,0,0,0,0
-114.01,51.12,CALGARY INTL A,3031092,1/21/2019,21,2019,21,-0.5,-9.2,-4.9,22.9,0,0,0,0
-114.01,51.12,CALGARY INTL A,3031092,1/22/2019,22,2019,22,4.1,-10.8,-3.4,21.4,0,0,0,0
-114.01,51.12,CALGARY INTL A,3031092,1/23/2019,23,2019,23,1.8,-15.9,-7.1,25.1,0,0,1.2,0.9
-114.01,51.12,CALGARY INTL A,3031092,1/24/2019,24,2019,24,1.5,-17.7,-8.1,26.1,0,0,0.2,0.2
-114.01,51.12,CALGARY INTL A,3031092,1/25/2019,25,2019,25,3.7,-7,-1.7,19.7,0,0,1,0.6
-114.01,51.12,CALGARY INTL A,3031092,1/26/2019,26,2019,26,13.7,-6,3.9,14.1,0,0,0,0
-114.01,51.12,CALGARY INTL A,3031092,1/27/2019,27,2019,27,11.4,-5.5,3,15,0,1.7,0,1.7
-114.01,51.12,CALGARY INTL A,3031092,1/28/2019,28,2019,28,-1.3,-8.6,-5,23,0,0,0,0
-114.01,51.12,CALGARY INTL A,3031092,1/29/2019,29,2019,29,-1.2,-13,-7.1,25.1,0,0,0,0
-114.01,51.12,CALGARY INTL A,3031092,1/30/2019,30,2019,30,6.7,-9.7,-1.5,19.5,0,0,0,0
-114.01,51.12,CALGARY INTL A,3031092,1/31/2019,31,2019,31,9.1,-4.9,2.1,15.9,0,0,0,0
-114.01,51.12,CALGARY INTL A,3031092,2/1/2019,32,2019,1,-2.7,-16.7,-9.7,27.7,0,0,1.3,1.1
-114.01,51.12,CALGARY INTL A,3031092,2/2/2019,33,2019,2,-16.5,-22.1,-19.3,37.3,0,0,1.2,0.6
-114.01,51.12,CALGARY INTL A,3031092,2/3/2019,34,2019,3,-22.1,-27.8,-25,43,0,0,0.8,0.6
-114.01,51.12,CALGARY INTL A,3031092,2/4/2019,35,2019,4,-24.8,-27.6,-26.2,44.2,0,0,0.8,0.6
-114.01,51.12,CALGARY INTL A,3031092,2/5/2019,36,2019,5,-21.2,-28.4,-24.8,42.8,0,0,0,0
-114.01,51.12,CALGARY INTL A,3031092,2/6/2019,37,2019,6,-16,-26.2,-21.1,39.1,0,0,0,0
-114.01,51.12,CALGARY INTL A,3031092,2/7/2019,38,2019,7,-11,-25.5,-18.3,36.3,0,0,0.2,0.2
-114.01,51.12,CALGARY INTL A,3031092,2/8/2019,39,2019,8,-13.2,-23.9,-18.6,36.6,0,0,3,3
-114.01,51.12,CALGARY INTL A,3031092,2/9/2019,40,2019,9,-23.9,-28.1,-26,44,0,0,0.2,0.2
-114.01,51.12,CALGARY INTL A,3031092,2/10/2019,41,2019,10,-24,-29.2,-26.6,44.6,0,0,2,1.8
-114.01,51.12,CALGARY INTL A,3031092,2/11/2019,42,2019,11,-20.9,-27.2,-24.1,42.1,0,0,2.7,2.4
-114.01,51.12,CALGARY INTL A,3031092,2/12/2019,43,2019,12,-17.8,-29.6,-23.7,41.7,0,0,2,1.8
-114.01,51.12,CALGARY INTL A,3031092,2/13/2019,44,2019,13,-17.1,-23.9,-20.5,38.5,0,0,1.4,1.4
-114.01,51.12,CALGARY INTL A,3031092,2/14/2019,45,2019,14,-10.4,-22.5,-16.5,34.5,0,0,0,0
-114.01,51.12,CALGARY INTL A,3031092,2/15/2019,46,2019,15,-16.7,-22.4,-19.6,37.6,0,0,4.8,2.8
-114.01,51.12,CALGARY INTL A,3031092,2/16/2019,47,2019,16,-14.9,-18.1,-16.5,34.5,0,0,3.5,2.7
-114.01,51.12,CALGARY INTL A,3031092,2/17/2019,48,2019,17,-16.4,-19.2,-17.8,35.8,0,0,2.1,2.1
-114.01,51.12,CALGARY INTL A,3031092,2/18/2019,49,2019,18,-14.3,-23.3,-18.8,36.8,0,0,0,0
-114.01,51.12,CALGARY INTL A,3031092,2/19/2019,50,2019,19,-1,-20.3,-10.7,28.7,0,0,0.2,0.2
-114.01,51.12,CALGARY INTL A,3031092,2/20/2019,51,2019,20,-4.2,-13.5,-8.9,26.9,0,0,3.1,2.7
-114.01,51.12,CALGARY INTL A,3031092,2/21/2019,52,2019,21,-9.1,-19,-14.1,32.1,0,0,0,0
-114.01,51.12,CALGARY INTL A,3031092,2/22/2019,53,2019,22,0.6,-16.6,-8,26,0,0,0,0
-114.01,51.12,CALGARY INTL A,3031092,2/23/2019,54,2019,23,-5.7,-18.4,-12.1,30.1,0,0,3.9,3.9
-114.01,51.12,CALGARY INTL A,3031092,2/24/2019,55,2019,24,-16.6,-24.1,-20.4,38.4,0,0,0.6,0.6
-114.01,51.12,CALGARY INTL A,3031092,2/25/2019,56,2019,25,-17.6,-29.2,-23.4,41.4,0,0,0,0
-114.01,51.12,CALGARY INTL A,3031092,2/26/2019,57,2019,26,-11.3,-24.9,-18.1,36.1,0,0,0,0
-114.01,51.12,CALGARY INTL A,3031092,2/27/2019,58,2019,27,-2.1,-21.6,-11.9,29.9,0,0,0,0
-114.01,51.12,CALGARY INTL A,3031092,2/28/2019,59,2019,28,-3.8,-14.6,-9.2,27.2,0,0,0,0
-114.01,51.12,CALGARY INTL A,3031092,3/1/2019,60,2019,1,-8.2,-26.4,-17.3,35.3,0,0,0.7,0.6
-114.01,51.12,CALGARY INTL A,3031092,3/2/2019,61,2019,2,-20,-31.2,-25.6,43.6,0,0,0,0
-114.01,51.12,CALGARY INTL A,3031092,3/3/2019,62,2019,3,-13.7,-27.8,-20.8,38.8,0,0,0,0
-114.01,51.12,CALGARY INTL A,3031092,3/4/2019,63,2019,4,-6.9,-23.5,-15.2,33.2,0,0,0,0
-114.01,51.12,CALGARY INTL A,3031092,3/5/2019,64,2019,5,-6.6,-18.9,-12.8,30.8,0,0,0,0
-114.01,51.12,CALGARY INTL A,3031092,3/6/2019,65,2019,6,-11.7,-23,-17.4,35.4,0,0,0,0
-114.01,51.12,CALGARY INTL A,3031092,3/7/2019,66,2019,7,-8.7,-16.9,-12.8,30.8,0,0,2.4,2.4
-114.01,51.12,CALGARY INTL A,3031092,3/8/2019,67,2019,8,-4.5,-12.8,-8.7,26.7,0,0,0,0
-114.01,51.12,CALGARY INTL A,3031092,3/9/2019,68,2019,9,-2.9,-14.6,-8.8,26.8,0,0,0,0
-114.01,51.12,CALGARY INTL A,3031092,3/10/2019,69,2019,10,1.7,-15.2,-6.8,24.8,0,0,0,0
-114.01,51.12,CALGARY INTL A,3031092,3/11/2019,70,2019,11,11.9,-3.7,4.1,13.9,0,0,0,0
-114.01,51.12,CALGARY INTL A,3031092,3/12/2019,71,2019,12,4.9,-2.1,1.4,16.6,0,0,1.5,1.2
-114.01,51.12,CALGARY INTL A,3031092,3/13/2019,72,2019,13,1.1,-5,-2,20,0,0,0,0
-114.01,51.12,CALGARY INTL A,3031092,3/14/2019,73,2019,14,2.4,-7.8,-2.7,20.7,0,0,0,0
-114.01,51.12,CALGARY INTL A,3031092,3/15/2019,74,2019,15,3,-2.8,0.1,17.9,0,0,0,0
-114.01,51.12,CALGARY INTL A,3031092,3/16/2019,75,2019,16,4.2,-7.7,-1.8,19.8,0,0,0,0
-114.01,51.12,CALGARY INTL A,3031092,3/17/2019,76,2019,17,9.8,-5,2.4,15.6,0,0,0,0
-114.01,51.12,CALGARY INTL A,3031092,3/18/2019,77,2019,18,11.7,-2.2,4.8,13.2,0,0,0,0
-114.01,51.12,CALGARY INTL A,3031092,3/19/2019,78,2019,19,16.3,-2,7.2,10.8,0,0,0,0
-114.01,51.12,CALGARY INTL A,3031092,3/20/2019,79,2019,20,16.8,-2.1,7.4,10.6,0,0,0,0
-114.01,51.12,CALGARY INTL A,3031092,3/21/2019,80,2019,21,13.7,-2.3,5.7,12.3,0,0,0,0
-114.01,51.12,CALGARY INTL A,3031092,3/22/2019,81,2019,22,15.2,-2.9,6.2,11.8,0,0,0,0
-114.01,51.12,CALGARY INTL A,3031092,3/23/2019,82,2019,23,10.8,-2.4,4.2,13.8,0,0,0,0
-114.01,51.12,CALGARY INTL A,3031092,3/24/2019,83,2019,24,1.7,-0.9,0.4,17.6,0,0,0.6,0.6
-114.01,51.12,CALGARY INTL A,3031092,3/25/2019,84,2019,25,10.3,-1.6,4.4,13.6,0,0,0,0
-114.01,51.12,CALGARY INTL A,3031092,3/26/2019,85,2019,26,14.1,0.3,7.2,10.8,0,0,2,1.6
-114.01,51.12,CALGARY INTL A,3031092,3/27/2019,86,2019,27,6.5,-2.2,2.2,15.8,0,0,1,0.8
-114.01,51.12,CALGARY INTL A,3031092,3/28/2019,87,2019,28,8.4,-3.4,2.5,15.5,0,0,0,0
-114.01,51.12,CALGARY INTL A,3031092,3/29/2019,88,2019,29,9.9,-2.7,3.6,14.4,0,0,0,0
-114.01,51.12,CALGARY INTL A,3031092,3/30/2019,89,2019,30,13.4,-2.3,5.6,12.4,0,0,0,0
-114.01,51.12,CALGARY INTL A,3031092,3/31/2019,90,2019,31,10.2,0.4,5.3,12.7,0,0,0,0
-114.01,51.12,CALGARY INTL A,3031092,4/1/2019,91,2019,1,9,-0.1,4.5,13.5,0,0,0,0
-114.01,51.12,CALGARY INTL A,3031092,4/2/2019,92,2019,2,9.8,-3.4,3.2,14.8,0,0,0,0
-114.01,51.12,CALGARY INTL A,3031092,4/3/2019,93,2019,3,13.1,-3.7,4.7,13.3,0,0,0,0
-114.01,51.12,CALGARY INTL A,3031092,4/4/2019,94,2019,4,12.8,1.1,7,11,0,0,0,0
-114.01,51.12,CALGARY INTL A,3031092,4/5/2019,95,2019,5,10.8,-1.9,4.5,13.5,0,0,0,0
-114.01,51.12,CALGARY INTL A,3031092,4/6/2019,96,2019,6,13.3,0.4,6.9,11.1,0,0,0,0
-114.01,51.12,CALGARY INTL A,3031092,4/7/2019,97,2019,7,13.1,1,7.1,10.9,0,0,0,0
-114.01,51.12,CALGARY INTL A,3031092,4/8/2019,98,2019,8,13.6,-2.3,5.7,12.3,0,0,0,0
-114.01,51.12,CALGARY INTL A,3031092,4/9/2019,99,2019,9,13.3,-5,4.2,13.8,0,0,0,0
-114.01,51.12,CALGARY INTL A,3031092,4/10/2019,100,2019,10,12.3,2.6,7.5,10.5,0,0,0,0
-114.01,51.12,CALGARY INTL A,3031092,4/11/2019,101,2019,11,5.3,0.3,2.8,15.2,0,0.9,2.4,2.5
-114.01,51.12,CALGARY INTL A,3031092,4/12/2019,102,2019,12,7.9,-1.2,3.4,14.6,0,0,0.3,0.3
-114.01,51.12,CALGARY INTL A,3031092,4/13/2019,103,2019,13,11.6,-1.6,5,13,0,0,0,0
-114.01,51.12,CALGARY INTL A,3031092,4/14/2019,104,2019,14,9.8,0.5,5.2,12.8,0,0,0,0
-114.01,51.12,CALGARY INTL A,3031092,4/15/2019,105,2019,15,9.9,-4.6,2.7,15.3,0,0,0,0
-114.01,51.12,CALGARY INTL A,3031092,4/16/2019,106,2019,16,12.8,-4.2,4.3,13.7,0,0,0,0
-114.01,51.12,CALGARY INTL A,3031092,4/17/2019,107,2019,17,14.7,1.7,8.2,9.8,0,0,0,0
-114.01,51.12,CALGARY INTL A,3031092,4/18/2019,108,2019,18,19.8,1.3,10.6,7.4,0,0,0,0
-114.01,51.12,CALGARY INTL A,3031092,4/19/2019,109,2019,19,12.6,2.7,7.7,10.3,0,1,0,1
-114.01,51.12,CALGARY INTL A,3031092,4/20/2019,110,2019,20,11,0.5,5.8,12.2,0,0,0,0
-114.01,51.12,CALGARY INTL A,3031092,4/21/2019,111,2019,21,16.5,-0.6,8,10,0,0,0,0
-114.01,51.12,CALGARY INTL A,3031092,4/22/2019,112,2019,22,20.1,-0.7,9.7,8.3,0,0,0,0
-114.01,51.12,CALGARY INTL A,3031092,4/23/2019,113,2019,23,17.4,5.3,11.4,6.6,0,0,0,0
-114.01,51.12,CALGARY INTL A,3031092,4/24/2019,114,2019,24,14.3,2,8.2,9.8,0,0,0,0
-114.01,51.12,CALGARY INTL A,3031092,4/25/2019,115,2019,25,12.5,-1.8,5.4,12.6,0,0,0,0
-114.01,51.12,CALGARY INTL A,3031092,4/26/2019,116,2019,26,11.49655172,-0.982758621,5.286206897,12.7137931,0,0.072413793,0,0.627586207
-114.01,51.12,CALGARY INTL A,3031092,4/27/2019,117,2019,27,5.5,-2.6,1.5,16.5,0,0.2,13.4,13.6
-114.01,51.12,CALGARY INTL A,3031092,4/28/2019,118,2019,28,2.8,-5,-1.1,19.1,0,0,0.8,0.8
-114.01,51.12,CALGARY INTL A,3031092,4/29/2019,119,2019,29,4.5,-5,-0.3,18.3,0,0,0,0
-114.01,51.12,CALGARY INTL A,3031092,4/30/2019,120,2019,30,3.3,-4.2,-0.5,18.5,0,0,0,0
-114.01,51.12,CALGARY INTL A,3031092,5/1/2019,121,2019,1,7,-2.4,2.3,15.7,0,0,0,0
-114.01,51.12,CALGARY INTL A,3031092,5/2/2019,122,2019,2,10.8,-0.5,5.2,12.8,0,4.6,0,4.6
-114.01,51.12,CALGARY INTL A,3031092,5/3/2019,123,2019,3,8.5,-0.4,4.1,13.9,0,0,0,0
-114.01,51.12,CALGARY INTL A,3031092,5/4/2019,124,2019,4,-0.2,-2.5,-1.4,19.4,0,0.2,5.7,5.5
-114.01,51.12,CALGARY INTL A,3031092,5/5/2019,125,2019,5,2.8,-3.4,-0.3,18.3,0,0,1.6,1.4
-114.01,51.12,CALGARY INTL A,3031092,5/6/2019,126,2019,6,12.5,-3.7,4.4,13.6,0,0,0,0
-114.01,51.12,CALGARY INTL A,3031092,5/7/2019,127,2019,7,11.4,0.2,5.8,12.2,0,6,0,6
-114.01,51.12,CALGARY INTL A,3031092,5/8/2019,128,2019,8,12.3,2.2,7.3,10.7,0,1.8,0.4,2.2
-114.01,51.12,CALGARY INTL A,3031092,5/9/2019,129,2019,9,17.4,1.7,9.6,8.4,0,0,0,0
-114.01,51.12,CALGARY INTL A,3031092,5/10/2019,130,2019,10,19.3,7.1,13.2,4.8,0,0.6,0,0.6
-114.01,51.12,CALGARY INTL A,3031092,5/11/2019,131,2019,11,23.6,0.7,12.2,5.8,0,0,0,0
-114.01,51.12,CALGARY INTL A,3031092,5/12/2019,132,2019,12,21.4,11.5,16.5,1.5,0,0,0,0
-114.01,51.12,CALGARY INTL A,3031092,5/13/2019,133,2019,13,19.2,5.6,12.4,5.6,0,0,0,0
-114.01,51.12,CALGARY INTL A,3031092,5/14/2019,134,2019,14,20.2,8.3,14.3,3.7,0,0.4,0,0.4
-114.01,51.12,CALGARY INTL A,3031092,5/15/2019,135,2019,15,17.5,8.1,12.8,5.2,0,0.4,0,0.4
-114.01,51.12,CALGARY INTL A,3031092,5/16/2019,136,2019,16,8.3,5.7,7,11,0,1.6,0,1.6
-114.01,51.12,CALGARY INTL A,3031092,5/17/2019,137,2019,17,7.4,2.7,5.1,12.9,0,10,0,10
-114.01,51.12,CALGARY INTL A,3031092,5/18/2019,138,2019,18,6.7,2.1,4.4,13.6,0,2.8,0,2.8
-114.01,51.12,CALGARY INTL A,3031092,5/19/2019,139,2019,19,11.3,2,6.7,11.3,0,0,0,0
-114.01,51.12,CALGARY INTL A,3031092,5/20/2019,140,2019,20,9.9,-1.7,4.1,13.9,0,0,0,0
-114.01,51.12,CALGARY INTL A,3031092,5/21/2019,141,2019,21,7.6,4,5.8,12.2,0,1.8,0,1.8
-114.01,51.12,CALGARY INTL A,3031092,5/22/2019,142,2019,22,17.9,3.2,10.6,7.4,0,2,0,2
-114.01,51.12,CALGARY INTL A,3031092,5/23/2019,143,2019,23,20.7,5.3,13,5,0,0,0,0
-114.01,51.12,CALGARY INTL A,3031092,5/24/2019,144,2019,24,17.7,7.2,12.5,5.5,0,0,0,0
-114.01,51.12,CALGARY INTL A,3031092,5/25/2019,145,2019,25,11.9,4.5,8.2,9.8,0,6.2,0,6.2
-114.01,51.12,CALGARY INTL A,3031092,5/26/2019,146,2019,26,16.9,1.4,9.2,8.8,0,0,0,0
-114.01,51.12,CALGARY INTL A,3031092,5/27/2019,147,2019,27,19.5,3.5,11.5,6.5,0,0,0,0
-114.01,51.12,CALGARY INTL A,3031092,5/28/2019,148,2019,28,22.1,6,14.1,3.9,0,0,0,0
-114.01,51.12,CALGARY INTL A,3031092,5/29/2019,149,2019,29,26.7,5.9,16.3,1.7,0,0,0,0
-114.01,51.12,CALGARY INTL A,3031092,5/30/2019,150,2019,30,24.3,11.5,17.9,0.1,0,0,0,0
-114.01,51.12,CALGARY INTL A,3031092,5/31/2019,151,2019,31,21.9,10,16,2,0,0,0,0
-114.01,51.12,CALGARY INTL A,3031092,6/1/2019,152,2019,1,27.7,7.8,17.8,0.2,0,0,0,0
-114.01,51.12,CALGARY INTL A,3031092,6/2/2019,153,2019,2,26.3,11,18.7,0,0.7,0,0,0
-114.01,51.12,CALGARY INTL A,3031092,6/3/2019,154,2019,3,24.9,11.6,18.3,0,0.3,0,0,0
-114.01,51.12,CALGARY INTL A,3031092,6/4/2019,155,2019,4,23.4,8.6,16,2,0,0,0,0
-114.01,51.12,CALGARY INTL A,3031092,6/5/2019,156,2019,5,22.7,6.9,14.8,3.2,0,0,0,0
-114.01,51.12,CALGARY INTL A,3031092,6/6/2019,157,2019,6,17.8,7.9,12.9,5.1,0,4.6,0,4.6
-114.01,51.12,CALGARY INTL A,3031092,6/7/2019,158,2019,7,8.3,2.9,5.6,12.4,0,15.2,0,15.2
-114.01,51.12,CALGARY INTL A,3031092,6/8/2019,159,2019,8,14.1,4.1,9.1,8.9,0,4.9,0,4.9
-114.01,51.12,CALGARY INTL A,3031092,6/9/2019,160,2019,9,19.6,2.9,11.3,6.7,0,0,0,0
-114.01,51.12,CALGARY INTL A,3031092,6/10/2019,161,2019,10,19.5,6.8,13.2,4.8,0,0,0,0
-114.01,51.12,CALGARY INTL A,3031092,6/11/2019,162,2019,11,21.4,6.6,14,4,0,0,0,0
-114.01,51.12,CALGARY INTL A,3031092,6/12/2019,163,2019,12,25.3,9.1,17.2,0.8,0,0,0,0
-114.01,51.12,CALGARY INTL A,3031092,6/13/2019,164,2019,13,27.9,13.6,20.8,0,2.8,3,0,3
-114.01,51.12,CALGARY INTL A,3031092,6/14/2019,165,2019,14,19.5,12.2,15.9,2.1,0,2,0,2
-114.01,51.12,CALGARY INTL A,3031092,6/15/2019,166,2019,15,20.08461538,7.919230769,14.02692308,4.119230769,0.146153846,0,0,0
-114.01,51.12,CALGARY INTL A,3031092,6/16/2019,167,2019,16,22.3,7.7,15,3,0,1,0,1
-114.01,51.12,CALGARY INTL A,3031092,6/17/2019,168,2019,17,20.08461538,7.919230769,14.02692308,4.119230769,0.146153846,4.1,0,4.1
-114.01,51.12,CALGARY INTL A,3031092,6/18/2019,169,2019,18,20.08461538,7.919230769,14.02692308,4.119230769,0.146153846,0.6,0,0.6
-114.01,51.12,CALGARY INTL A,3031092,6/19/2019,170,2019,19,20.08461538,7.919230769,14.02692308,4.119230769,0.146153846,10.6,0,10.6
-114.01,51.12,CALGARY INTL A,3031092,6/20/2019,171,2019,20,12,5.7,8.9,9.1,0,6.6,0,6.6
-114.01,51.12,CALGARY INTL A,3031092,6/21/2019,172,2019,21,12.1,5.3,8.7,9.3,0,53.8,0,53.8
-114.01,51.12,CALGARY INTL A,3031092,6/22/2019,173,2019,22,20.1,7.9,14,4,0,0,0,0
-114.01,51.12,CALGARY INTL A,3031092,6/23/2019,174,2019,23,18.1,10.3,14.2,3.8,0,4.4,0,4.4
-114.01,51.12,CALGARY INTL A,3031092,6/24/2019,175,2019,24,18.9,8.9,13.9,4.1,0,0.8,0,0.8
-114.01,51.12,CALGARY INTL A,3031092,6/25/2019,176,2019,25,18,9,13.5,4.5,0,0.8,0,0.8
-114.01,51.12,CALGARY INTL A,3031092,6/26/2019,177,2019,26,21.5,8.4,15,3,0,0,0,0
-114.01,51.12,CALGARY INTL A,3031092,6/27/2019,178,2019,27,16.2,8.9,12.6,5.4,0,21.8,0,21.8
-114.01,51.12,CALGARY INTL A,3031092,6/28/2019,179,2019,28,21.9,5.6,13.8,4.2,0,0,0,0
-114.01,51.12,CALGARY INTL A,3031092,6/29/2019,180,2019,29,20.9,7.2,14.1,3.9,0,0,0,0
-114.01,51.12,CALGARY INTL A,3031092,6/30/2019,181,2019,30,21.8,9,15.4,2.6,0,0,0,0
-114.01,51.12,CALGARY INTL A,3031092,7/1/2019,182,2019,1,25.1,8.9,17,1,0,0,0,0
-114.01,51.12,CALGARY INTL A,3031092,7/2/2019,183,2019,2,18.1,7,12.6,5.4,0,2.4,0,2.4
-114.01,51.12,CALGARY INTL A,3031092,7/3/2019,184,2019,3,18.2,7.6,12.9,5.1,0,1.4,0,1.4
-114.01,51.12,CALGARY INTL A,3031092,7/4/2019,185,2019,4,11.4,8.8,10.1,7.9,0,24.2,0,24.2
-114.01,51.12,CALGARY INTL A,3031092,7/5/2019,186,2019,5,14.4,8.4,11.4,6.6,0,3.9,0,3.9
-114.01,51.12,CALGARY INTL A,3031092,7/6/2019,187,2019,6,22.32,10.53,16.45333333,2.03,0.483333333,3,0,3
-114.01,51.12,CALGARY INTL A,3031092,7/7/2019,188,2019,7,20.7,9.6,15.2,2.8,0,2.6,0,2.6
-114.01,51.12,CALGARY INTL A,3031092,7/8/2019,189,2019,8,19.1,10.4,14.8,3.2,0,0,0,0
-114.01,51.12,CALGARY INTL A,3031092,7/9/2019,190,2019,9,21.5,10.8,16.2,1.8,0,0,0,0
-114.01,51.12,CALGARY INTL A,3031092,7/10/2019,191,2019,10,25.6,11.9,18.8,0,0.8,0,0,0
-114.01,51.12,CALGARY INTL A,3031092,7/11/2019,192,2019,11,22.9,12.2,17.6,0.4,0,0,0,0
-114.01,51.12,CALGARY INTL A,3031092,7/12/2019,193,2019,12,25.3,11.7,18.5,0,0.5,0,0,0
-114.01,51.12,CALGARY INTL A,3031092,7/13/2019,194,2019,13,24.7,13.1,18.9,0,0.9,0.4,0,0.4
-114.01,51.12,CALGARY INTL A,3031092,7/14/2019,195,2019,14,23.1,10.6,16.9,1.1,0,2.6,0,2.6
-114.01,51.12,CALGARY INTL A,3031092,7/15/2019,196,2019,15,22.1,9,15.6,2.4,0,0,0,0
-114.01,51.12,CALGARY INTL A,3031092,7/16/2019,197,2019,16,19.6,11.5,15.6,2.4,0,21.5,0,21.5
-114.01,51.12,CALGARY INTL A,3031092,7/17/2019,198,2019,17,22.8,8.7,15.8,2.2,0,7,0,7
-114.01,51.12,CALGARY INTL A,3031092,7/18/2019,199,2019,18,19.6,9.3,14.5,3.5,0,0.8,0,0.8
-114.01,51.12,CALGARY INTL A,3031092,7/19/2019,200,2019,19,15.2,7.7,11.5,6.5,0,2.4,0,2.4
-114.01,51.12,CALGARY INTL A,3031092,7/20/2019,201,2019,20,18.8,10.2,14.5,3.5,0,8,0,8
-114.01,51.12,CALGARY INTL A,3031092,7/21/2019,202,2019,21,22.2,7.6,14.9,3.1,0,0,0,0
-114.01,51.12,CALGARY INTL A,3031092,7/22/2019,203,2019,22,26.2,10,18.1,0,0.1,0,0,0
-114.01,51.12,CALGARY INTL A,3031092,7/23/2019,204,2019,23,30.4,14.1,22.3,0,4.3,1.2,0,1.2
-114.01,51.12,CALGARY INTL A,3031092,7/24/2019,205,2019,24,23.6,13.7,18.7,0,0.7,2.1,0,2.1
-114.01,51.12,CALGARY INTL A,3031092,7/25/2019,206,2019,25,26.1,14.3,20.2,0,2.2,0,0,0
-114.01,51.12,CALGARY INTL A,3031092,7/26/2019,207,2019,26,27.9,9.4,18.7,0,0.7,0,0,0
-114.01,51.12,CALGARY INTL A,3031092,7/27/2019,208,2019,27,28.4,15.4,21.9,0,3.9,0,0,0
-114.01,51.12,CALGARY INTL A,3031092,7/28/2019,209,2019,28,22,12.8,17.4,0.6,0,0,0,0
-114.01,51.12,CALGARY INTL A,3031092,7/29/2019,210,2019,29,23.4,9.8,16.6,1.4,0,0,0,0
-114.01,51.12,CALGARY INTL A,3031092,7/30/2019,211,2019,30,25.8,10.9,18.4,0,0.4,0,0,0
-114.01,51.12,CALGARY INTL A,3031092,7/31/2019,212,2019,31,25.4,10.5,18,0,0,0,0,0
-114.01,51.12,CALGARY INTL A,3031092,8/1/2019,213,2019,1,26.4,12.6,19.5,0,1.5,0,0,0
-114.01,51.12,CALGARY INTL A,3031092,8/2/2019,214,2019,2,30.4,12,21.2,0,3.2,0,0,0
-114.01,51.12,CALGARY INTL A,3031092,8/3/2019,215,2019,3,24.2,13.7,19,0,1,0,0,0
-114.01,51.12,CALGARY INTL A,3031092,8/4/2019,216,2019,4,24.3,10.3,17.3,0.7,0,0,0,0
-114.01,51.12,CALGARY INTL A,3031092,8/5/2019,217,2019,5,26.6,10.3,18.5,0,0.5,0,0,0
-114.01,51.12,CALGARY INTL A,3031092,8/6/2019,218,2019,6,20.7,12.3,16.5,1.5,0,4.9,0,4.9
-114.01,51.12,CALGARY INTL A,3031092,8/7/2019,219,2019,7,23.2,11.1,17.2,0.8,0,1.6,0,1.6
-114.01,51.12,CALGARY INTL A,3031092,8/8/2019,220,2019,8,28.9,12.5,20.7,0,2.7,0,0,0
-114.01,51.12,CALGARY INTL A,3031092,8/9/2019,221,2019,9,18.4,10.7,14.6,3.4,0,1.2,0,1.2
-114.01,51.12,CALGARY INTL A,3031092,8/10/2019,222,2019,10,14.1,10.1,12.1,5.9,0,1.2,0,1.2
-114.01,51.12,CALGARY INTL A,3031092,8/11/2019,223,2019,11,17.1,10.1,13.6,4.4,0,1.2,0,1.2
-114.01,51.12,CALGARY INTL A,3031092,8/12/2019,224,2019,12,14.6,11.8,13.2,4.8,0,2.4,0,2.4
-114.01,51.12,CALGARY INTL A,3031092,8/13/2019,225,2019,13,21.1,11.7,16.4,1.6,0,9,0,9
-114.01,51.12,CALGARY INTL A,3031092,8/14/2019,226,2019,14,22.5,11.1,16.8,1.2,0,3.6,0,3.6
-114.01,51.12,CALGARY INTL A,3031092,8/15/2019,227,2019,15,24.8,11.9,18.4,0,0.4,0,0,0
-114.01,51.12,CALGARY INTL A,3031092,8/16/2019,228,2019,16,19.3,8.8,14.1,3.9,0,11,0,11
-114.01,51.12,CALGARY INTL A,3031092,8/17/2019,229,2019,17,18.5,6,12.3,5.7,0,0,0,0
-114.01,51.12,CALGARY INTL A,3031092,8/18/2019,230,2019,18,25,11.1,18.1,0,0.1,0,0,0
-114.01,51.12,CALGARY INTL A,3031092,8/19/2019,231,2019,19,19.5,7.5,13.5,4.5,0,0,0,0
-114.01,51.12,CALGARY INTL A,3031092,8/20/2019,232,2019,20,25.9,9.7,17.8,0.2,0,0,0,0
-114.01,51.12,CALGARY INTL A,3031092,8/21/2019,233,2019,21,31.4,11.4,21.4,0,3.4,0,0,0
-114.01,51.12,CALGARY INTL A,3031092,8/22/2019,234,2019,22,23,11.5,17.3,0.7,0,12.1,0,12.1
-114.01,51.12,CALGARY INTL A,3031092,8/23/2019,235,2019,23,24.4,10.8,17.6,0.4,0,1.5,0,1.5
-114.01,51.12,CALGARY INTL A,3031092,8/24/2019,236,2019,24,23.1,9.6,16.4,1.6,0,0.2,0,0.2
-114.01,51.12,CALGARY INTL A,3031092,8/25/2019,237,2019,25,18.7,7.6,13.2,4.8,0,1.6,0,1.6
-114.01,51.12,CALGARY INTL A,3031092,8/26/2019,238,2019,26,16.9,8.5,12.7,5.3,0,0.8,0,0.8
-114.01,51.12,CALGARY INTL A,3031092,8/27/2019,239,2019,27,23.2,4.4,13.8,4.2,0,0,0,0
-114.01,51.12,CALGARY INTL A,3031092,8/28/2019,240,2019,28,19.3,12.6,16,2,0,1.867857143,0,0.2
-114.01,51.12,CALGARY INTL A,3031092,8/29/2019,241,2019,29,21.1,10.9,16,2,0,0,0,0
-114.01,51.12,CALGARY INTL A,3031092,8/30/2019,242,2019,30,21.8,7.7,14.8,3.2,0,1.867857143,0,1
-114.01,51.12,CALGARY INTL A,3031092,8/31/2019,243,2019,31,18.6,7.4,13,5,0,1.867857143,0,6
-114.01,51.12,CALGARY INTL A,3031092,9/1/2019,244,2019,1,16.7,11.2,14,4,0,0.1,1.810526316,3.6
-114.01,51.12,CALGARY INTL A,3031092,9/2/2019,245,2019,2,21.4,10.6,16,2,0,0.1,1.810526316,3
-114.01,51.12,CALGARY INTL A,3031092,9/3/2019,246,2019,3,25.2,7,16.1,1.9,0,0,0,0
-114.01,51.12,CALGARY INTL A,3031092,9/4/2019,247,2019,4,24.9,10.7,17.8,0.2,0,0.1,1.810526316,0
-114.01,51.12,CALGARY INTL A,3031092,9/5/2019,248,2019,5,22.2,10.3,16.3,1.7,0,0,0,0
-114.01,51.12,CALGARY INTL A,3031092,9/6/2019,249,2019,6,19.1,9.2,14.2,3.8,0,0,0,0
-114.01,51.12,CALGARY INTL A,3031092,9/7/2019,250,2019,7,25.6,10.4,18,0,0,0,0,0
-114.01,51.12,CALGARY INTL A,3031092,9/8/2019,251,2019,8,16.1,11.8,14,4,0,0,0,0
-114.01,51.12,CALGARY INTL A,3031092,9/9/2019,252,2019,9,11.7,7,9.4,8.6,0,0.1,1.810526316,7.5
-114.01,51.12,CALGARY INTL A,3031092,9/10/2019,253,2019,10,9.5,6,7.8,10.2,0,0.1,1.810526316,8.6
-114.01,51.12,CALGARY INTL A,3031092,9/11/2019,254,2019,11,15.9,6.8,11.4,6.6,0,0.1,1.810526316,0.6
-114.01,51.12,CALGARY INTL A,3031092,9/12/2019,255,2019,12,21.2,5.1,13.2,4.8,0,0,0,0
-114.01,51.12,CALGARY INTL A,3031092,9/13/2019,256,2019,13,19.7,9.1,14.4,3.6,0,0,0,0
-114.01,51.12,CALGARY INTL A,3031092,9/14/2019,257,2019,14,20.6,7.3,14,4,0,0,0,0
-114.01,51.12,CALGARY INTL A,3031092,9/15/2019,258,2019,15,22.8,12.2,17.5,0.5,0,0,0,0
-114.01,51.12,CALGARY INTL A,3031092,9/16/2019,259,2019,16,20.3,8.8,14.6,3.4,0,0,0,0
-114.01,51.12,CALGARY INTL A,3031092,9/17/2019,260,2019,17,18.1,8.6,13.4,4.6,0,0.1,1.810526316,0
-114.01,51.12,CALGARY INTL A,3031092,9/18/2019,261,2019,18,16.7,5,10.9,7.1,0,0.1,1.810526316,1.2
-114.01,51.12,CALGARY INTL A,3031092,9/19/2019,262,2019,19,15.5,7.9,11.7,6.3,0,0.1,1.810526316,10.5
-114.01,51.12,CALGARY INTL A,3031092,9/20/2019,263,2019,20,15.7,7.5,11.6,6.4,0,0.1,1.810526316,0.2
-114.01,51.12,CALGARY INTL A,3031092,9/21/2019,264,2019,21,20,4.2,12.1,5.9,0,0,0,0
-114.01,51.12,CALGARY INTL A,3031092,9/22/2019,265,2019,22,22.6,7.7,15.2,2.8,0,0,0,0
-114.01,51.12,CALGARY INTL A,3031092,9/23/2019,266,2019,23,16.2,7.4,11.8,6.2,0,0,0,0
-114.01,51.12,CALGARY INTL A,3031092,9/24/2019,267,2019,24,16,5.6,10.8,7.2,0,0,0,0
-114.01,51.12,CALGARY INTL A,3031092,9/25/2019,268,2019,25,16.6,3.6,10.1,7.9,0,0,0,0
-114.01,51.12,CALGARY INTL A,3031092,9/26/2019,269,2019,26,11,2.7,6.9,11.1,0,0.1,1.810526316,2.2
-114.01,51.12,CALGARY INTL A,3031092,9/27/2019,270,2019,27,4.3,-2.6,0.9,17.1,0,1.9,1.5,3.4
-114.01,51.12,CALGARY INTL A,3031092,9/28/2019,271,2019,28,-0.9,-3.5,-2.2,20.2,0,0,4.5,3.6
-114.01,51.12,CALGARY INTL A,3031092,9/29/2019,272,2019,29,-1.6,-3,-2.3,20.3,0,0,24.6,20.4
-114.01,51.12,CALGARY INTL A,3031092,9/30/2019,273,2019,30,0.2,-4.6,-2.2,20.2,0,0,3.8,2.9
-114.01,51.12,CALGARY INTL A,3031092,10/1/2019,274,2019,1,4.2,-7.2,-1.5,19.5,0,0,0,0
-114.01,51.12,CALGARY INTL A,3031092,10/2/2019,275,2019,2,9.5,-3.6,3,15,0,0,0,0
-114.01,51.12,CALGARY INTL A,3031092,10/3/2019,276,2019,3,10.3,-2.7,3.8,14.2,0,0,0,0
-114.01,51.12,CALGARY INTL A,3031092,10/4/2019,277,2019,4,13.8,-0.4,6.7,11.3,0,0,0,0
-114.01,51.12,CALGARY INTL A,3031092,10/5/2019,278,2019,5,13.4,5.2,9.3,8.7,0,0,0,0
-114.01,51.12,CALGARY INTL A,3031092,10/6/2019,279,2019,6,17.1,6.2,11.7,6.3,0,0,0,0
-114.01,51.12,CALGARY INTL A,3031092,10/7/2019,280,2019,7,17.8,2.1,10,8,0,0,0,0
-114.01,51.12,CALGARY INTL A,3031092,10/8/2019,281,2019,8,2.5,-6.8,-2.2,20.2,0,0,8.3,7.2
-114.01,51.12,CALGARY INTL A,3031092,10/9/2019,282,2019,9,-3.4,-8.2,-5.8,23.8,0,0,0,0
-114.01,51.12,CALGARY INTL A,3031092,10/10/2019,283,2019,10,3.5,-10.7,-3.6,21.6,0,0,0,0
-114.01,51.12,CALGARY INTL A,3031092,10/11/2019,284,2019,11,6.5,-6.7,-0.1,18.1,0,0,0,0
-114.01,51.12,CALGARY INTL A,3031092,10/12/2019,285,2019,12,8.553333333,-3.306666667,2.636666667,15.36333333,0,0.02,0.632,0.47
-114.01,51.12,CALGARY INTL A,3031092,10/13/2019,286,2019,13,8.3,0.2,4.3,13.7,0,0.02,0.632,0
-114.01,51.12,CALGARY INTL A,3031092,10/14/2019,287,2019,14,4.9,-1.9,1.5,16.5,0,0.02,0.632,0
-114.01,51.12,CALGARY INTL A,3031092,10/15/2019,288,2019,15,11.1,-2.9,4.1,13.9,0,0,0,0
-114.01,51.12,CALGARY INTL A,3031092,10/16/2019,289,2019,16,18.3,5.6,12,6,0,0,0,0
-114.01,51.12,CALGARY INTL A,3031092,10/17/2019,290,2019,17,14.5,1.9,8.2,9.8,0,0,0,0
-114.01,51.12,CALGARY INTL A,3031092,10/18/2019,291,2019,18,12,-0.1,6,12,0,0,0,0
-114.01,51.12,CALGARY INTL A,3031092,10/19/2019,292,2019,19,8.6,0.3,4.5,13.5,0,0.02,0.632,0
-114.01,51.12,CALGARY INTL A,3031092,10/20/2019,293,2019,20,7.5,-5.6,1,17,0,0,0,0
-114.01,51.12,CALGARY INTL A,3031092,10/21/2019,294,2019,21,10.8,-3.3,3.8,14.2,0,0,0,0
-114.01,51.12,CALGARY INTL A,3031092,10/22/2019,295,2019,22,13.7,-2.6,5.6,12.4,0,0.02,0.632,0
-114.01,51.12,CALGARY INTL A,3031092,10/23/2019,296,2019,23,6.5,-1.3,2.6,15.4,0,0.02,0.632,0
-114.01,51.12,CALGARY INTL A,3031092,10/24/2019,297,2019,24,15.4,-1.6,6.9,11.1,0,0,0,0
-114.01,51.12,CALGARY INTL A,3031092,10/25/2019,298,2019,25,18.1,0.8,9.5,8.5,0,0.5,0.4,0.9
-114.01,51.12,CALGARY INTL A,3031092,10/26/2019,299,2019,26,1,-5.4,-2.2,20.2,0,0,1,0.8
-114.01,51.12,CALGARY INTL A,3031092,10/27/2019,300,2019,27,3.2,-7.3,-2.1,20.1,0,0,2,1.6
-114.01,51.12,CALGARY INTL A,3031092,10/28/2019,301,2019,28,-2.7,-12.6,-7.7,25.7,0,0,3.8,3.3
-114.01,51.12,CALGARY INTL A,3031092,10/29/2019,302,2019,29,-3.2,-16.6,-9.9,27.9,0,0,0,0
-114.01,51.12,CALGARY INTL A,3031092,10/30/2019,303,2019,30,8.9,-11.4,-1.3,19.3,0,0,0,0
-114.01,51.12,CALGARY INTL A,3031092,10/31/2019,304,2019,31,4.5,-2.6,1,17,0,0,0.3,0.3
-114.01,51.12,CALGARY INTL A,3031092,11/1/2019,305,2019,1,6.9,-5.4,0.8,17.2,0,0,0,0
-114.01,51.12,CALGARY INTL A,3031092,11/2/2019,306,2019,2,9.1,-2.2,3.5,14.5,0,0.030769231,1.669230769,1
-114.01,51.12,CALGARY INTL A,3031092,11/3/2019,307,2019,3,3.4,-2.3,0.6,17.4,0,0.030769231,1.669230769,6
-114.01,51.12,CALGARY INTL A,3031092,11/4/2019,308,2019,4,0,-2.8,-1.4,19.4,0,0,2.9,2.5
-114.01,51.12,CALGARY INTL A,3031092,11/5/2019,309,2019,5,0.9,-11.3,-5.2,23.2,0,0,5.4,4.4
-114.01,51.12,CALGARY INTL A,3031092,11/6/2019,310,2019,6,-4,-15.4,-9.7,27.7,0,0,0.8,0.6
-114.01,51.12,CALGARY INTL A,3031092,11/7/2019,311,2019,7,9.1,-12,-1.5,19.5,0,0,0,0
-114.01,51.12,CALGARY INTL A,3031092,11/8/2019,312,2019,8,12.4,2.1,7.3,10.7,0,0,0,0
-114.01,51.12,CALGARY INTL A,3031092,11/9/2019,313,2019,9,3.3,-10.8,-3.8,21.8,0,0.3,2.8,1.8
-114.01,51.12,CALGARY INTL A,3031092,11/10/2019,314,2019,10,-10.7,-18.4,-14.6,32.6,0,0,6,4.8
-114.01,51.12,CALGARY INTL A,3031092,11/11/2019,315,2019,11,6.5,-18.1,-5.8,23.8,0,0,0,0
-114.01,51.12,CALGARY INTL A,3031092,11/12/2019,316,2019,12,7.2,-0.7,3.3,14.7,0,0.5,0,0.5
-114.01,51.12,CALGARY INTL A,3031092,11/13/2019,317,2019,13,10.6,-1,4.8,13.2,0,0,0,0
-114.01,51.12,CALGARY INTL A,3031092,11/14/2019,318,2019,14,7.4,-3.4,2,16,0,0,0,0
-114.01,51.12,CALGARY INTL A,3031092,11/15/2019,319,2019,15,12.2,2.2,7.2,10.8,0,0,0,0
-114.01,51.12,CALGARY INTL A,3031092,11/16/2019,320,2019,16,8,0.1,4.1,13.9,0,0,0,0
-114.01,51.12,CALGARY INTL A,3031092,11/17/2019,321,2019,17,14.8,1.4,8.1,9.9,0,0.030769231,1.669230769,0
-114.01,51.12,CALGARY INTL A,3031092,11/18/2019,322,2019,18,10,0.3,5.2,12.8,0,0,0,0
-114.01,51.12,CALGARY INTL A,3031092,11/19/2019,323,2019,19,2.3,-1.4,0.5,17.5,0,0,17.8,15.2
-114.01,51.12,CALGARY INTL A,3031092,11/20/2019,324,2019,20,-0.4,-9.1,-4.8,22.8,0,0,1,0.6
-114.01,51.12,CALGARY INTL A,3031092,11/21/2019,325,2019,21,4.6,-9.3,-2.4,20.4,0,0,0,0
-114.01,51.12,CALGARY INTL A,3031092,11/22/2019,326,2019,22,10.1,-4.8,2.7,15.3,0,0,0,0
-114.01,51.12,CALGARY INTL A,3031092,11/23/2019,327,2019,23,11.4,2.8,7.1,10.9,0,0,0,0
-114.01,51.12,CALGARY INTL A,3031092,11/24/2019,328,2019,24,7.6,-1.1,3.3,14.7,0,0.030769231,1.669230769,0
-114.01,51.12,CALGARY INTL A,3031092,11/25/2019,329,2019,25,1.4,-6.7,-2.7,20.7,0,0,0,0
-114.01,51.12,CALGARY INTL A,3031092,11/26/2019,330,2019,26,-3.5,-7.9,-5.7,23.7,0,0,1.8,1.5
-114.01,51.12,CALGARY INTL A,3031092,11/27/2019,331,2019,27,-7.7,-14.3,-11,29,0,0,2.7,2.6
-114.01,51.12,CALGARY INTL A,3031092,11/28/2019,332,2019,28,-12.7,-19.8,-16.3,34.3,0,0,2.2,1.2
-114.01,51.12,CALGARY INTL A,3031092,11/29/2019,333,2019,29,-11.3,-20.9,-16.1,34.1,0,0,0,0
-114.01,51.12,CALGARY INTL A,3031092,11/30/2019,334,2019,30,-10.6,-20.3,-15.5,33.5,0,0,0,0
-114.01,51.12,CALGARY INTL A,3031092,12/1/2019,335,2019,1,3.3,-14.2,-5.5,23.5,0,0,0,0
-114.01,51.12,CALGARY INTL A,3031092,12/2/2019,336,2019,2,5,0.8,2.9,15.1,0,0,0,0
-114.01,51.12,CALGARY INTL A,3031092,12/3/2019,337,2019,3,9.6,-3.5,3.1,14.9,0,0,0,0
-114.01,51.12,CALGARY INTL A,3031092,12/4/2019,338,2019,4,-1.8,-7.2,-4.5,22.5,0,0,0.5,0.5
-114.01,51.12,CALGARY INTL A,3031092,12/5/2019,339,2019,5,-3,-11.1,-7.1,25.1,0,0,0,0
-114.01,51.12,CALGARY INTL A,3031092,12/6/2019,340,2019,6,-0.6,-11.3,-6,24,0,0,0,0
-114.01,51.12,CALGARY INTL A,3031092,12/7/2019,341,2019,7,1.3,-10.1,-4.4,22.4,0,0,0.4,0.4
-114.01,51.12,CALGARY INTL A,3031092,12/8/2019,342,2019,8,-5.2,-17.1,-11.2,29.2,0,0,4.2,2.2
-114.01,51.12,CALGARY INTL A,3031092,12/9/2019,343,2019,9,-1.2,-8.2,-4.7,22.7,0,0,5.5,3.8
-114.01,51.12,CALGARY INTL A,3031092,12/10/2019,344,2019,10,-2.6,-12.4,-7.5,25.5,0,0,0,0
-114.01,51.12,CALGARY INTL A,3031092,12/11/2019,345,2019,11,-6.1,-12.6,-9.4,27.4,0,0,4,3.2
-114.01,51.12,CALGARY INTL A,3031092,12/12/2019,346,2019,12,-5.3,-13.5,-9.4,27.4,0,0,0,0
-114.01,51.12,CALGARY INTL A,3031092,12/13/2019,347,2019,13,-10.3,-14.1,-12.2,30.2,0,0,2,0.4
-114.01,51.12,CALGARY INTL A,3031092,12/14/2019,348,2019,14,-2.4,-14.4,-8.4,26.4,0,0,0,0
-114.01,51.12,CALGARY INTL A,3031092,12/15/2019,349,2019,15,-3.6,-16.3,-10,28,0,0,0,0
-114.01,51.12,CALGARY INTL A,3031092,12/16/2019,350,2019,16,1.9,-12.1,-5.1,23.1,0,0,0,0
-114.01,51.12,CALGARY INTL A,3031092,12/17/2019,351,2019,17,7.3,0,3.7,14.3,0,0,0,0
-114.01,51.12,CALGARY INTL A,3031092,12/18/2019,352,2019,18,7.5,-3.6,2,16,0,0,0,0
-114.01,51.12,CALGARY INTL A,3031092,12/19/2019,353,2019,19,4.6,-4.8,-0.1,18.1,0,0,0,0
-114.01,51.12,CALGARY INTL A,3031092,12/20/2019,354,2019,20,5.6,-2.4,1.6,16.4,0,1.6,0.3,1.9
-114.01,51.12,CALGARY INTL A,3031092,12/21/2019,355,2019,21,1.1,-3.3,-1.1,19.1,0,0,0,0
-114.01,51.12,CALGARY INTL A,3031092,12/22/2019,356,2019,22,-0.4,-7.8,-4.1,22.1,0,0,3.6,3.2
-114.01,51.12,CALGARY INTL A,3031092,12/23/2019,357,2019,23,-1.3,-11.9,-6.6,24.6,0,0,0,0
-114.01,51.12,CALGARY INTL A,3031092,12/24/2019,358,2019,24,-7.9,-14.9,-11.4,29.4,0,0,0,0
-114.01,51.12,CALGARY INTL A,3031092,12/25/2019,359,2019,25,-3.1,-16.1,-9.6,27.6,0,0,0,0
-114.01,51.12,CALGARY INTL A,3031092,12/26/2019,360,2019,26,-2.9,-15.3,-9.1,27.1,0,0,0,0
-114.01,51.12,CALGARY INTL A,3031092,12/27/2019,361,2019,27,1.3,-11.6,-5.2,23.2,0,0,0,0
-114.01,51.12,CALGARY INTL A,3031092,12/28/2019,362,2019,28,-2.2,-13.2,-7.7,25.7,0,0,0,0
-114.01,51.12,CALGARY INTL A,3031092,12/29/2019,363,2019,29,3.4,-10,-3.3,21.3,0,0,0,0
-114.01,51.12,CALGARY INTL A,3031092,12/30/2019,364,2019,30,7.5,-10.6,-1.6,19.6,0,0,0,0
-114.01,51.12,CALGARY INTL A,3031092,12/31/2019,365,2019,31,6.8,1.7,4.3,13.7,0,0,0,0
-114.01,51.12,CALGARY INTL A,3031092,1/1/2020,1,2020,1,3,-3.5,-0.3,18.3,0,0,0,0
-114.01,51.12,CALGARY INTL A,3031092,1/2/2020,2,2020,2,3.8,-9.7,-3,21,0,0,2,1.8
-114.01,51.12,CALGARY INTL A,3031092,1/3/2020,3,2020,3,-3.443333333,-13.65333333,-8.56,26.56,0,0,0.13,0.1
-114.01,51.12,CALGARY INTL A,3031092,1/4/2020,4,2020,4,9.1,-3.6,2.8,15.2,0,0,1,0.5
-114.01,51.12,CALGARY INTL A,3031092,1/5/2020,5,2020,5,3.9,-11.6,-3.9,21.9,0,0,0,0
-114.01,51.12,CALGARY INTL A,3031092,1/6/2020,6,2020,6,0.4,-8.7,-4.2,22.2,0,0,0,0
-114.01,51.12,CALGARY INTL A,3031092,1/7/2020,7,2020,7,-6.4,-12.2,-9.3,27.3,0,0,0,0
-114.01,51.12,CALGARY INTL A,3031092,1/8/2020,8,2020,8,-7.2,-14.2,-10.7,28.7,0,0,0,0
-114.01,51.12,CALGARY INTL A,3031092,1/9/2020,9,2020,9,-13.4,-18,-15.7,33.7,0,0,0.2,0.2
-114.01,51.12,CALGARY INTL A,3031092,1/10/2020,10,2020,10,-6.7,-20.4,-13.6,31.6,0,0,0,0
-114.01,51.12,CALGARY INTL A,3031092,1/11/2020,11,2020,11,-10.4,-20.1,-15.3,33.3,0,0,0,0
-114.01,51.12,CALGARY INTL A,3031092,1/12/2020,12,2020,12,-19.8,-25.2,-22.5,40.5,0,0,0.2,0.2
-114.01,51.12,CALGARY INTL A,3031092,1/13/2020,13,2020,13,-25,-30.1,-27.6,45.6,0,0,0,0
-114.01,51.12,CALGARY INTL A,3031092,1/14/2020,14,2020,14,-28.4,-31.2,-29.8,47.8,0,0,0,0
-114.01,51.12,CALGARY INTL A,3031092,1/15/2020,15,2020,15,-27,-32.4,-29.7,47.7,0,0,0,0
-114.01,51.12,CALGARY INTL A,3031092,1/16/2020,16,2020,16,-27.1,-29.7,-28.4,46.4,0,0,0.5,0.3
-114.01,51.12,CALGARY INTL A,3031092,1/17/2020,17,2020,17,-22.6,-27.2,-24.9,42.9,0,0,0,0
-114.01,51.12,CALGARY INTL A,3031092,1/18/2020,18,2020,18,-18.8,-28.5,-23.7,41.7,0,0,0,0
-114.01,51.12,CALGARY INTL A,3031092,1/19/2020,19,2020,19,4.9,-21.7,-8.4,26.4,0,0,0,0
-114.01,51.12,CALGARY INTL A,3031092,1/20/2020,20,2020,20,7.9,-4.1,1.9,16.1,0,0,0,0
-114.01,51.12,CALGARY INTL A,3031092,1/21/2020,21,2020,21,6.5,-7.7,-0.6,18.6,0,0,0,0
-114.01,51.12,CALGARY INTL A,3031092,1/22/2020,22,2020,22,6,-4.2,0.9,17.1,0,0,0,0
-114.01,51.12,CALGARY INTL A,3031092,1/23/2020,23,2020,23,9.5,-8.8,0.4,17.6,0,0,0,0
-114.01,51.12,CALGARY INTL A,3031092,1/24/2020,24,2020,24,10.3,0.5,5.4,12.6,0,0,0,0
-114.01,51.12,CALGARY INTL A,3031092,1/25/2020,25,2020,25,7.8,-2.5,2.7,15.3,0,0,0,0
-114.01,51.12,CALGARY INTL A,3031092,1/26/2020,26,2020,26,2.5,-7,-2.3,20.3,0,0,0,0
-114.01,51.12,CALGARY INTL A,3031092,1/27/2020,27,2020,27,7.1,-5,1.1,16.9,0,0,0,0
-114.01,51.12,CALGARY INTL A,3031092,1/28/2020,28,2020,28,4.8,-6.9,-1.1,19.1,0,0,0,0
-114.01,51.12,CALGARY INTL A,3031092,1/29/2020,29,2020,29,7.3,-9.2,-1,19,0,0,0,0
-114.01,51.12,CALGARY INTL A,3031092,1/30/2020,30,2020,30,6.2,-2.8,1.7,16.3,0,0,0,0
-114.01,51.12,CALGARY INTL A,3031092,1/31/2020,31,2020,31,8.5,-3.9,2.3,15.7,0,0,0,0
-114.01,51.12,CALGARY INTL A,3031092,2/1/2020,32,2020,1,11.1,-5.2,3,15,0,0.2,5,5.2
-114.01,51.12,CALGARY INTL A,3031092,2/2/2020,33,2020,2,-0.9,-12.1,-6.5,24.5,0,0,2.8,2.8
-114.01,51.12,CALGARY INTL A,3031092,2/3/2020,34,2020,3,-4.3,-14,-9.2,27.2,0,0,0,0
-114.01,51.12,CALGARY INTL A,3031092,2/4/2020,35,2020,4,0.5,-18.3,-8.9,26.9,0,0,0,0
-114.01,51.12,CALGARY INTL A,3031092,2/5/2020,36,2020,5,3.5,-1.5,1,17,0,0,0,0
-114.01,51.12,CALGARY INTL A,3031092,2/6/2020,37,2020,6,2.1,-4.6,-1.3,19.3,0,0,0,0
-114.01,51.12,CALGARY INTL A,3031092,2/7/2020,38,2020,7,0.5,-9.6,-4.6,22.6,0,0,0,0
-114.01,51.12,CALGARY INTL A,3031092,2/8/2020,39,2020,8,-3.2,-9,-6.1,24.1,0,0,3,2.4
-114.01,51.12,CALGARY INTL A,3031092,2/9/2020,40,2020,9,1.8,-11.8,-5,23,0,0,1,0.4
-114.01,51.12,CALGARY INTL A,3031092,2/10/2020,41,2020,10,0.2,-6.9,-3.4,21.4,0,0,0,0
-114.01,51.12,CALGARY INTL A,3031092,2/11/2020,42,2020,11,5,-8.4,-1.7,19.7,0,0.007142857,0.767857143,1
-114.01,51.12,CALGARY INTL A,3031092,2/12/2020,43,2020,12,-8,-13.3,-10.7,28.7,0,0,0.8,0.6
-114.01,51.12,CALGARY INTL A,3031092,2/13/2020,44,2020,13,7.8,-13.7,-3,21,0,0,0,0
-114.01,51.12,CALGARY INTL A,3031092,2/14/2020,45,2020,14,0.8,-8,-3.6,21.6,0,0,1.3,0.5
-114.01,51.12,CALGARY INTL A,3031092,2/15/2020,46,2020,15,4.4,-7.7,-1.7,19.7,0,0,0.2,0.2
-114.01,51.12,CALGARY INTL A,3031092,2/16/2020,47,2020,16,2.5,-7.2,-2.4,20.4,0,0,0,0
-114.01,51.12,CALGARY INTL A,3031092,2/17/2020,48,2020,17,-3.2,-16.3,-9.8,27.8,0,0,2,1.8
-114.01,51.12,CALGARY INTL A,3031092,2/18/2020,49,2020,18,-6.8,-17.1,-12,30,0,0,0,0
-114.01,51.12,CALGARY INTL A,3031092,2/19/2020,50,2020,19,1.6,-16.3,-7.4,25.4,0,0,0,0
-114.01,51.12,CALGARY INTL A,3031092,2/20/2020,51,2020,20,9.4,-12,-1.3,19.3,0,0,0,0
-114.01,51.12,CALGARY INTL A,3031092,2/21/2020,52,2020,21,6.8,-3.7,1.6,16.4,0,0,0,0
-114.01,51.12,CALGARY INTL A,3031092,2/22/2020,53,2020,22,6.3,-6.2,0.1,17.9,0,0,0,0
-114.01,51.12,CALGARY INTL A,3031092,2/23/2020,54,2020,23,1.1,-8.4,-3.7,21.7,0,0,3,2.8
-114.01,51.12,CALGARY INTL A,3031092,2/24/2020,55,2020,24,-2.1,-8.2,-5.2,23.2,0,0,1,0.8
-114.01,51.12,CALGARY INTL A,3031092,2/25/2020,56,2020,25,0.6,-13.2,-6.3,24.3,0,0,0,0
-114.01,51.12,CALGARY INTL A,3031092,2/26/2020,57,2020,26,4.9,-4,0.5,17.5,0,0,0,0
-114.01,51.12,CALGARY INTL A,3031092,2/27/2020,58,2020,27,9.3,0.2,4.8,13.2,0,0,0,0
-114.01,51.12,CALGARY INTL A,3031092,2/28/2020,59,2020,28,10.6,0.3,5.5,12.5,0,0,0,0
-114.01,51.12,CALGARY INTL A,3031092,3/1/2020,61,2020,1,3.8,-11,-3.6,21.6,0,0,0,0
-114.01,51.12,CALGARY INTL A,3031092,3/2/2020,62,2020,2,7.6,1.3,4.5,13.5,0,0,0,0
-114.01,51.12,CALGARY INTL A,3031092,3/3/2020,63,2020,3,7.6,-3.6,2,16,0,0,0,0
-114.01,51.12,CALGARY INTL A,3031092,3/4/2020,64,2020,4,4.4,-3.1,0.7,17.3,0,0,0.8,0.8
-114.01,51.12,CALGARY INTL A,3031092,3/5/2020,65,2020,5,8.9,-7.4,0.8,17.2,0,0,0,0
-114.01,51.12,CALGARY INTL A,3031092,3/6/2020,66,2020,6,8.1,-6.6,0.8,17.2,0,0,0,0
-114.01,51.12,CALGARY INTL A,3031092,3/7/2020,67,2020,7,-6.5,-15.2,-10.9,28.9,0,0,3.8,3.2
-114.01,51.12,CALGARY INTL A,3031092,3/8/2020,68,2020,8,-7.6,-17.7,-12.7,30.7,0,0,0,0
-114.01,51.12,CALGARY INTL A,3031092,3/9/2020,69,2020,9,2,-14.8,-6.4,24.4,0,0,0,0
-114.01,51.12,CALGARY INTL A,3031092,3/10/2020,70,2020,10,4.8,-9.2,-2.2,20.2,0,0,0,0
-114.01,51.12,CALGARY INTL A,3031092,3/11/2020,71,2020,11,1.36,-9.726666667,-4.19,22.19,0,0,0,0
-114.01,51.12,CALGARY INTL A,3031092,3/12/2020,72,2020,12,1.3,-8.6,-3.7,21.7,0,0,2.4,2.4
-114.01,51.12,CALGARY INTL A,3031092,3/13/2020,73,2020,13,-8.6,-20.6,-14.6,32.6,0,0,7.9,7.5
-114.01,51.12,CALGARY INTL A,3031092,3/14/2020,74,2020,14,-17.8,-21.4,-19.6,37.6,0,0,3.5,3.5
-114.01,51.12,CALGARY INTL A,3031092,3/15/2020,75,2020,15,-9.4,-23.9,-16.7,34.7,0,0,0,0
-114.01,51.12,CALGARY INTL A,3031092,3/16/2020,76,2020,16,3,-14.6,-5.8,23.8,0,0,0,0
-114.01,51.12,CALGARY INTL A,3031092,3/17/2020,77,2020,17,2.9,-6.8,-2,20,0,0,0.2,0.2
-114.01,51.12,CALGARY INTL A,3031092,3/18/2020,78,2020,18,-6.7,-9.8,-8.3,26.3,0,0,0.6,0.6
-114.01,51.12,CALGARY INTL A,3031092,3/19/2020,79,2020,19,-7.7,-12.1,-9.9,27.9,0,0,1.2,0.6
-114.01,51.12,CALGARY INTL A,3031092,3/20/2020,80,2020,20,2.3,-13.2,-5.5,23.5,0,0,0,0
-114.01,51.12,CALGARY INTL A,3031092,3/21/2020,81,2020,21,4.9,-8.9,-2,20,0,0,0,0
-114.01,51.12,CALGARY INTL A,3031092,3/22/2020,82,2020,22,7.6,-6.4,0.6,17.4,0,0,0,0
-114.01,51.12,CALGARY INTL A,3031092,3/23/2020,83,2020,23,10,-5.3,2.4,15.6,0,0,1,0.8
-114.01,51.12,CALGARY INTL A,3031092,3/24/2020,84,2020,24,-2.2,-5.3,-3.8,21.8,0,0,1.4,1.4
-114.01,51.12,CALGARY INTL A,3031092,3/25/2020,85,2020,25,-0.2,-9.6,-4.9,22.9,0,0,2,1.6
-114.01,51.12,CALGARY INTL A,3031092,3/26/2020,86,2020,26,7.5,-7.3,0.1,17.9,0,0,0,0
-114.01,51.12,CALGARY INTL A,3031092,3/27/2020,87,2020,27,10.2,-3.6,3.3,14.7,0,0,0,0
-114.01,51.12,CALGARY INTL A,3031092,3/28/2020,88,2020,28,6.6,-3.2,1.7,16.3,0,0,0,0
-114.01,51.12,CALGARY INTL A,3031092,3/29/2020,89,2020,29,11.2,-1.6,4.8,13.2,0,0,0,0
-114.01,51.12,CALGARY INTL A,3031092,3/30/2020,90,2020,30,0.4,-10,-4.8,22.8,0,0,3.2,3
-114.01,51.12,CALGARY INTL A,3031092,3/31/2020,91,2020,31,-7.6,-12.3,-10,28,0,0,0.8,0.8
-114.01,51.12,CALGARY INTL A,3031092,4/1/2020,92,2020,1,-9.7,-15.4,-12.6,30.6,0,0,0.4,0.4
-114.01,51.12,CALGARY INTL A,3031092,4/2/2020,93,2020,2,-8.3,-15.1,-11.7,29.7,0,0,0.4,0.4
-114.01,51.12,CALGARY INTL A,3031092,4/3/2020,94,2020,3,-7.7,-11.3,-9.5,27.5,0,0,2.4,0.8
-114.01,51.12,CALGARY INTL A,3031092,4/4/2020,95,2020,4,-2.3,-12.1,-7.2,25.2,0,0,0.4,0.2
-114.01,51.12,CALGARY INTL A,3031092,4/5/2020,96,2020,5,-3.2,-7.8,-5.5,23.5,0,0,0.4,0.4
-114.01,51.12,CALGARY INTL A,3031092,4/6/2020,97,2020,6,6.4,-7.2,-0.4,18.4,0,0,1.4,1.1
-114.01,51.12,CALGARY INTL A,3031092,4/7/2020,98,2020,7,5.2,-3.5,0.9,17.1,0,0,3.3,3
-114.01,51.12,CALGARY INTL A,3031092,4/8/2020,99,2020,8,5,-3.5,0.8,17.2,0,0,0,0
-114.01,51.12,CALGARY INTL A,3031092,4/9/2020,100,2020,9,14,-3.6,5.2,12.8,0,0,0,0
-114.01,51.12,CALGARY INTL A,3031092,4/10/2020,101,2020,10,4.3,-3.5,0.4,17.6,0,0.2,2.5,2.1
-114.01,51.12,CALGARY INTL A,3031092,4/11/2020,102,2020,11,-3.5,-8.2,-5.9,23.9,0,0,3.8,3.1
-114.01,51.12,CALGARY INTL A,3031092,4/12/2020,103,2020,12,-2.3,-9,-5.7,23.7,0,0,0.6,0.5
-114.01,51.12,CALGARY INTL A,3031092,4/13/2020,104,2020,13,5.1,-10,-2.5,20.5,0,0,0,0
-114.01,51.12,CALGARY INTL A,3031092,4/14/2020,105,2020,14,8.5,-1.4,3.6,14.4,0,2.6,0,2.6
-114.01,51.12,CALGARY INTL A,3031092,4/15/2020,106,2020,15,1.5,-2.5,-0.5,18.5,0,0,6.6,6.7
-114.01,51.12,CALGARY INTL A,3031092,4/16/2020,107,2020,16,10.5,-4.7,2.9,15.1,0,0,0,0
-114.01,51.12,CALGARY INTL A,3031092,4/17/2020,108,2020,17,12.2,3.5,7.9,10.1,0,2,0,2
-114.01,51.12,CALGARY INTL A,3031092,4/18/2020,109,2020,18,5,-0.6,2.2,15.8,0,1.2,0.2,1.4
-114.01,51.12,CALGARY INTL A,3031092,4/19/2020,110,2020,19,15.1,-1.3,6.9,11.1,0,0,0,0
-114.01,51.12,CALGARY INTL A,3031092,4/20/2020,111,2020,20,19.2,5.5,12.4,5.6,0,0,0,0
-114.01,51.12,CALGARY INTL A,3031092,4/21/2020,112,2020,21,19.3,6.6,13,5,0,0,0,0
-114.01,51.12,CALGARY INTL A,3031092,4/22/2020,113,2020,22,13.6,3.9,8.8,9.2,0,1,0,1
-114.01,51.12,CALGARY INTL A,3031092,4/23/2020,114,2020,23,13.8,1,7.4,10.6,0,0.2,0,0.2
-114.01,51.12,CALGARY INTL A,3031092,4/24/2020,115,2020,24,15.8,1.5,8.7,9.3,0,0,0,0
-114.01,51.12,CALGARY INTL A,3031092,4/25/2020,116,2020,25,17.7,0.2,9,9,0,0,0,0
-114.01,51.12,CALGARY INTL A,3031092,4/26/2020,117,2020,26,14.9,2,8.5,9.5,0,0,0,0
-114.01,51.12,CALGARY INTL A,3031092,4/27/2020,118,2020,27,16.7,1.4,9.1,8.9,0,0,0,0
-114.01,51.12,CALGARY INTL A,3031092,4/28/2020,119,2020,28,17.2,0,8.6,9.4,0,0,0,0
-114.01,51.12,CALGARY INTL A,3031092,4/29/2020,120,2020,29,21.5,3.4,12.5,5.5,0,0,0,0
-114.01,51.12,CALGARY INTL A,3031092,4/30/2020,121,2020,30,18.8,5.4,12.1,5.9,0,0,0,0
-114.01,51.12,CALGARY INTL A,3031092,5/1/2020,122,2020,1,15.2,0.5,7.9,10.1,0,0,0,0
-114.01,51.12,CALGARY INTL A,3031092,5/2/2020,123,2020,2,19.6,-0.1,9.8,8.2,0,0,0,0
-114.01,51.12,CALGARY INTL A,3031092,5/3/2020,124,2020,3,16.7,1.8,9.3,8.7,0,10.6,0,10.6
-114.01,51.12,CALGARY INTL A,3031092,5/4/2020,125,2020,4,6.8,2.3,4.6,13.4,0,0.6,0,0.6
-114.01,51.12,CALGARY INTL A,3031092,5/5/2020,126,2020,5,16.3,-1,7.7,10.3,0,0,0,0
-114.01,51.12,CALGARY INTL A,3031092,5/6/2020,127,2020,6,16.4,1.3,8.9,9.1,0,0,0,0
-114.01,51.12,CALGARY INTL A,3031092,5/7/2020,128,2020,7,16.5,6,11.3,6.7,0,0.8,0,0.8
-114.01,51.12,CALGARY INTL A,3031092,5/8/2020,129,2020,8,10.9,3.8,7.4,10.6,0,1.6,0,1.6
-114.01,51.12,CALGARY INTL A,3031092,5/9/2020,130,2020,9,13.7,-0.4,6.7,11.3,0,0,0,0
-114.01,51.12,CALGARY INTL A,3031092,5/10/2020,131,2020,10,7.1,0.5,3.8,14.2,0,0,0,0
-114.01,51.12,CALGARY INTL A,3031092,5/11/2020,132,2020,11,8.1,-0.5,3.8,14.2,0,0,0,0
-114.01,51.12,CALGARY INTL A,3031092,5/12/2020,133,2020,12,10.4,1.9,6.2,11.8,0,0,0,0
-114.01,51.12,CALGARY INTL A,3031092,5/13/2020,134,2020,13,15.8,-0.3,7.8,10.2,0,0,0,0
-114.01,51.12,CALGARY INTL A,3031092,5/14/2020,135,2020,14,17.3,3.2,10.3,7.7,0,0,0,0
-114.01,51.12,CALGARY INTL A,3031092,5/15/2020,136,2020,15,18.1,2.3,10.2,7.8,0,0,0,0
-114.01,51.12,CALGARY INTL A,3031092,5/16/2020,137,2020,16,21.8,3,12.4,5.6,0,0,0,0
-114.01,51.12,CALGARY INTL A,3031092,5/17/2020,138,2020,17,21.6,6,13.8,4.2,0,0,0,0
-114.01,51.12,CALGARY INTL A,3031092,5/18/2020,139,2020,18,19.9,8.9,14.4,3.6,0,0,0,0
-114.01,51.12,CALGARY INTL A,3031092,5/19/2020,140,2020,19,14.4,8.2,11.3,6.7,0,0,0,0
-114.01,51.12,CALGARY INTL A,3031092,5/20/2020,141,2020,20,11.7,7.8,9.8,8.2,0,3.2,0,3.2
-114.01,51.12,CALGARY INTL A,3031092,5/21/2020,142,2020,21,8.2,2.7,5.5,12.5,0,33.3,0,33.3
-114.01,51.12,CALGARY INTL A,3031092,5/22/2020,143,2020,22,5.3,2.9,4.1,13.9,0,17.5,0,17.5
-114.01,51.12,CALGARY INTL A,3031092,5/23/2020,144,2020,23,15.6,4.7,10.2,7.8,0,0,0,0
-114.01,51.12,CALGARY INTL A,3031092,5/24/2020,145,2020,24,20.8,2.5,11.7,6.3,0,0,0,0
-114.01,51.12,CALGARY INTL A,3031092,5/25/2020,146,2020,25,20.6,7.3,14,4,0,0,0,0
-114.01,51.12,CALGARY INTL A,3031092,5/26/2020,147,2020,26,15.3,6,10.7,7.3,0,2,0,2
-114.01,51.12,CALGARY INTL A,3031092,5/27/2020,148,2020,27,17.4,2.5,10,8,0,0,0,0
-114.01,51.12,CALGARY INTL A,3031092,5/28/2020,149,2020,28,19.8,2.4,11.1,6.9,0,0,0,0
-114.01,51.12,CALGARY INTL A,3031092,5/29/2020,150,2020,29,21.9,7,14.5,3.5,0,0,0,0
-114.01,51.12,CALGARY INTL A,3031092,5/30/2020,151,2020,30,26,10.2,18.1,0,0.1,0,0,0
-114.01,51.12,CALGARY INTL A,3031092,5/31/2020,152,2020,31,19.6,10.4,15,3,0,41,0,41
-114.01,51.12,CALGARY INTL A,3031092,6/1/2020,153,2020,1,18.9,6,12.5,5.5,0,0,0,0
-114.01,51.12,CALGARY INTL A,3031092,6/2/2020,154,2020,2,21.9,5,13.5,4.5,0,0,0,0
-114.01,51.12,CALGARY INTL A,3031092,6/3/2020,155,2020,3,19,6.6,12.8,5.2,0,0,0,0
-114.01,51.12,CALGARY INTL A,3031092,6/4/2020,156,2020,4,16.1,5.3,10.7,7.3,0,0,0,0
-114.01,51.12,CALGARY INTL A,3031092,6/5/2020,157,2020,5,18.6,4,11.3,6.7,0,1.8,0,1.8
-114.01,51.12,CALGARY INTL A,3031092,6/6/2020,158,2020,6,19.1,9.4,14.3,3.7,0,3.6,0,3.6
-114.01,51.12,CALGARY INTL A,3031092,6/7/2020,159,2020,7,11.6,7.8,9.7,8.3,0,9.7,0,9.7
-114.01,51.12,CALGARY INTL A,3031092,6/8/2020,160,2020,8,16.9,4.6,10.8,7.2,0,3.5,0,3.5
-114.01,51.12,CALGARY INTL A,3031092,6/9/2020,161,2020,9,18.6,3.9,11.3,6.7,0,0,0,0
-114.01,51.12,CALGARY INTL A,3031092,6/10/2020,162,2020,10,22.8,10.3,16.6,1.4,0,0,0,0
-114.01,51.12,CALGARY INTL A,3031092,6/11/2020,163,2020,11,23.7,8.7,16.2,1.8,0,0,0,0
-114.01,51.12,CALGARY INTL A,3031092,6/12/2020,164,2020,12,27.9,13.1,20.5,0,2.5,2.2,0,2.2
-114.01,51.12,CALGARY INTL A,3031092,6/13/2020,165,2020,13,21.8,10.7,16.3,1.7,0,54,0,54
-114.01,51.12,CALGARY INTL A,3031092,6/14/2020,166,2020,14,20,8.5,14.3,3.7,0,0.4,0,0.4
-114.01,51.12,CALGARY INTL A,3031092,6/15/2020,167,2020,15,19.75,8.742857143,14.275,3.889285714,0.164285714,0,0,0
-114.01,51.12,CALGARY INTL A,3031092,6/16/2020,168,2020,16,19.1,7.7,13.4,4.6,0,0.7,0,0.7
-114.01,51.12,CALGARY INTL A,3031092,6/17/2020,169,2020,17,15,9.2,12.1,5.9,0,7.4,0,7.4
-114.01,51.12,CALGARY INTL A,3031092,6/18/2020,170,2020,18,16,8.5,12.3,5.7,0,0.4,0,0.4
-114.01,51.12,CALGARY INTL A,3031092,6/19/2020,171,2020,19,21.4,7.7,14.6,3.4,0,0,0,0
-114.01,51.12,CALGARY INTL A,3031092,6/20/2020,172,2020,20,19.75,8.742857143,14.275,3.889285714,0.164285714,0.3,0,0.3
-114.01,51.12,CALGARY INTL A,3031092,6/21/2020,173,2020,21,22.9,11.6,17.3,0.7,0,27.6,0,27.6
-114.01,51.12,CALGARY INTL A,3031092,6/22/2020,174,2020,22,24.1,9.7,16.9,1.1,0,0,0,0
-114.01,51.12,CALGARY INTL A,3031092,6/23/2020,175,2020,23,24.1,13.6,18.9,0,0.9,0,0,0
-114.01,51.12,CALGARY INTL A,3031092,6/24/2020,176,2020,24,20.3,12.8,16.6,1.4,0,4.2,0,4.2
-114.01,51.12,CALGARY INTL A,3031092,6/25/2020,177,2020,25,23.7,9.2,16.5,1.5,0,0,0,0
-114.01,51.12,CALGARY INTL A,3031092,6/26/2020,178,2020,26,25.5,12.8,19.2,0,1.2,0,0,0
-114.01,51.12,CALGARY INTL A,3031092,6/27/2020,179,2020,27,18.9,9.4,14.2,3.8,0,12.3,0,12.3
-114.01,51.12,CALGARY INTL A,3031092,6/28/2020,180,2020,28,14.5,8.3,11.4,6.6,0,14.5,0,14.5
-114.01,51.12,CALGARY INTL A,3031092,6/29/2020,181,2020,29,17,10.2,13.6,4.4,0,0,0,0
-114.01,51.12,CALGARY INTL A,3031092,6/30/2020,182,2020,30,13.6,10.2,11.9,6.1,0,29.2,0,29.2
-114.01,51.12,CALGARY INTL A,3031092,7/1/2020,183,2020,1,20.9,9.8,15.4,2.6,0,4.2,0,4.2
-114.01,51.12,CALGARY INTL A,3031092,7/2/2020,184,2020,2,19.7,11.5,15.6,2.4,0,0,0,0
-114.01,51.12,CALGARY INTL A,3031092,7/3/2020,185,2020,3,24.7,9.4,17.1,0.9,0,0,0,0
-114.01,51.12,CALGARY INTL A,3031092,7/4/2020,186,2020,4,20.3,9.9,15.1,2.9,0,9.5,0,9.5
-114.01,51.12,CALGARY INTL A,3031092,7/5/2020,187,2020,5,20.6,6.8,13.7,4.3,0,0,0,0
-114.01,51.12,CALGARY INTL A,3031092,7/6/2020,188,2020,6,22.7,9.2,16,2,0,0,0,0
-114.01,51.12,CALGARY INTL A,3031092,7/7/2020,189,2020,7,16.8,10.3,13.6,4.4,0,15,0,15
-114.01,51.12,CALGARY INTL A,3031092,7/8/2020,190,2020,8,18,10.4,14.2,3.8,0,13.8,0,13.8
-114.01,51.12,CALGARY INTL A,3031092,7/9/2020,191,2020,9,22.76896552,11.34827586,17.0862069,1.606896552,0.693103448,0,0,0
-114.01,51.12,CALGARY INTL A,3031092,7/10/2020,192,2020,10,21.8,11.2,16.5,1.5,0,0,0,0
-114.01,51.12,CALGARY INTL A,3031092,7/11/2020,193,2020,11,22.76896552,11.34827586,17.0862069,1.606896552,0.693103448,0,0,0
-114.01,51.12,CALGARY INTL A,3031092,7/12/2020,194,2020,12,21.1,10.5,15.8,2.2,0,0,0,0
-114.01,51.12,CALGARY INTL A,3031092,7/13/2020,195,2020,13,19.3,9,14.2,3.8,0,1.5,0,1.5
-114.01,51.12,CALGARY INTL A,3031092,7/14/2020,196,2020,14,23.7,11.7,17.7,0.3,0,0,0,0
-114.01,51.12,CALGARY INTL A,3031092,7/15/2020,197,2020,15,23.1,12.6,17.9,0.1,0,0.3,0,0.3
-114.01,51.12,CALGARY INTL A,3031092,7/16/2020,198,2020,16,27.7,11.6,19.7,0,1.7,0,0,0
-114.01,51.12,CALGARY INTL A,3031092,7/17/2020,199,2020,17,22.1,11,16.6,1.4,0,4.2,0,4.2
-114.01,51.12,CALGARY INTL A,3031092,7/18/2020,200,2020,18,22.1,10.8,16.5,1.5,0,0,0,0
-114.01,51.12,CALGARY INTL A,3031092,7/19/2020,201,2020,19,21.3,12.6,17,1,0,3.7,0,3.7
-114.01,51.12,CALGARY INTL A,3031092,7/20/2020,202,2020,20,22.6,10.8,16.7,1.3,0,0,0,0
-114.01,51.12,CALGARY INTL A,3031092,7/21/2020,203,2020,21,25.8,11.9,18.9,0,0.9,0,0,0
-114.01,51.12,CALGARY INTL A,3031092,7/22/2020,204,2020,22,23.9,14.8,19.4,0,1.4,0,0,0
-114.01,51.12,CALGARY INTL A,3031092,7/23/2020,205,2020,23,22.3,12.9,17.6,0.4,0,24.9,0,24.9
-114.01,51.12,CALGARY INTL A,3031092,7/24/2020,206,2020,24,18.7,9.7,14.2,3.8,0,4.4,0,4.4
-114.01,51.12,CALGARY INTL A,3031092,7/25/2020,207,2020,25,20.5,7.3,13.9,4.1,0,0,0,0
-114.01,51.12,CALGARY INTL A,3031092,7/26/2020,208,2020,26,22.9,9.2,16.1,1.9,0,0,0,0
-114.01,51.12,CALGARY INTL A,3031092,7/27/2020,209,2020,27,27.2,10.8,19,0,1,0,0,0
-114.01,51.12,CALGARY INTL A,3031092,7/28/2020,210,2020,28,29.4,12.9,21.2,0,3.2,0,0,0
-114.01,51.12,CALGARY INTL A,3031092,7/29/2020,211,2020,29,27.4,17.1,22.3,0,4.3,0,0,0
-114.01,51.12,CALGARY INTL A,3031092,7/30/2020,212,2020,30,26.7,15.9,21.3,0,3.3,0,0,0
-114.01,51.12,CALGARY INTL A,3031092,7/31/2020,213,2020,31,27,17.5,22.3,0,4.3,0,0,0
-114.01,51.12,CALGARY INTL A,3031092,8/1/2020,214,2020,1,28.1,15.5,21.8,0,3.8,1.6,0,1.6
-114.01,51.12,CALGARY INTL A,3031092,8/2/2020,215,2020,2,28.2,14.1,21.2,0,3.2,0,0,0
-114.01,51.12,CALGARY INTL A,3031092,8/3/2020,216,2020,3,28.6,15.1,21.9,0,3.9,0,0,0
-114.01,51.12,CALGARY INTL A,3031092,8/4/2020,217,2020,4,25.6,10.7,18.2,0,0.2,0,0,0
-114.01,51.12,CALGARY INTL A,3031092,8/5/2020,218,2020,5,29.3,12.2,20.8,0,2.8,0,0,0
-114.01,51.12,CALGARY INTL A,3031092,8/6/2020,219,2020,6,29.2,12.9,21.1,0,3.1,0,0,0
-114.01,51.12,CALGARY INTL A,3031092,8/7/2020,220,2020,7,21.3,9.2,15.3,2.7,0,10.8,0,10.8
-114.01,51.12,CALGARY INTL A,3031092,8/8/2020,221,2020,8,22.6,10.1,16.4,1.6,0,0.2,0,0.2
-114.01,51.12,CALGARY INTL A,3031092,8/9/2020,222,2020,9,21.5,5,13.3,4.7,0,0,0,0
-114.01,51.12,CALGARY INTL A,3031092,8/10/2020,223,2020,10,26.5,13.9,20.2,0,2.2,0,0,0
-114.01,51.12,CALGARY INTL A,3031092,8/11/2020,224,2020,11,22.5,8.5,15.5,2.5,0,0,0,0
-114.01,51.12,CALGARY INTL A,3031092,8/12/2020,225,2020,12,19,8.7,13.9,4.1,0,0,0,0
-114.01,51.12,CALGARY INTL A,3031092,8/13/2020,226,2020,13,22.2,6.9,14.6,3.4,0,0,0,0
-114.01,51.12,CALGARY INTL A,3031092,8/14/2020,227,2020,14,25.36206897,10.98275862,18.2,1.355172414,1.555172414,0,0,0
-114.01,51.12,CALGARY INTL A,3031092,8/15/2020,228,2020,15,27.9,11.6,19.8,0,1.8,0,0,0
-114.01,51.12,CALGARY INTL A,3031092,8/16/2020,229,2020,16,31.1,10.6,20.9,0,2.9,0,0,0
-114.01,51.12,CALGARY INTL A,3031092,8/17/2020,230,2020,17,32.7,14.5,23.6,0,5.6,0,0,0
-114.01,51.12,CALGARY INTL A,3031092,8/18/2020,231,2020,18,33.4,16,24.7,0,6.7,0,0,0
-114.01,51.12,CALGARY INTL A,3031092,8/19/2020,232,2020,19,26.1,14.9,20.5,0,2.5,0,0,0
-114.01,51.12,CALGARY INTL A,3031092,8/20/2020,233,2020,20,25.4,15.4,20.4,0,2.4,0,0,0
-114.01,51.12,CALGARY INTL A,3031092,8/21/2020,234,2020,21,28,10.7,19.4,0,1.4,0,0,0
-114.01,51.12,CALGARY INTL A,3031092,8/22/2020,235,2020,22,24.6,12,18.3,0,0.3,0,0,0
-114.01,51.12,CALGARY INTL A,3031092,8/23/2020,236,2020,23,24.2,8.4,16.3,1.7,0,0,0,0
-114.01,51.12,CALGARY INTL A,3031092,8/24/2020,237,2020,24,29.3,11.2,20.3,0,2.3,0,0,0
-114.01,51.12,CALGARY INTL A,3031092,8/25/2020,238,2020,25,23.3,10.8,17.1,0.9,0,0.4,0,0.4
-114.01,51.12,CALGARY INTL A,3031092,8/26/2020,239,2020,26,25.36206897,10.98275862,18.2,1.355172414,1.555172414,0,0,0
-114.01,51.12,CALGARY INTL A,3031092,8/27/2020,240,2020,27,20.2,9,14.6,3.4,0,0,0,0
-114.01,51.12,CALGARY INTL A,3031092,8/28/2020,241,2020,28,26.1,9,17.6,0.4,0,0,0,0
-114.01,51.12,CALGARY INTL A,3031092,8/29/2020,242,2020,29,19.8,9,14.4,3.6,0,0.8,0,0.8
-114.01,51.12,CALGARY INTL A,3031092,8/30/2020,243,2020,30,18.6,6.8,12.7,5.3,0,1.2,0,1.2
-114.01,51.12,CALGARY INTL A,3031092,8/31/2020,244,2020,31,20.2,5.8,13,5,0,0,0,0
-114.01,51.12,CALGARY INTL A,3031092,9/1/2020,245,2020,1,23.7,10.9,17.3,0.7,0,0,0,0
-114.01,51.12,CALGARY INTL A,3031092,9/2/2020,246,2020,2,19.1,9.5,14.3,3.7,0,0.4,0,0.4
-114.01,51.12,CALGARY INTL A,3031092,9/3/2020,247,2020,3,24.7,4.6,14.7,3.3,0,0,0,0
-114.01,51.12,CALGARY INTL A,3031092,9/4/2020,248,2020,4,27.5,6.4,17,1,0,0,0,0
-114.01,51.12,CALGARY INTL A,3031092,9/5/2020,249,2020,5,29.1,11.3,20.2,0,2.2,0,0,0
-114.01,51.12,CALGARY INTL A,3031092,9/6/2020,250,2020,6,15.6,5,10.3,7.7,0,8.9,0,8.9
-114.01,51.12,CALGARY INTL A,3031092,9/7/2020,251,2020,7,10.9,2.5,6.7,11.3,0,11,0,11
-114.01,51.12,CALGARY INTL A,3031092,9/8/2020,252,2020,8,20.4,1.1,10.8,7.2,0,0,0,0
-114.01,51.12,CALGARY INTL A,3031092,9/9/2020,253,2020,9,22.9,6,14.5,3.5,0,0,0,0
-114.01,51.12,CALGARY INTL A,3031092,9/10/2020,254,2020,10,25.1,6.9,16,2,0,0,0,0
-114.01,51.12,CALGARY INTL A,3031092,9/11/2020,255,2020,11,29,8.3,18.7,0,0.7,0,0,0
-114.01,51.12,CALGARY INTL A,3031092,9/12/2020,256,2020,12,18.2,8.8,13.5,4.5,0,0,0,0
-114.01,51.12,CALGARY INTL A,3031092,9/13/2020,257,2020,13,15.4,7.2,11.3,6.7,0,0,0,0
-114.01,51.12,CALGARY INTL A,3031092,9/14/2020,258,2020,14,9.8,6.8,8.3,9.7,0,0,0,0
-114.01,51.12,CALGARY INTL A,3031092,9/15/2020,259,2020,15,11.4,7.1,9.3,8.7,0,0,0,0
-114.01,51.12,CALGARY INTL A,3031092,9/16/2020,260,2020,16,19.9,6.7,13.3,4.7,0,0,0,0
-114.01,51.12,CALGARY INTL A,3031092,9/17/2020,261,2020,17,21.7,5.4,13.6,4.4,0,0,0,0
-114.01,51.12,CALGARY INTL A,3031092,9/18/2020,262,2020,18,20.2,6.7,13.5,4.5,0,0,0,0
-114.01,51.12,CALGARY INTL A,3031092,9/19/2020,263,2020,19,20.1,10,15.1,2.9,0,0,0,0
-114.01,51.12,CALGARY INTL A,3031092,9/20/2020,264,2020,20,19.8,8,13.9,4.1,0,0,0,0
-114.01,51.12,CALGARY INTL A,3031092,9/21/2020,265,2020,21,21.2,4.7,13,5,0,0,0,0
-114.01,51.12,CALGARY INTL A,3031092,9/22/2020,266,2020,22,16.9,4.6,10.8,7.2,0,0,0,0
-114.01,51.12,CALGARY INTL A,3031092,9/23/2020,267,2020,23,22.3,3.3,12.8,5.2,0,0,0,0
-114.01,51.12,CALGARY INTL A,3031092,9/24/2020,268,2020,24,19.6,9.9,14.8,3.2,0,0,0,0
-114.01,51.12,CALGARY INTL A,3031092,9/25/2020,269,2020,25,16.1,6,11.1,6.9,0,0,0,0
-114.01,51.12,CALGARY INTL A,3031092,9/26/2020,270,2020,26,16.6,6,11.3,6.7,0,0.2,0,0.2
-114.01,51.12,CALGARY INTL A,3031092,9/27/2020,271,2020,27,16.7,6.5,11.6,6.4,0,0,0,0
-114.01,51.12,CALGARY INTL A,3031092,9/28/2020,272,2020,28,22,7.6,14.8,3.2,0,0,0,0
-114.01,51.12,CALGARY INTL A,3031092,9/29/2020,273,2020,29,18.3,8.1,13.2,4.8,0,0,0,0
-114.01,51.12,CALGARY INTL A,3031092,9/30/2020,274,2020,30,14.4,6.2,10.3,7.7,0,0,0,0
-114.01,51.12,CALGARY INTL A,3031092,10/1/2020,275,2020,1,24.2,3.4,13.8,4.2,0,0,0,0
-114.01,51.12,CALGARY INTL A,3031092,10/2/2020,276,2020,2,20.1,5.8,13,5,0,0,0,0
-114.01,51.12,CALGARY INTL A,3031092,10/3/2020,277,2020,3,22.6,4,13.3,4.7,0,0,0,0
-114.01,51.12,CALGARY INTL A,3031092,10/4/2020,278,2020,4,23.4,9.2,16.3,1.7,0,0,0,0
-114.01,51.12,CALGARY INTL A,3031092,10/5/2020,279,2020,5,23.4,4.7,14.1,3.9,0,0,0,0
-114.01,51.12,CALGARY INTL A,3031092,10/6/2020,280,2020,6,18.1,6.9,12.5,5.5,0,0,0,0
-114.01,51.12,CALGARY INTL A,3031092,10/7/2020,281,2020,7,15.8,5.6,10.7,7.3,0,0.6,0,0.6
-114.01,51.12,CALGARY INTL A,3031092,10/8/2020,282,2020,8,17.9,4.8,11.4,6.6,0,0,0,0
-114.01,51.12,CALGARY INTL A,3031092,10/9/2020,283,2020,9,12.4,3.3,7.9,10.1,0,0,0,0
-114.01,51.12,CALGARY INTL A,3031092,10/10/2020,284,2020,10,21,9.9,15.5,2.5,0,0,0,0
-114.01,51.12,CALGARY INTL A,3031092,10/11/2020,285,2020,11,13.1,1.4,7.3,10.7,0,0,0,0
-114.01,51.12,CALGARY INTL A,3031092,10/12/2020,286,2020,12,5.1,-0.3,2.4,15.6,0,2.1,0,2.1
-114.01,51.12,CALGARY INTL A,3031092,10/13/2020,287,2020,13,4.3,-2.8,0.8,17.2,0,0,0,0
-114.01,51.12,CALGARY INTL A,3031092,10/14/2020,288,2020,14,5.4,-1.9,1.8,16.2,0,0,5.5,5.9
-114.01,51.12,CALGARY INTL A,3031092,10/15/2020,289,2020,15,5,-3.8,0.6,17.4,0,0,0,0
-114.01,51.12,CALGARY INTL A,3031092,10/16/2020,290,2020,16,3.9,-3.8,0.1,17.9,0,0,3.2,1.5
-114.01,51.12,CALGARY INTL A,3031092,10/17/2020,291,2020,17,-3.3,-8.2,-5.8,23.8,0,0,0.4,0.2
-114.01,51.12,CALGARY INTL A,3031092,10/18/2020,292,2020,18,-6.3,-8.8,-7.6,25.6,0,0,0.6,0.6
-114.01,51.12,CALGARY INTL A,3031092,10/19/2020,293,2020,19,-0.5,-8,-4.3,22.3,0,0,2.2,1.8
-114.01,51.12,CALGARY INTL A,3031092,10/20/2020,294,2020,20,1.9,-4.6,-1.4,19.4,0,0,0.6,0.6
-114.01,51.12,CALGARY INTL A,3031092,10/21/2020,295,2020,21,-2.6,-9.1,-5.9,23.9,0,0,2.6,2.2
-114.01,51.12,CALGARY INTL A,3031092,10/22/2020,296,2020,22,-8.1,-10,-9.1,27.1,0,0,2.4,0.8
-114.01,51.12,CALGARY INTL A,3031092,10/23/2020,297,2020,23,-9,-11.8,-10.4,28.4,0,0,7.6,4.4
-114.01,51.12,CALGARY INTL A,3031092,10/24/2020,298,2020,24,-9.8,-14.3,-12.1,30.1,0,0,1.2,0.4
-114.01,51.12,CALGARY INTL A,3031092,10/25/2020,299,2020,25,-0.5,-18.4,-9.5,27.5,0,0,0,0
-114.01,51.12,CALGARY INTL A,3031092,10/26/2020,300,2020,26,3.4,-3.9,-0.3,18.3,0,0,0,0
-114.01,51.12,CALGARY INTL A,3031092,10/27/2020,301,2020,27,13.7,2,7.9,10.1,0,0,0,0
-114.01,51.12,CALGARY INTL A,3031092,10/28/2020,302,2020,28,4,0.1,2.1,15.9,0,0,1.6,2
-114.01,51.12,CALGARY INTL A,3031092,10/29/2020,303,2020,29,6.3,-1.7,2.3,15.7,0,0.6,0,0.6
-114.01,51.12,CALGARY INTL A,3031092,10/30/2020,304,2020,30,13.5,-2.3,5.6,12.4,0,0,0,0
-114.01,51.12,CALGARY INTL A,3031092,10/31/2020,305,2020,31,10.1,-3.4,3.4,14.6,0,0,0,0
-114.01,51.12,CALGARY INTL A,3031092,11/1/2020,306,2020,1,17.3,-0.8,8.3,9.7,0,0,0,0
-114.01,51.12,CALGARY INTL A,3031092,11/2/2020,307,2020,2,23.1,5,14.1,3.9,0,0,0,0
-114.01,51.12,CALGARY INTL A,3031092,11/3/2020,308,2020,3,19.5,5.7,12.6,5.4,0,0,0,0
-114.01,51.12,CALGARY INTL A,3031092,11/4/2020,309,2020,4,14.3,3.6,9,9,0,0,0,0
-114.01,51.12,CALGARY INTL A,3031092,11/5/2020,310,2020,5,13.6,0.7,7.2,10.8,0,2,0,2
-114.01,51.12,CALGARY INTL A,3031092,11/6/2020,311,2020,6,4.1,-2.3,0.9,17.1,0,0,0,0
-114.01,51.12,CALGARY INTL A,3031092,11/7/2020,312,2020,7,0.8,-8.2,-3.7,21.7,0,0.7,2,2
-114.01,51.12,CALGARY INTL A,3031092,11/8/2020,313,2020,8,-7.2,-10.7,-9,27,0,0,0.6,0.6
-114.01,51.12,CALGARY INTL A,3031092,11/9/2020,314,2020,9,3.2,-13.7,-5.3,23.3,0,0,0,0
-114.01,51.12,CALGARY INTL A,3031092,11/10/2020,315,2020,10,2.7,-6.3,-1.8,19.8,0,0,11,9.7
-114.01,51.12,CALGARY INTL A,3031092,11/11/2020,316,2020,11,-6.3,-12.8,-9.6,27.6,0,0,0.2,0.2
-114.01,51.12,CALGARY INTL A,3031092,11/12/2020,317,2020,12,3.3,-13.4,-5.1,23.1,0,0,0,0
-114.01,51.12,CALGARY INTL A,3031092,11/13/2020,318,2020,13,1.8,-7.7,-3,21,0,0,0,0
-114.01,51.12,CALGARY INTL A,3031092,11/14/2020,319,2020,14,1.8,-7.3,-2.8,20.8,0,0,0.4,0.2
-114.01,51.12,CALGARY INTL A,3031092,11/15/2020,320,2020,15,6.6,-10.2,-1.8,19.8,0,0,0,0
-114.01,51.12,CALGARY INTL A,3031092,11/16/2020,321,2020,16,5.3,-5.7,-0.2,18.2,0,0,0,0
-114.01,51.12,CALGARY INTL A,3031092,11/17/2020,322,2020,17,9.4,-4.9,2.3,15.7,0,0,0.4,0.4
-114.01,51.12,CALGARY INTL A,3031092,11/18/2020,323,2020,18,4.5,-8.4,-2,20,0,0,0.8,0.8
-114.01,51.12,CALGARY INTL A,3031092,11/19/2020,324,2020,19,-8.1,-12,-10.1,28.1,0,0,2.8,2
-114.01,51.12,CALGARY INTL A,3031092,11/20/2020,325,2020,20,2.1,-13.4,-5.7,23.7,0,0,0,0
-114.01,51.12,CALGARY INTL A,3031092,11/21/2020,326,2020,21,5.4,-5.5,-0.1,18.1,0,0,0,0
-114.01,51.12,CALGARY INTL A,3031092,11/22/2020,327,2020,22,2.1,-11.4,-4.7,22.7,0,0,0,0
-114.01,51.12,CALGARY INTL A,3031092,11/23/2020,328,2020,23,1.8,-7.2,-2.7,20.7,0,0,0,0
-114.01,51.12,CALGARY INTL A,3031092,11/24/2020,329,2020,24,8.7,-9.7,-0.5,18.5,0,0.117391304,0.791304348,0
-114.01,51.12,CALGARY INTL A,3031092,11/25/2020,330,2020,25,3.4,-5.8,-1.2,19.2,0,0.117391304,0.791304348,0
-114.01,51.12,CALGARY INTL A,3031092,11/26/2020,331,2020,26,7.1,-5.9,0.6,17.4,0,0.117391304,0.791304348,0
-114.01,51.12,CALGARY INTL A,3031092,11/27/2020,332,2020,27,10.9,-0.5,5.2,12.8,0,0.117391304,0.791304348,0
-114.01,51.12,CALGARY INTL A,3031092,11/28/2020,333,2020,28,9.9,-7.6,1.2,16.8,0,0.117391304,0.791304348,0
-114.01,51.12,CALGARY INTL A,3031092,11/29/2020,334,2020,29,8.9,-9.3,-0.2,18.2,0,0.117391304,0.791304348,0
-114.01,51.12,CALGARY INTL A,3031092,11/30/2020,335,2020,30,7.2,-2.9,2.2,15.8,0,0.117391304,0.791304348,0
-114.01,51.12,CALGARY INTL A,3031092,12/1/2020,336,2020,1,3,-6.1,-1.6,19.6,0,0,1.72173913,0
-114.01,51.12,CALGARY INTL A,3031092,12/2/2020,337,2020,2,9.2,-4.8,2.2,15.8,0,0,1.72173913,0
-114.01,51.12,CALGARY INTL A,3031092,12/3/2020,338,2020,3,16.1,-4.4,5.9,12.1,0,0,1.72173913,0
-114.01,51.12,CALGARY INTL A,3031092,12/4/2020,339,2020,4,12.4,-0.4,6,12,0,0,1.72173913,0
-114.01,51.12,CALGARY INTL A,3031092,12/5/2020,340,2020,5,13.1,-4.4,4.4,13.6,0,0,1.72173913,0
-114.01,51.12,CALGARY INTL A,3031092,12/6/2020,341,2020,6,14.4,-3.9,5.3,12.7,0,0,1.72173913,0
-114.01,51.12,CALGARY INTL A,3031092,12/7/2020,342,2020,7,14.2,2.1,8.2,9.8,0,0,1.72173913,0
-114.01,51.12,CALGARY INTL A,3031092,12/8/2020,343,2020,8,12.9,-1.7,5.6,12.4,0,0,1.72173913,0
-114.01,51.12,CALGARY INTL A,3031092,12/9/2020,344,2020,9,2.7,-9.4,-3.4,21.4,0,0,5.5,7.1
-114.01,51.12,CALGARY INTL A,3031092,12/10/2020,345,2020,10,-0.8,-10.8,-5.8,23.8,0,0,0,0
-114.01,51.12,CALGARY INTL A,3031092,12/11/2020,346,2020,11,-7.2,-11.9,-9.6,27.6,0,0,0.2,0.2
-114.01,51.12,CALGARY INTL A,3031092,12/12/2020,347,2020,12,-4.7,-13.5,-9.1,27.1,0,0,0,0
-114.01,51.12,CALGARY INTL A,3031092,12/13/2020,348,2020,13,-14,-17.3,-15.7,33.7,0,0,0,0
-114.01,51.12,CALGARY INTL A,3031092,12/14/2020,349,2020,14,0.6,-16.7,-8.1,26.1,0,0,0,0
-114.01,51.12,CALGARY INTL A,3031092,12/15/2020,350,2020,15,2.7,-7.9,-2.6,20.6,0,0,0,0
-114.01,51.12,CALGARY INTL A,3031092,12/16/2020,351,2020,16,5.5,-4,0.8,17.2,0,0,0,0
-114.01,51.12,CALGARY INTL A,3031092,12/17/2020,352,2020,17,5.3,-8.2,-1.5,19.5,0,0,0,0
-114.01,51.12,CALGARY INTL A,3031092,12/18/2020,353,2020,18,5.8,-11.2,-2.7,20.7,0,0,0,0
-114.01,51.12,CALGARY INTL A,3031092,12/19/2020,354,2020,19,5.8,-4,0.9,17.1,0,0,0,0
-114.01,51.12,CALGARY INTL A,3031092,12/20/2020,355,2020,20,7,-3.1,2,16,0,0,0,0
-114.01,51.12,CALGARY INTL A,3031092,12/21/2020,356,2020,21,2.8,-3.3,-0.3,18.3,0,0,12,11.8
-114.01,51.12,CALGARY INTL A,3031092,12/22/2020,357,2020,22,-3.3,-17.6,-10.5,28.5,0,0,15.2,14
-114.01,51.12,CALGARY INTL A,3031092,12/23/2020,358,2020,23,5.7,-18.6,-6.5,24.5,0,0,0,0
-114.01,51.12,CALGARY INTL A,3031092,12/24/2020,359,2020,24,8.4,0.5,4.5,13.5,0,0,0,0
-114.01,51.12,CALGARY INTL A,3031092,12/25/2020,360,2020,25,5.2,-7,-0.9,18.9,0,0,0,0
-114.01,51.12,CALGARY INTL A,3031092,12/26/2020,361,2020,26,-3.4,-8.4,-5.9,23.9,0,0,3.3,1.8
-114.01,51.12,CALGARY INTL A,3031092,12/27/2020,362,2020,27,-7.5,-13.7,-10.6,28.6,0,0,3.4,2.6
-114.01,51.12,CALGARY INTL A,3031092,12/28/2020,363,2020,28,-1.5,-13.5,-7.5,25.5,0,0,0,0
-114.01,51.12,CALGARY INTL A,3031092,12/29/2020,364,2020,29,-4.9,-14.7,-9.8,27.8,0,0,0,0
-114.01,51.12,CALGARY INTL A,3031092,12/30/2020,365,2020,30,1.3,-7.6,-3.2,21.2,0,0,0,0
-114.01,51.12,CALGARY INTL A,3031092,12/31/2020,366,2020,31,-0.6,-9.7,-5.2,23.2,0,0,0,0
-114.01,51.12,CALGARY INTL A,3031092,1/1/2021,1,2021,1,3.4,-6,-1.3,19.3,0,0,0,0
-114.01,51.12,CALGARY INTL A,3031092,1/2/2021,2,2021,2,8.4,-6.6,0.9,17.1,0,0,0,0
-114.01,51.12,CALGARY INTL A,3031092,1/3/2021,3,2021,3,5.3,-6.6,-0.7,18.7,0,0,0,0
-114.01,51.12,CALGARY INTL A,3031092,1/4/2021,4,2021,4,3.4,-7.3,-2,20,0,0,0,0
-114.01,51.12,CALGARY INTL A,3031092,1/5/2021,5,2021,5,4.9,-3.1,0.9,17.1,0,0,0,0
-114.01,51.12,CALGARY INTL A,3031092,1/6/2021,6,2021,6,5.2,-6.8,-0.8,18.8,0,0,0,0
-114.01,51.12,CALGARY INTL A,3031092,1/7/2021,7,2021,7,3.7,-9,-2.7,20.7,0,0,0,0
-114.01,51.12,CALGARY INTL A,3031092,1/8/2021,8,2021,8,-1.7,-15,-8.4,26.4,0,0,0,0
-114.01,51.12,CALGARY INTL A,3031092,1/9/2021,9,2021,9,-0.1,-12.5,-6.3,24.3,0,0,0,0
-114.01,51.12,CALGARY INTL A,3031092,1/10/2021,10,2021,10,7.7,-13.7,-3,21,0,0,0,0
-114.01,51.12,CALGARY INTL A,3031092,1/11/2021,11,2021,11,8.7,-1.1,3.8,14.2,0,0,0,0
-114.01,51.12,CALGARY INTL A,3031092,1/12/2021,12,2021,12,8.2,-2.3,3,15,0,0,0,0
-114.01,51.12,CALGARY INTL A,3031092,1/13/2021,13,2021,13,7.5,-0.2,3.7,14.3,0,0.2,0,0.2
-114.01,51.12,CALGARY INTL A,3031092,1/14/2021,14,2021,14,1.8,-6.8,-2.5,20.5,0,0,0,0
-114.01,51.12,CALGARY INTL A,3031092,1/15/2021,15,2021,15,8.7,-7.8,0.5,17.5,0,0,0,0
-114.01,51.12,CALGARY INTL A,3031092,1/16/2021,16,2021,16,5.2,-2,1.6,16.4,0,0,0,0
-114.01,51.12,CALGARY INTL A,3031092,1/17/2021,17,2021,17,6.8,-2.7,2.1,15.9,0,0,0,0
-114.01,51.12,CALGARY INTL A,3031092,1/18/2021,18,2021,18,2.9,-5.8,-1.5,19.5,0,0,0,0
-114.01,51.12,CALGARY INTL A,3031092,1/19/2021,19,2021,19,9.7,-9.5,0.1,17.9,0,0,0,0
-114.01,51.12,CALGARY INTL A,3031092,1/20/2021,20,2021,20,4.4,-9.6,-2.6,20.6,0,0,0,0
-114.01,51.12,CALGARY INTL A,3031092,1/21/2021,21,2021,21,-1.4,-9.2,-5.3,23.3,0,0,0,0
-114.01,51.12,CALGARY INTL A,3031092,1/22/2021,22,2021,22,-3.2,-11.9,-7.6,25.6,0,0,0,0
-114.01,51.12,CALGARY INTL A,3031092,1/23/2021,23,2021,23,-2.6,-15.6,-9.1,27.1,0,0,0.2,0.2
-114.01,51.12,CALGARY INTL A,3031092,1/24/2021,24,2021,24,-13.3,-16.3,-14.8,32.8,0,0,0.4,0.4
-114.01,51.12,CALGARY INTL A,3031092,1/25/2021,25,2021,25,-13.7,-17.5,-15.6,33.6,0,0,0.8,0.8
-114.01,51.12,CALGARY INTL A,3031092,1/26/2021,26,2021,26,-12.7,-17,-14.9,32.9,0,0,1.4,1.1
-114.01,51.12,CALGARY INTL A,3031092,1/27/2021,27,2021,27,-11.8,-14.6,-13.2,31.2,0,0,4.6,1.4
-114.01,51.12,CALGARY INTL A,3031092,1/28/2021,28,2021,28,-13.2,-15.7,-14.5,32.5,0,0,0.3,0.3
-114.01,51.12,CALGARY INTL A,3031092,1/29/2021,29,2021,29,-5.9,-15.6,-10.8,28.8,0,0,0,0
-114.01,51.12,CALGARY INTL A,3031092,1/30/2021,30,2021,30,-0.1,-16,-8.1,26.1,0,0,0,0
-114.01,51.12,CALGARY INTL A,3031092,1/31/2021,31,2021,31,4.5,-12,-3.8,21.8,0,0,0,0
-114.01,51.12,CALGARY INTL A,3031092,2/1/2021,32,2021,1,9.4,-9.4,0,18,0,0,0,0
-114.01,51.12,CALGARY INTL A,3031092,2/2/2021,33,2021,2,-8.2,-13.2,-10.7,28.7,0,0,4,3.6
-114.01,51.12,CALGARY INTL A,3031092,2/3/2021,34,2021,3,-11.8,-19.1,-15.5,33.5,0,0,8.6,7.8
-114.01,51.12,CALGARY INTL A,3031092,2/4/2021,35,2021,4,0.6,-19.3,-9.4,27.4,0,0,0.8,0.4
-114.01,51.12,CALGARY INTL A,3031092,2/5/2021,36,2021,5,-6.6,-21.4,-14,32,0,0,5.8,3.4
-114.01,51.12,CALGARY INTL A,3031092,2/6/2021,37,2021,6,-19.8,-24,-21.9,39.9,0,0,3.3,2.8
-114.01,51.12,CALGARY INTL A,3031092,2/7/2021,38,2021,7,-23.2,-29.1,-26.2,44.2,0,0,0,0
-114.01,51.12,CALGARY INTL A,3031092,2/8/2021,39,2021,8,-23.8,-29.3,-26.6,44.6,0,0,0.2,0.2
-114.01,51.12,CALGARY INTL A,3031092,2/9/2021,40,2021,9,-24.3,-29,-26.7,44.7,0,0,0,0
-114.01,51.12,CALGARY INTL A,3031092,2/10/2021,41,2021,10,-26,-29.8,-27.9,45.9,0,0,0,0
-114.01,51.12,CALGARY INTL A,3031092,2/11/2021,42,2021,11,-24.9,-30.8,-27.9,45.9,0,0,0,0
-114.01,51.12,CALGARY INTL A,3031092,2/12/2021,43,2021,12,-17.7,-27.1,-22.4,40.4,0,0,0.6,0.2
-114.01,51.12,CALGARY INTL A,3031092,2/13/2021,44,2021,13,-6.28,-16.048,-11.184,29.184,0,0,0,0
-114.01,51.12,CALGARY INTL A,3031092,2/14/2021,45,2021,14,-6.28,-16.048,-11.184,29.184,0,0,0,0
-114.01,51.12,CALGARY INTL A,3031092,2/15/2021,46,2021,15,-6.28,-16.048,-11.184,29.184,0,0,0,0
-114.01,51.12,CALGARY INTL A,3031092,2/16/2021,47,2021,16,-4.7,-21.8,-13.3,31.3,0,0,3.3,3.1
-114.01,51.12,CALGARY INTL A,3031092,2/17/2021,48,2021,17,-6.2,-13.9,-10.1,28.1,0,0,0.4,0.4
-114.01,51.12,CALGARY INTL A,3031092,2/18/2021,49,2021,18,-3.3,-17.7,-10.5,28.5,0,0,0,0
-114.01,51.12,CALGARY INTL A,3031092,2/19/2021,50,2021,19,3.8,-6.1,-1.2,19.2,0,0,0,0
-114.01,51.12,CALGARY INTL A,3031092,2/20/2021,51,2021,20,3.4,-6,-1.3,19.3,0,0,0,0
-114.01,51.12,CALGARY INTL A,3031092,2/21/2021,52,2021,21,8.5,-0.9,3.8,14.2,0,0,0,0
-114.01,51.12,CALGARY INTL A,3031092,2/22/2021,53,2021,22,8.3,-1.1,3.6,14.4,0,0,4,3.8
-114.01,51.12,CALGARY INTL A,3031092,2/23/2021,54,2021,23,1.7,-4.8,-1.6,19.6,0,0,0,0
-114.01,51.12,CALGARY INTL A,3031092,2/24/2021,55,2021,24,1.8,-9.2,-3.7,21.7,0,0,0,0
-114.01,51.12,CALGARY INTL A,3031092,2/25/2021,56,2021,25,4.6,-2.7,1,17,0,0,0,0
-114.01,51.12,CALGARY INTL A,3031092,2/26/2021,57,2021,26,0.2,-13.2,-6.5,24.5,0,0,2.8,2.2
-114.01,51.12,CALGARY INTL A,3031092,2/27/2021,58,2021,27,-5.8,-14.6,-10.2,28.2,0,0,0,0
-114.01,51.12,CALGARY INTL A,3031092,2/28/2021,59,2021,28,7,-7.7,-0.4,18.4,0,0,0,0
-114.01,51.12,CALGARY INTL A,3031092,3/1/2021,60,2021,1,10.2,0.1,5.2,12.8,0,0,0,0
-114.01,51.12,CALGARY INTL A,3031092,3/2/2021,61,2021,2,6.4,-3.6,1.4,16.6,0,0,0,0
-114.01,51.12,CALGARY INTL A,3031092,3/3/2021,62,2021,3,8.6,-3.3,2.7,15.3,0,0,0,0
-114.01,51.12,CALGARY INTL A,3031092,3/4/2021,63,2021,4,10.8,-4.9,3,15,0,0,0,0
-114.01,51.12,CALGARY INTL A,3031092,3/5/2021,64,2021,5,9.039285714,-3.832142857,2.621428571,15.37857143,0,0,0,0
-114.01,51.12,CALGARY INTL A,3031092,3/6/2021,65,2021,6,5.7,-2.3,1.7,16.3,0,0,0.3,0.3
-114.01,51.12,CALGARY INTL A,3031092,3/7/2021,66,2021,7,7.6,-5.2,1.2,16.8,0,0,0,0
-114.01,51.12,CALGARY INTL A,3031092,3/8/2021,67,2021,8,5.7,-2.5,1.6,16.4,0,0,0,0
-114.01,51.12,CALGARY INTL A,3031092,3/9/2021,68,2021,9,5.9,-4.7,0.6,17.4,0,0,0,0
-114.01,51.12,CALGARY INTL A,3031092,3/10/2021,69,2021,10,9.039285714,-3.832142857,2.621428571,15.37857143,0,0,0,0
-114.01,51.12,CALGARY INTL A,3031092,3/11/2021,70,2021,11,9.039285714,-3.832142857,2.621428571,15.37857143,0,0,0,0
-114.01,51.12,CALGARY INTL A,3031092,3/12/2021,71,2021,12,13.7,-1.9,5.9,12.1,0,0,0,0
-114.01,51.12,CALGARY INTL A,3031092,3/13/2021,72,2021,13,15.4,-3.6,5.9,12.1,0,0,0,0
-114.01,51.12,CALGARY INTL A,3031092,3/14/2021,73,2021,14,18.7,-2.9,7.9,10.1,0,0,0,0
-114.01,51.12,CALGARY INTL A,3031092,3/15/2021,74,2021,15,8.7,-2.7,3,15,0,0,0,0
-114.01,51.12,CALGARY INTL A,3031092,3/16/2021,75,2021,16,9.1,-6.3,1.4,16.6,0,0,0,0
-114.01,51.12,CALGARY INTL A,3031092,3/17/2021,76,2021,17,12.7,-6.7,3,15,0,0,0,0
-114.01,51.12,CALGARY INTL A,3031092,3/18/2021,77,2021,18,17,-3.3,6.9,11.1,0,0,0,0
-114.01,51.12,CALGARY INTL A,3031092,3/19/2021,78,2021,19,14.7,2.1,8.4,9.6,0,0,0,0
-114.01,51.12,CALGARY INTL A,3031092,3/20/2021,79,2021,20,10.6,-2.4,4.1,13.9,0,0,0,0
-114.01,51.12,CALGARY INTL A,3031092,3/21/2021,80,2021,21,7.6,-3.3,2.2,15.8,0,0,0,0
-114.01,51.12,CALGARY INTL A,3031092,3/22/2021,81,2021,22,6.8,-2.3,2.3,15.7,0,0,0,0
-114.01,51.12,CALGARY INTL A,3031092,3/23/2021,82,2021,23,5.4,-5.1,0.2,17.8,0,0,0,0
-114.01,51.12,CALGARY INTL A,3031092,3/24/2021,83,2021,24,9.1,-1.8,3.7,14.3,0,0,3.8,1.8
-114.01,51.12,CALGARY INTL A,3031092,3/25/2021,84,2021,25,-2,-5.8,-3.9,21.9,0,0,2.8,1.7
-114.01,51.12,CALGARY INTL A,3031092,3/26/2021,85,2021,26,2.5,-5.1,-1.3,19.3,0,0,2.2,1.4
-114.01,51.12,CALGARY INTL A,3031092,3/27/2021,86,2021,27,12.9,-3,5,13,0,0,0,0
-114.01,51.12,CALGARY INTL A,3031092,3/28/2021,87,2021,28,14.5,-2.2,6.2,11.8,0,0,1,1.4
-114.01,51.12,CALGARY INTL A,3031092,3/29/2021,88,2021,29,-1.8,-10.6,-6.2,24.2,0,0,0.8,0.8
-114.01,51.12,CALGARY INTL A,3031092,3/30/2021,89,2021,30,4.5,-9.8,-2.7,20.7,0,0,0,0
-114.01,51.12,CALGARY INTL A,3031092,3/31/2021,90,2021,31,12.1,-4.2,4,14,0,0,0,0
-114.01,51.12,CALGARY INTL A,3031092,4/1/2021,91,2021,1,16.7,-0.8,8,10,0,0,0,0
-114.01,51.12,CALGARY INTL A,3031092,4/2/2021,92,2021,2,11.9,-2.3,4.8,13.2,0,0,0,0
-114.01,51.12,CALGARY INTL A,3031092,4/3/2021,93,2021,3,15,-1.4,6.8,11.2,0,0,0,0
-114.01,51.12,CALGARY INTL A,3031092,4/4/2021,94,2021,4,6.6,-2.8,1.9,16.1,0,0.2,0,0.2
-114.01,51.12,CALGARY INTL A,3031092,4/5/2021,95,2021,5,13.2,-5.3,4,14,0,0,0,0
-114.01,51.12,CALGARY INTL A,3031092,4/6/2021,96,2021,6,15.4,-0.4,7.5,10.5,0,0,0,0
-114.01,51.12,CALGARY INTL A,3031092,4/7/2021,97,2021,7,17,-0.8,8.1,9.9,0,0,0,0
-114.01,51.12,CALGARY INTL A,3031092,4/8/2021,98,2021,8,6.3,-2.8,1.8,16.2,0,0.2,0,0.2
-114.01,51.12,CALGARY INTL A,3031092,4/9/2021,99,2021,9,11.5,-5,3.3,14.7,0,0,0,0
-114.01,51.12,CALGARY INTL A,3031092,4/10/2021,100,2021,10,8,-4.8,1.6,16.4,0,0,0,0
-114.01,51.12,CALGARY INTL A,3031092,4/11/2021,101,2021,11,5.7,-4.9,0.4,17.6,0,0,0,0
-114.01,51.12,CALGARY INTL A,3031092,4/12/2021,102,2021,12,4.6,-5,-0.2,18.2,0,0,0,0
-114.01,51.12,CALGARY INTL A,3031092,4/13/2021,103,2021,13,7.5,-9.6,-1.1,19.1,0,0,0,0
-114.01,51.12,CALGARY INTL A,3031092,4/14/2021,104,2021,14,12.8,-4.4,4.2,13.8,0,0,0,0
-114.01,51.12,CALGARY INTL A,3031092,4/15/2021,105,2021,15,14.9,-3.3,5.8,12.2,0,0,0,0
-114.01,51.12,CALGARY INTL A,3031092,4/16/2021,106,2021,16,18.1,-2.8,7.7,10.3,0,0,0,0
-114.01,51.12,CALGARY INTL A,3031092,4/17/2021,107,2021,17,20.4,-0.4,10,8,0,0,0,0
-114.01,51.12,CALGARY INTL A,3031092,4/18/2021,108,2021,18,11.2,-3,4.1,13.9,0,0.6,7.2,7.6
-114.01,51.12,CALGARY INTL A,3031092,4/19/2021,109,2021,19,5.1,-2.4,1.4,16.6,0,0,0,0
-114.01,51.12,CALGARY INTL A,3031092,4/20/2021,110,2021,20,11.2,-4.8,3.2,14.8,0,0,0,0
-114.01,51.12,CALGARY INTL A,3031092,4/21/2021,111,2021,21,19.2,-1.2,9,9,0,0,0,0
-114.01,51.12,CALGARY INTL A,3031092,4/22/2021,112,2021,22,12.14482759,-2.45862069,4.855172414,13.14482759,0,0,1.1,1.1
-114.01,51.12,CALGARY INTL A,3031092,4/23/2021,113,2021,23,2.8,-4.9,-1.1,19.1,0,0,0.2,0.2
-114.01,51.12,CALGARY INTL A,3031092,4/24/2021,114,2021,24,3.8,-3.2,0.3,17.7,0,0,0,0
-114.01,51.12,CALGARY INTL A,3031092,4/25/2021,115,2021,25,3.8,-0.9,1.5,16.5,0,0,1.4,1.4
-114.01,51.12,CALGARY INTL A,3031092,4/26/2021,116,2021,26,14.5,-3.3,5.6,12.4,0,0,0,0
-114.01,51.12,CALGARY INTL A,3031092,4/27/2021,117,2021,27,14.8,1.8,8.3,9.7,0,0,0,0
-114.01,51.12,CALGARY INTL A,3031092,4/28/2021,118,2021,28,18.1,-1.5,8.3,9.7,0,0,0,0
-114.01,51.12,CALGARY INTL A,3031092,4/29/2021,119,2021,29,20.4,1.7,11.1,6.9,0,0,0,0
-114.01,51.12,CALGARY INTL A,3031092,4/30/2021,120,2021,30,21.7,7.2,14.5,3.5,0,0,0,0
-114.01,51.12,CALGARY INTL A,3031092,5/1/2021,121,2021,1,12.9,1,7,11,0,0.2,0,0.2
-114.01,51.12,CALGARY INTL A,3031092,5/2/2021,122,2021,2,10.8,1,5.9,12.1,0,0.2,0,0.2
-114.01,51.12,CALGARY INTL A,3031092,5/3/2021,123,2021,3,13.3,-1.5,5.9,12.1,0,0.2,0,0.2
-114.01,51.12,CALGARY INTL A,3031092,5/4/2021,124,2021,4,12.5,2.4,7.5,10.5,0,1.9,0,1.9
-114.01,51.12,CALGARY INTL A,3031092,5/5/2021,125,2021,5,14.3,1.7,8,10,0,0,0,0
-114.01,51.12,CALGARY INTL A,3031092,5/6/2021,126,2021,6,19.7,2.7,11.2,6.8,0,0,0,0
-114.01,51.12,CALGARY INTL A,3031092,5/7/2021,127,2021,7,16.5,5.8,11.2,6.8,0,0,0,0
-114.01,51.12,CALGARY INTL A,3031092,5/8/2021,128,2021,8,5.8,0.5,3.2,14.8,0,1.2,0.3,1.5
-114.01,51.12,CALGARY INTL A,3031092,5/9/2021,129,2021,9,2.9,0.4,1.7,16.3,0,1,5.8,6.6
-114.01,51.12,CALGARY INTL A,3031092,5/10/2021,130,2021,10,13.6,-3,5.3,12.7,0,0,0,0
-114.01,51.12,CALGARY INTL A,3031092,5/11/2021,131,2021,11,15.39666667,3.2,9.323333333,8.703333333,0.026666667,0.913333333,0.26,1.166666667
-114.01,51.12,CALGARY INTL A,3031092,5/12/2021,132,2021,12,17.8,0.2,9,9,0,0,0,0
-114.01,51.12,CALGARY INTL A,3031092,5/13/2021,133,2021,13,16.8,6.5,11.7,6.3,0,0.3,0,0.3
-114.01,51.12,CALGARY INTL A,3031092,5/14/2021,134,2021,14,19.4,2.4,10.9,7.1,0,0,0,0
-114.01,51.12,CALGARY INTL A,3031092,5/15/2021,135,2021,15,22.3,3.7,13,5,0,0,0,0
-114.01,51.12,CALGARY INTL A,3031092,5/16/2021,136,2021,16,25.1,10.1,17.6,0.4,0,0,0,0
-114.01,51.12,CALGARY INTL A,3031092,5/17/2021,137,2021,17,27.2,10.3,18.8,0,0.8,0,0,0
-114.01,51.12,CALGARY INTL A,3031092,5/18/2021,138,2021,18,16.8,6.6,11.7,6.3,0,0,0,0
-114.01,51.12,CALGARY INTL A,3031092,5/19/2021,139,2021,19,7.5,0.8,4.2,13.8,0,0.7,0,0.7
-114.01,51.12,CALGARY INTL A,3031092,5/20/2021,140,2021,20,2.8,-1.8,0.5,17.5,0,0.2,1.2,1.4
-114.01,51.12,CALGARY INTL A,3031092,5/21/2021,141,2021,21,11.3,0.1,5.7,12.3,0,0,0,0
-114.01,51.12,CALGARY INTL A,3031092,5/22/2021,142,2021,22,13.8,-0.5,6.7,11.3,0,0,0,0
-114.01,51.12,CALGARY INTL A,3031092,5/23/2021,143,2021,23,10.6,1.8,6.2,11.8,0,9.1,0,9.1
-114.01,51.12,CALGARY INTL A,3031092,5/24/2021,144,2021,24,10.4,1.9,6.2,11.8,0,7.6,0,7.6
-114.01,51.12,CALGARY INTL A,3031092,5/25/2021,145,2021,25,11.6,6.7,9.2,8.8,0,1.6,0,1.6
-114.01,51.12,CALGARY INTL A,3031092,5/26/2021,146,2021,26,19.4,4.7,12.1,5.9,0,0,0,0
-114.01,51.12,CALGARY INTL A,3031092,5/27/2021,147,2021,27,22.8,4.7,13.8,4.2,0,0,0,0
-114.01,51.12,CALGARY INTL A,3031092,5/28/2021,148,2021,28,17.7,6.3,12,6,0,3.2,0.5,3.7
-114.01,51.12,CALGARY INTL A,3031092,5/29/2021,149,2021,29,19.3,5,12.2,5.8,0,0,0,0
-114.01,51.12,CALGARY INTL A,3031092,5/30/2021,150,2021,30,22.4,5.8,14.1,3.9,0,0,0,0
-114.01,51.12,CALGARY INTL A,3031092,5/31/2021,151,2021,31,24.6,9.7,17.2,0.8,0,0,0,0
-114.01,51.12,CALGARY INTL A,3031092,6/1/2021,152,2021,1,27.1,11.9,19.5,0,1.5,0,0,0
-114.01,51.12,CALGARY INTL A,3031092,6/2/2021,153,2021,2,30.8,11.3,21.1,0,3.1,0,0,0
-114.01,51.12,CALGARY INTL A,3031092,6/3/2021,154,2021,3,24.10740741,10.07037037,17.12222222,2.662962963,1.785185185,0,0,0
-114.01,51.12,CALGARY INTL A,3031092,6/4/2021,155,2021,4,28.4,13.6,21,0,3,0.4,0,0.4
-114.01,51.12,CALGARY INTL A,3031092,6/5/2021,156,2021,5,16.4,8.9,12.7,5.3,0,5.6,0,5.6
-114.01,51.12,CALGARY INTL A,3031092,6/6/2021,157,2021,6,15.8,5.5,10.7,7.3,0,3.2,0,3.2
-114.01,51.12,CALGARY INTL A,3031092,6/7/2021,158,2021,7,13,4.7,8.9,9.1,0,0.7,0,0.7
-114.01,51.12,CALGARY INTL A,3031092,6/8/2021,159,2021,8,15.1,3.7,9.4,8.6,0,0,0,0
-114.01,51.12,CALGARY INTL A,3031092,6/9/2021,160,2021,9,15,5.7,10.4,7.6,0,2.2,0,2.2
-114.01,51.12,CALGARY INTL A,3031092,6/10/2021,161,2021,10,13,7.8,10.4,7.6,0,1.5,0,1.5
-114.01,51.12,CALGARY INTL A,3031092,6/11/2021,162,2021,11,19.6,4.1,11.9,6.1,0,0,0,0
-114.01,51.12,CALGARY INTL A,3031092,6/12/2021,163,2021,12,21.3,5.6,13.5,4.5,0,0,0,0
-114.01,51.12,CALGARY INTL A,3031092,6/13/2021,164,2021,13,29.4,4.3,16.9,1.1,0,0,0,0
-114.01,51.12,CALGARY INTL A,3031092,6/14/2021,165,2021,14,33,13.5,23.3,0,5.3,0,0,0
-114.01,51.12,CALGARY INTL A,3031092,6/15/2021,166,2021,15,26.8,14.1,20.5,0,2.5,0,0,0
-114.01,51.12,CALGARY INTL A,3031092,6/16/2021,167,2021,16,20.9,11.2,16.1,1.9,0,0.2,0,0.2
-114.01,51.12,CALGARY INTL A,3031092,6/17/2021,168,2021,17,24,7.6,15.8,2.2,0,0,0,0
-114.01,51.12,CALGARY INTL A,3031092,6/18/2021,169,2021,18,24.7,6.7,15.7,2.3,0,0,0,0
-114.01,51.12,CALGARY INTL A,3031092,6/19/2021,170,2021,19,16.9,10.6,13.8,4.2,0,2.1,0,2.1
-114.01,51.12,CALGARY INTL A,3031092,6/20/2021,171,2021,20,22.3,10.2,16.3,1.7,0,0,0,0
-114.01,51.12,CALGARY INTL A,3031092,6/21/2021,172,2021,21,27.8,8.5,18.2,0,0.2,0,0,0
-114.01,51.12,CALGARY INTL A,3031092,6/22/2021,173,2021,22,31.2,12,21.6,0,3.6,0,0,0
-114.01,51.12,CALGARY INTL A,3031092,6/23/2021,174,2021,23,24.5,13.3,18.9,0,0.9,0,0,0
-114.01,51.12,CALGARY INTL A,3031092,6/24/2021,175,2021,24,19.9,11.2,15.6,2.4,0,14.4,0,14.4
-114.01,51.12,CALGARY INTL A,3031092,6/25/2021,176,2021,25,27.2,13.1,20.2,0,2.2,0,0,0
-114.01,51.12,CALGARY INTL A,3031092,6/26/2021,177,2021,26,24.10740741,10.07037037,17.12222222,2.662962963,1.785185185,0,0,0
-114.01,51.12,CALGARY INTL A,3031092,6/27/2021,178,2021,27,24.10740741,10.07037037,17.12222222,2.662962963,1.785185185,1.044827586,0,1.044827586
-114.01,51.12,CALGARY INTL A,3031092,6/28/2021,179,2021,28,34.6,16.3,25.5,0,7.5,0,0,0
-114.01,51.12,CALGARY INTL A,3031092,6/29/2021,180,2021,29,36.3,18.3,27.3,0,9.3,0,0,0
-114.01,51.12,CALGARY INTL A,3031092,6/30/2021,181,2021,30,35.9,18.2,27.1,0,9.1,0,0,0
-114.01,51.12,CALGARY INTL A,3031092,7/1/2021,182,2021,1,36.3,17.8,27.1,0,9.1,0,0,0
-114.01,51.12,CALGARY INTL A,3031092,7/2/2021,183,2021,2,30.1,15.3,22.7,0,4.7,24.6,0,24.6
-114.01,51.12,CALGARY INTL A,3031092,7/3/2021,184,2021,3,26.1,15.1,20.6,0,2.6,0,0,0
-114.01,51.12,CALGARY INTL A,3031092,7/4/2021,185,2021,4,19.6,12.8,16.2,1.8,0,12.5,0,12.5
-114.01,51.12,CALGARY INTL A,3031092,7/5/2021,186,2021,5,18.1,12.9,15.5,2.5,0,1.2,0,1.2
-114.01,51.12,CALGARY INTL A,3031092,7/6/2021,187,2021,6,23.7,13.9,18.8,0,0.8,0,0,0
-114.01,51.12,CALGARY INTL A,3031092,7/7/2021,188,2021,7,25.5,12,18.8,0,0.8,6.8,0,6.8
-114.01,51.12,CALGARY INTL A,3031092,7/8/2021,189,2021,8,26.4,13.5,20,0,2,11,0,11
-114.01,51.12,CALGARY INTL A,3031092,7/9/2021,190,2021,9,27.7,12.7,20.2,0,2.2,0,0,0
-114.01,51.12,CALGARY INTL A,3031092,7/10/2021,191,2021,10,31.4,14.2,22.8,0,4.8,0,0,0
-114.01,51.12,CALGARY INTL A,3031092,7/11/2021,192,2021,11,23,13.7,18.4,0,0.4,5.1,0,5.1
-114.01,51.12,CALGARY INTL A,3031092,7/12/2021,193,2021,12,25.4,11,18.2,0,0.2,0,0,0
-114.01,51.12,CALGARY INTL A,3031092,7/13/2021,194,2021,13,27.1,12.7,19.9,0,1.9,0,0,0
-114.01,51.12,CALGARY INTL A,3031092,7/14/2021,195,2021,14,30.1,14.5,22.3,0,4.3,0,0,0
-114.01,51.12,CALGARY INTL A,3031092,7/15/2021,196,2021,15,28.7,14.1,21.4,0,3.4,0,0,0
-114.01,51.12,CALGARY INTL A,3031092,7/16/2021,197,2021,16,26.2,16.7,21.5,0,3.5,0,0,0
-114.01,51.12,CALGARY INTL A,3031092,7/17/2021,198,2021,17,23.7,11.9,17.8,0.2,0,0,0,0
-114.01,51.12,CALGARY INTL A,3031092,7/18/2021,199,2021,18,20.6,13.1,16.9,1.1,0,0,0,0
-114.01,51.12,CALGARY INTL A,3031092,7/19/2021,200,2021,19,24.7,12.1,18.4,0,0.4,0,0,0
-114.01,51.12,CALGARY INTL A,3031092,7/20/2021,201,2021,20,22.8,15.5,19.2,0,1.2,0.7,0,0.7
-114.01,51.12,CALGARY INTL A,3031092,7/21/2021,202,2021,21,27.6,15.6,21.6,0,3.6,0,0,0
-114.01,51.12,CALGARY INTL A,3031092,7/22/2021,203,2021,22,25.5,10.2,17.9,0.1,0,0,0,0
-114.01,51.12,CALGARY INTL A,3031092,7/23/2021,204,2021,23,27.1,9.3,18.2,0,0.2,0,0,0
-114.01,51.12,CALGARY INTL A,3031092,7/24/2021,205,2021,24,28.3,9.3,18.8,0,0.8,0,0,0
-114.01,51.12,CALGARY INTL A,3031092,7/25/2021,206,2021,25,26.6,10.3,18.5,0,0.5,0,0,0
-114.01,51.12,CALGARY INTL A,3031092,7/26/2021,207,2021,26,25.7,11.6,18.7,0,0.7,0,0,0
-114.01,51.12,CALGARY INTL A,3031092,7/27/2021,208,2021,27,24.6,12.1,18.4,0,0.4,0,0,0
-114.01,51.12,CALGARY INTL A,3031092,7/28/2021,209,2021,28,27.2,12.2,19.7,0,1.7,0,0,0
-114.01,51.12,CALGARY INTL A,3031092,7/29/2021,210,2021,29,28.4,15.2,21.8,0,3.8,0,0,0
-114.01,51.12,CALGARY INTL A,3031092,7/30/2021,211,2021,30,30.6,13.8,22.2,0,4.2,0,0,0
-114.01,51.12,CALGARY INTL A,3031092,7/31/2021,212,2021,31,31.1,13.9,22.5,0,4.5,0,0,0
-114.01,51.12,CALGARY INTL A,3031092,8/1/2021,213,2021,1,33.4,14.3,23.9,0,5.9,0,0,0
-114.01,51.12,CALGARY INTL A,3031092,8/2/2021,214,2021,2,26.1,18.8,22.5,0,4.5,0,0,0
-114.01,51.12,CALGARY INTL A,3031092,8/3/2021,215,2021,3,31.9,18,25,0,7,0.6,0,0.6
-114.01,51.12,CALGARY INTL A,3031092,8/4/2021,216,2021,4,28.2,13.7,21,0,3,0,0,0
-114.01,51.12,CALGARY INTL A,3031092,8/5/2021,217,2021,5,31.2,12.9,22.1,0,4.1,0,0,0
-114.01,51.12,CALGARY INTL A,3031092,8/6/2021,218,2021,6,29.9,15.6,22.8,0,4.8,0,0,0
-114.01,51.12,CALGARY INTL A,3031092,8/7/2021,219,2021,7,26.1,13.9,20,0,2,0,0,0
-114.01,51.12,CALGARY INTL A,3031092,8/8/2021,220,2021,8,17,12.6,14.8,3.2,0,0.4,0,0.4
-114.01,51.12,CALGARY INTL A,3031092,8/9/2021,221,2021,9,27.4,9,18.2,0,0.2,0,0,0
-114.01,51.12,CALGARY INTL A,3031092,8/10/2021,222,2021,10,22.7,12.9,17.8,0.2,0,0,0,0
-114.01,51.12,CALGARY INTL A,3031092,8/11/2021,223,2021,11,22.8,13.7,18.3,0,0.3,0,0,0
-114.01,51.12,CALGARY INTL A,3031092,8/12/2021,224,2021,12,26,13.8,19.9,0,1.9,0,0,0
-114.01,51.12,CALGARY INTL A,3031092,8/13/2021,225,2021,13,32.2,11.3,21.8,0,3.8,0,0,0
-114.01,51.12,CALGARY INTL A,3031092,8/14/2021,226,2021,14,34.2,12.5,23.4,0,5.4,0,0,0
-114.01,51.12,CALGARY INTL A,3031092,8/15/2021,227,2021,15,31.3,15.5,23.4,0,5.4,0,0,0
-114.01,51.12,CALGARY INTL A,3031092,8/16/2021,228,2021,16,20.6,10.7,15.7,2.3,0,14.1,0,14.1
-114.01,51.12,CALGARY INTL A,3031092,8/17/2021,229,2021,17,11.7,8.9,10.3,7.7,0,30.7,0,30.7
-114.01,51.12,CALGARY INTL A,3031092,8/18/2021,230,2021,18,19.9,5.8,12.9,5.1,0,0,0,0
-114.01,51.12,CALGARY INTL A,3031092,8/19/2021,231,2021,19,14.6,8.3,11.5,6.5,0,1.4,0,1.4
-114.01,51.12,CALGARY INTL A,3031092,8/20/2021,232,2021,20,19,10,14.5,3.5,0,0.8,0,0.8
-114.01,51.12,CALGARY INTL A,3031092,8/21/2021,233,2021,21,23.79655172,10.97241379,17.4137931,2.251724138,1.665517241,2.533333333,0,0.6
-114.01,51.12,CALGARY INTL A,3031092,8/22/2021,234,2021,22,23.79655172,10.97241379,17.4137931,2.251724138,1.665517241,16.8,0,16.8
-114.01,51.12,CALGARY INTL A,3031092,8/23/2021,235,2021,23,13.3,6.7,10,8,0,6.6,0,6.6
-114.01,51.12,CALGARY INTL A,3031092,8/24/2021,236,2021,24,16.9,6.4,11.7,6.3,0,0,0,0
-114.01,51.12,CALGARY INTL A,3031092,8/25/2021,237,2021,25,21,4.5,12.8,5.2,0,0,0,0
-114.01,51.12,CALGARY INTL A,3031092,8/26/2021,238,2021,26,22.9,6.5,14.7,3.3,0,1.6,0,1.6
-114.01,51.12,CALGARY INTL A,3031092,8/27/2021,239,2021,27,20.2,10.7,15.5,2.5,0,2,0,2
-114.01,51.12,CALGARY INTL A,3031092,8/28/2021,240,2021,28,21.9,6.9,14.4,3.6,0,0,0,0
-114.01,51.12,CALGARY INTL A,3031092,8/29/2021,241,2021,29,24.5,8.3,16.4,1.6,0,0,0,0
-114.01,51.12,CALGARY INTL A,3031092,8/30/2021,242,2021,30,24.2,8.9,16.6,1.4,0,0,0,0
-114.01,51.12,CALGARY INTL A,3031092,8/31/2021,243,2021,31,19,7.1,13.1,4.9,0,1,0,1
-114.01,51.12,CALGARY INTL A,3031092,9/1/2021,244,2021,1,15.5,6.3,10.9,7.1,0,0,0,0
-114.01,51.12,CALGARY INTL A,3031092,9/2/2021,245,2021,2,16.4,6.7,11.6,6.4,0,0,0,0
-114.01,51.12,CALGARY INTL A,3031092,9/3/2021,246,2021,3,20.2862069,6.489655172,13.41724138,4.655172414,0.072413793,0,0,0
-114.01,51.12,CALGARY INTL A,3031092,9/4/2021,247,2021,4,24.9,5.1,15,3,0,0,0,0
-114.01,51.12,CALGARY INTL A,3031092,9/5/2021,248,2021,5,25.6,14.3,20,0,2,0,0,0
-114.01,51.12,CALGARY INTL A,3031092,9/6/2021,249,2021,6,23.1,9.3,16.2,1.8,0,0,0,0
-114.01,51.12,CALGARY INTL A,3031092,9/7/2021,250,2021,7,23.8,5.9,14.9,3.1,0,0,0,0
-114.01,51.12,CALGARY INTL A,3031092,9/8/2021,251,2021,8,22.2,9.5,15.9,2.1,0,0,0,0
-114.01,51.12,CALGARY INTL A,3031092,9/9/2021,252,2021,9,27.4,8.8,18.1,0,0.1,0,0,0
-114.01,51.12,CALGARY INTL A,3031092,9/10/2021,253,2021,10,21,7.8,14.4,3.6,0,0.2,0,0.2
-114.01,51.12,CALGARY INTL A,3031092,9/11/2021,254,2021,11,15.1,10,12.6,5.4,0,9.4,0,9.4
-114.01,51.12,CALGARY INTL A,3031092,9/12/2021,255,2021,12,16.1,9.2,12.7,5.3,0,2.3,0,2.3
-114.01,51.12,CALGARY INTL A,3031092,9/13/2021,256,2021,13,17.5,6.7,12.1,5.9,0,1.8,0,1.8
-114.01,51.12,CALGARY INTL A,3031092,9/14/2021,257,2021,14,20.2,5,12.6,5.4,0,0,0,0
-114.01,51.12,CALGARY INTL A,3031092,9/15/2021,258,2021,15,14.9,4.1,9.5,8.5,0,2.5,0,2.5
-114.01,51.12,CALGARY INTL A,3031092,9/16/2021,259,2021,16,15.2,2.6,8.9,9.1,0,0,0,0
-114.01,51.12,CALGARY INTL A,3031092,9/17/2021,260,2021,17,20.4,0.7,10.6,7.4,0,0,0,0
-114.01,51.12,CALGARY INTL A,3031092,9/18/2021,261,2021,18,23.1,11.4,17.3,0.7,0,0,0,0
-114.01,51.12,CALGARY INTL A,3031092,9/19/2021,262,2021,19,17.5,3.4,10.5,7.5,0,0,0,0
-114.01,51.12,CALGARY INTL A,3031092,9/20/2021,263,2021,20,17.8,1.2,9.5,8.5,0,0,0,0
-114.01,51.12,CALGARY INTL A,3031092,9/21/2021,264,2021,21,23,5.4,14.2,3.8,0,0,0,0
-114.01,51.12,CALGARY INTL A,3031092,9/22/2021,265,2021,22,18.4,9.9,14.2,3.8,0,0,0,0
-114.01,51.12,CALGARY INTL A,3031092,9/23/2021,266,2021,23,15.2,4,9.6,8.4,0,0,0,0
-114.01,51.12,CALGARY INTL A,3031092,9/24/2021,267,2021,24,25.8,2.7,14.3,3.7,0,0,0,0
-114.01,51.12,CALGARY INTL A,3031092,9/25/2021,268,2021,25,21.9,9.2,15.6,2.4,0,0,0,0
-114.01,51.12,CALGARY INTL A,3031092,9/26/2021,269,2021,26,25.9,8,17,1,0,0,0,0
-114.01,51.12,CALGARY INTL A,3031092,9/27/2021,270,2021,27,23.9,6.8,15.4,2.6,0,0,0,0
-114.01,51.12,CALGARY INTL A,3031092,9/28/2021,271,2021,28,17.5,6.8,12.2,5.8,0,0,0,0
-114.01,51.12,CALGARY INTL A,3031092,9/29/2021,272,2021,29,16.4,2.7,9.6,8.4,0,0,0,0
-114.01,51.12,CALGARY INTL A,3031092,9/30/2021,273,2021,30,22.6,4.7,13.7,4.3,0,0,0,0
-114.01,51.12,CALGARY INTL A,3031092,10/1/2021,274,2021,1,16.4,6.9,11.7,6.3,0,0,0,0
-114.01,51.12,CALGARY INTL A,3031092,10/2/2021,275,2021,2,18.6,0.2,9.4,8.6,0,0,0,0
-114.01,51.12,CALGARY INTL A,3031092,10/3/2021,276,2021,3,20.3,4.2,12.3,5.7,0,0,0,0
-114.01,51.12,CALGARY INTL A,3031092,10/4/2021,277,2021,4,14.4,-1.1,6.7,11.3,0,0,0,0
-114.01,51.12,CALGARY INTL A,3031092,10/5/2021,278,2021,5,23.7,2.8,13.3,4.7,0,0,0,0
-114.01,51.12,CALGARY INTL A,3031092,10/6/2021,279,2021,6,13.2,2.2,7.7,10.3,0,0,0,0
-114.01,51.12,CALGARY INTL A,3031092,10/7/2021,280,2021,7,13,-2.1,5.5,12.5,0,0,0,0
-114.01,51.12,CALGARY INTL A,3031092,10/8/2021,281,2021,8,12.5,-2.8,4.9,13.1,0,0,0,0
-114.01,51.12,CALGARY INTL A,3031092,10/9/2021,282,2021,9,17.6,-2.1,7.8,10.2,0,0,0,0
-114.01,51.12,CALGARY INTL A,3031092,10/10/2021,283,2021,10,13.9,0.9,7.4,10.6,0,1,0,1
-114.01,51.12,CALGARY INTL A,3031092,10/11/2021,284,2021,11,6,-4.1,1,17,0,0,0.2,0.2
-114.01,51.12,CALGARY INTL A,3031092,10/12/2021,285,2021,12,10.2,-6.3,2,16,0,0,0,0
-114.01,51.12,CALGARY INTL A,3031092,10/13/2021,286,2021,13,5.1,-6.3,-0.6,18.6,0,0,0,0
-114.01,51.12,CALGARY INTL A,3031092,10/14/2021,287,2021,14,10.9,-4.9,3,15,0,0,0,0
-114.01,51.12,CALGARY INTL A,3031092,10/15/2021,288,2021,15,14.9,-2.7,6.1,11.9,0,0,0,0
-114.01,51.12,CALGARY INTL A,3031092,10/16/2021,289,2021,16,19.1,5.8,12.5,5.5,0,0,0,0
-114.01,51.12,CALGARY INTL A,3031092,10/17/2021,290,2021,17,22.7,1,11.9,6.1,0,0,0,0
-114.01,51.12,CALGARY INTL A,3031092,10/18/2021,291,2021,18,5.6,1.1,3.4,14.6,0,0,0,0
-114.01,51.12,CALGARY INTL A,3031092,10/19/2021,292,2021,19,9.8,1.6,5.7,12.3,0,0,0,0
-114.01,51.12,CALGARY INTL A,3031092,10/20/2021,293,2021,20,9.4,-1.7,3.9,14.1,0,0,0,0
-114.01,51.12,CALGARY INTL A,3031092,10/21/2021,294,2021,21,16.1,2.6,9.4,8.6,0,0,0,0
-114.01,51.12,CALGARY INTL A,3031092,10/22/2021,295,2021,22,13.6,0.4,7,11,0,0,0,0
-114.01,51.12,CALGARY INTL A,3031092,10/23/2021,296,2021,23,9.8,1.5,5.7,12.3,0,21.8,0.4,22.2
-114.01,51.12,CALGARY INTL A,3031092,10/24/2021,297,2021,24,10.4,-2.9,3.8,14.2,0,0,0,0
-114.01,51.12,CALGARY INTL A,3031092,10/25/2021,298,2021,25,13.5,2.4,8,10,0,0,0,0
-114.01,51.12,CALGARY INTL A,3031092,10/26/2021,299,2021,26,13.3,-0.8,6.3,11.7,0,0,0,0
-114.01,51.12,CALGARY INTL A,3031092,10/27/2021,300,2021,27,11.8,0.2,6,12,0,0,0,0
-114.01,51.12,CALGARY INTL A,3031092,10/28/2021,301,2021,28,10.3,-1.5,4.4,13.6,0,0,0,0
-114.01,51.12,CALGARY INTL A,3031092,10/29/2021,302,2021,29,3.9,-1.6,1.2,16.8,0,0.1,3.6,2.5
-114.01,51.12,CALGARY INTL A,3031092,10/30/2021,303,2021,30,1.8,-6,-2.1,20.1,0,0,0,0
-114.01,51.12,CALGARY INTL A,3031092,10/31/2021,304,2021,31,1.9,-9.6,-3.9,21.9,0,0,0,0
-114.01,51.12,CALGARY INTL A,3031092,11/1/2021,305,2021,1,-0.7,-11,-5.9,23.9,0,0,0,0
-114.01,51.12,CALGARY INTL A,3031092,11/2/2021,306,2021,2,14.4,-8,3.2,14.8,0,0,0,0
-114.01,51.12,CALGARY INTL A,3031092,11/3/2021,307,2021,3,15,-3.4,5.8,12.2,0,0,0,0
-114.01,51.12,CALGARY INTL A,3031092,11/4/2021,308,2021,4,17.2,-1.5,7.9,10.1,0,0,0,0
-114.01,51.12,CALGARY INTL A,3031092,11/5/2021,309,2021,5,13.5,-0.4,6.6,11.4,0,0,0,0
-114.01,51.12,CALGARY INTL A,3031092,11/6/2021,310,2021,6,8.2,-3.2,2.5,15.5,0,0,0,0
-114.01,51.12,CALGARY INTL A,3031092,11/7/2021,311,2021,7,6.4,-5.3,0.6,17.4,0,0,0,0
-114.01,51.12,CALGARY INTL A,3031092,11/8/2021,312,2021,8,6.2,-2.6,1.8,16.2,0,0,0,0
-114.01,51.12,CALGARY INTL A,3031092,11/9/2021,313,2021,9,6.8,-5.9,0.5,17.5,0,0,0,0
-114.01,51.12,CALGARY INTL A,3031092,11/10/2021,314,2021,10,6.4,-1,2.7,15.3,0,0,0,0
-114.01,51.12,CALGARY INTL A,3031092,11/11/2021,315,2021,11,4.4,-6.4,-1,19,0,0,0,0
-114.01,51.12,CALGARY INTL A,3031092,11/12/2021,316,2021,12,15.7,-3.9,5.9,12.1,0,0,0,0
-114.01,51.12,CALGARY INTL A,3031092,11/13/2021,317,2021,13,8.8,-1.9,3.5,14.5,0,0,0,0
-114.01,51.12,CALGARY INTL A,3031092,11/14/2021,318,2021,14,10.3,-0.7,4.8,13.2,0,0,0,0
-114.01,51.12,CALGARY INTL A,3031092,11/15/2021,319,2021,15,6.6,0,3.3,14.7,0,0.5,1,1.5
-114.01,51.12,CALGARY INTL A,3031092,11/16/2021,320,2021,16,5.2,-6.4,-0.6,18.6,0,0,0,0
-114.01,51.12,CALGARY INTL A,3031092,11/17/2021,321,2021,17,1.4,-11.8,-5.2,23.2,0,0,0,0
-114.01,51.12,CALGARY INTL A,3031092,11/18/2021,322,2021,18,3.8,-6.1,-1.2,19.2,0,0,0,0
-114.01,51.12,CALGARY INTL A,3031092,11/19/2021,323,2021,19,4.5,-8.8,-2.2,20.2,0,0,0,0
-114.01,51.12,CALGARY INTL A,3031092,11/20/2021,324,2021,20,6.5,-9.7,-1.6,19.6,0,0,0,0
-114.01,51.12,CALGARY INTL A,3031092,11/21/2021,325,2021,21,7.9,-10.1,-1.1,19.1,0,0,0,0
-114.01,51.12,CALGARY INTL A,3031092,11/22/2021,326,2021,22,14.7,0.3,7.5,10.5,0,0,0,0
-114.01,51.12,CALGARY INTL A,3031092,11/23/2021,327,2021,23,6.1,-8.4,-1.2,19.2,0,0,1.6,1.2
-114.01,51.12,CALGARY INTL A,3031092,11/24/2021,328,2021,24,3,-10.2,-3.6,21.6,0,0,0.6,0.6
-114.01,51.12,CALGARY INTL A,3031092,11/25/2021,329,2021,25,13.4,-0.5,6.5,11.5,0,0,0,0
-114.01,51.12,CALGARY INTL A,3031092,11/26/2021,330,2021,26,10.8,-2.2,4.3,13.7,0,0,0,0
-114.01,51.12,CALGARY INTL A,3031092,11/27/2021,331,2021,27,1.7,-3.3,-0.8,18.8,0,0,0.6,0.6
-114.01,51.12,CALGARY INTL A,3031092,11/28/2021,332,2021,28,14,-3.9,5.1,12.9,0,0,0,0
-114.01,51.12,CALGARY INTL A,3031092,11/29/2021,333,2021,29,10.1,-0.7,4.7,13.3,0,0,0,0
-114.01,51.12,CALGARY INTL A,3031092,11/30/2021,334,2021,30,9.9,-1,4.5,13.5,0,0,0,0
-114.01,51.12,CALGARY INTL A,3031092,12/1/2021,335,2021,1,13.3,-0.4,6.5,11.5,0,0.3,3.3,3.4
-114.01,51.12,CALGARY INTL A,3031092,12/2/2021,336,2021,2,1.5,-3.7,-1.1,19.1,0,0,0.3,0.3
-114.01,51.12,CALGARY INTL A,3031092,12/3/2021,337,2021,3,-1.4,-7.9,-4.7,22.7,0,0,0.4,0.2
-114.01,51.12,CALGARY INTL A,3031092,12/4/2021,338,2021,4,-2.5,-8.7,-5.6,23.6,0,0,0.3,0.3
-114.01,51.12,CALGARY INTL A,3031092,12/5/2021,339,2021,5,-8.8,-15.9,-12.4,30.4,0,0,0,0
-114.01,51.12,CALGARY INTL A,3031092,12/6/2021,340,2021,6,-7.7,-15.5,-11.6,29.6,0,0,1.2,1.2
-114.01,51.12,CALGARY INTL A,3031092,12/7/2021,341,2021,7,-0.3,-14.6,-7.5,25.5,0,0,0,0
-114.01,51.12,CALGARY INTL A,3031092,12/8/2021,342,2021,8,7.8,-7.7,0.1,17.9,0,0,1,1
-114.01,51.12,CALGARY INTL A,3031092,12/9/2021,343,2021,9,-0.7,-10.7,-5.7,23.7,0,0,0,0
-114.01,51.12,CALGARY INTL A,3031092,12/10/2021,344,2021,10,-0.2,-10.8,-5.5,23.5,0,0,0,0
-114.01,51.12,CALGARY INTL A,3031092,12/11/2021,345,2021,11,3.6,-6.5,-1.5,19.5,0,0,3,2.6
-114.01,51.12,CALGARY INTL A,3031092,12/12/2021,346,2021,12,-0.1,-9.8,-5,23,0,0,0.2,0.2
-114.01,51.12,CALGARY INTL A,3031092,12/13/2021,347,2021,13,-3.1,-17,-10.1,28.1,0,0,0,0
-114.01,51.12,CALGARY INTL A,3031092,12/14/2021,348,2021,14,-12.1,-19.8,-16,34,0,0,1.4,1.4
-114.01,51.12,CALGARY INTL A,3031092,12/15/2021,349,2021,15,-15.4,-22.2,-18.8,36.8,0,0,0,0
-114.01,51.12,CALGARY INTL A,3031092,12/16/2021,350,2021,16,-14.8,-20.5,-17.7,35.7,0,0,3.2,2.8
-114.01,51.12,CALGARY INTL A,3031092,12/17/2021,351,2021,17,-15.6,-24.6,-20.1,38.1,0,0,0,0
-114.01,51.12,CALGARY INTL A,3031092,12/18/2021,352,2021,18,-0.5,-17.9,-9.2,27.2,0,0,0,0
-114.01,51.12,CALGARY INTL A,3031092,12/19/2021,353,2021,19,-10.1,-13.4,-11.8,29.8,0,0,0,0
-114.01,51.12,CALGARY INTL A,3031092,12/20/2021,354,2021,20,-12.3,-22.7,-17.5,35.5,0,0,0,0
-114.01,51.12,CALGARY INTL A,3031092,12/21/2021,355,2021,21,0.9,-17.9,-8.5,26.5,0,0,0,0
-114.01,51.12,CALGARY INTL A,3031092,12/22/2021,356,2021,22,4.5,-10.9,-3.2,21.2,0,0,0,0
-114.01,51.12,CALGARY INTL A,3031092,12/23/2021,357,2021,23,1,-17.5,-8.3,26.3,0,0,6.7,6.5
-114.01,51.12,CALGARY INTL A,3031092,12/24/2021,358,2021,24,-7.393333333,-17.21666667,-12.32333333,30.32333333,0,0,0.5,0.2
-114.01,51.12,CALGARY INTL A,3031092,12/25/2021,359,2021,25,-23,-27.9,-25.5,43.5,0,0,1,0.3
-114.01,51.12,CALGARY INTL A,3031092,12/26/2021,360,2021,26,-26.9,-30.3,-28.6,46.6,0,0,1.2,1
-114.01,51.12,CALGARY INTL A,3031092,12/27/2021,361,2021,27,-28,-32.9,-30.5,48.5,0,0,0,0
-114.01,51.12,CALGARY INTL A,3031092,12/28/2021,362,2021,28,-15.2,-30.4,-22.8,40.8,0,0,0.6,0.5
-114.01,51.12,CALGARY INTL A,3031092,12/29/2021,363,2021,29,-20.8,-26.6,-23.7,41.7,0,0,0,0
-114.01,51.12,CALGARY INTL A,3031092,12/30/2021,364,2021,30,-16.1,-23.4,-19.8,37.8,0,0,1.2,0.7
-114.01,51.12,CALGARY INTL A,3031092,12/31/2021,365,2021,31,-18.8,-28.4,-23.6,41.6,0,0,0,0
-114.01,51.12,CALGARY INTL A,3031092,1/1/2022,1,2022,1,-0.3,-25.3,-12.8,30.8,0,0,0,0
-114.01,51.12,CALGARY INTL A,3031092,1/2/2022,2,2022,2,1.4,-14.8,-6.7,24.7,0,0,0.2,0.2
-114.01,51.12,CALGARY INTL A,3031092,1/3/2022,3,2022,3,-14.7,-25.2,-20,38,0,0,0.6,0.4
-114.01,51.12,CALGARY INTL A,3031092,1/4/2022,4,2022,4,-24.4,-29,-26.7,44.7,0,0,2.3,2
-114.01,51.12,CALGARY INTL A,3031092,1/5/2022,5,2022,5,-24.1,-28.6,-26.4,44.4,0,0,0,0
-114.01,51.12,CALGARY INTL A,3031092,1/6/2022,6,2022,6,-23.4,-29.7,-26.6,44.6,0,0,0,0
-114.01,51.12,CALGARY INTL A,3031092,1/7/2022,7,2022,7,-22.3,-24.2,-23.3,41.3,0,0,0,0
-114.01,51.12,CALGARY INTL A,3031092,1/8/2022,8,2022,8,-14.4,-24.1,-19.3,37.3,0,0,0,0
-114.01,51.12,CALGARY INTL A,3031092,1/9/2022,9,2022,9,3.4,-24.1,-10.4,28.4,0,0,0,0
-114.01,51.12,CALGARY INTL A,3031092,1/10/2022,10,2022,10,9.1,-7.1,1,17,0,0,0,0
-114.01,51.12,CALGARY INTL A,3031092,1/11/2022,11,2022,11,9.3,-5.4,2,16,0,0,0,0
-114.01,51.12,CALGARY INTL A,3031092,1/12/2022,12,2022,12,9.8,-0.2,4.8,13.2,0,0,0,0
-114.01,51.12,CALGARY INTL A,3031092,1/13/2022,13,2022,13,10.1,-2,4.1,13.9,0,0,0,0
-114.01,51.12,CALGARY INTL A,3031092,1/14/2022,14,2022,14,8.3,-1.7,3.3,14.7,0,0,0,0
-114.01,51.12,CALGARY INTL A,3031092,1/15/2022,15,2022,15,9.7,-1.3,4.2,13.8,0,0,0,0
-114.01,51.12,CALGARY INTL A,3031092,1/16/2022,16,2022,16,7.7,-5.4,1.2,16.8,0,0,0,0
-114.01,51.12,CALGARY INTL A,3031092,1/17/2022,17,2022,17,11.4,-11.1,0.2,17.8,0,0,0,0
-114.01,51.12,CALGARY INTL A,3031092,1/18/2022,18,2022,18,-11.2,-18.1,-14.7,32.7,0,0,0.2,0.2
-114.01,51.12,CALGARY INTL A,3031092,1/19/2022,19,2022,19,-11.1,-20.8,-16,34,0,0,0,0
-114.01,51.12,CALGARY INTL A,3031092,1/20/2022,20,2022,20,9.8,-13.1,-1.7,19.7,0,0.2,0,0.2
-114.01,51.12,CALGARY INTL A,3031092,1/21/2022,21,2022,21,5,-2,1.5,16.5,0,0,0,0
-114.01,51.12,CALGARY INTL A,3031092,1/22/2022,22,2022,22,12.3,-1,5.7,12.3,0,0,0,0
-114.01,51.12,CALGARY INTL A,3031092,1/23/2022,23,2022,23,13.9,-1.3,6.3,11.7,0,0,0,0
-114.01,51.12,CALGARY INTL A,3031092,1/24/2022,24,2022,24,2.6,-1.6,0.5,17.5,0,0,0,0
-114.01,51.12,CALGARY INTL A,3031092,1/25/2022,25,2022,25,9.4,-6.5,1.5,16.5,0,0,0,0
-114.01,51.12,CALGARY INTL A,3031092,1/26/2022,26,2022,26,5.4,-3.7,0.9,17.1,0,0,0,0
-114.01,51.12,CALGARY INTL A,3031092,1/27/2022,27,2022,27,9.1,-9.4,-0.2,18.2,0,0,0,0
-114.01,51.12,CALGARY INTL A,3031092,1/28/2022,28,2022,28,12.1,-1.7,5.2,12.8,0,0,0,0
-114.01,51.12,CALGARY INTL A,3031092,1/29/2022,29,2022,29,8.5,-2.9,2.8,15.2,0,0,0,0
-114.01,51.12,CALGARY INTL A,3031092,1/30/2022,30,2022,30,10,-1.9,4.1,13.9,0,0,0,0
-114.01,51.12,CALGARY INTL A,3031092,1/31/2022,31,2022,31,3.6,-16.1,-6.3,24.3,0,0,0.4,0.4
-114.01,51.12,CALGARY INTL A,3031092,2/1/2022,32,2022,1,-16,-22.4,-19.2,37.2,0,0,2.2,2.2
-114.01,51.12,CALGARY INTL A,3031092,2/2/2022,33,2022,2,-18.2,-25.5,-21.9,39.9,0,0,0,0
-114.01,51.12,CALGARY INTL A,3031092,2/3/2022,34,2022,3,-6.9,-19.4,-13.2,31.2,0,0,0,0
-114.01,51.12,CALGARY INTL A,3031092,2/4/2022,35,2022,4,8,-17.2,-4.6,22.6,0,0,0,0
-114.01,51.12,CALGARY INTL A,3031092,2/5/2022,36,2022,5,0.041666667,-11.06666667,-5.529166667,23.52916667,0,0,0,0
-114.01,51.12,CALGARY INTL A,3031092,2/6/2022,37,2022,6,0.041666667,-11.06666667,-5.529166667,23.52916667,0,0,0,0
-114.01,51.12,CALGARY INTL A,3031092,2/7/2022,38,2022,7,0.041666667,-11.06666667,-5.529166667,23.52916667,0,0,1.203703704,0.896296296
-114.01,51.12,CALGARY INTL A,3031092,2/8/2022,39,2022,8,9.8,3.2,6.5,11.5,0,0,0,0
-114.01,51.12,CALGARY INTL A,3031092,2/9/2022,40,2022,9,13.5,0.3,6.9,11.1,0,0,0,0
-114.01,51.12,CALGARY INTL A,3031092,2/10/2022,41,2022,10,13.4,-1.6,5.9,12.1,0,0,0,0
-114.01,51.12,CALGARY INTL A,3031092,2/11/2022,42,2022,11,1.6,-4.3,-1.4,19.4,0,0,0,0
-114.01,51.12,CALGARY INTL A,3031092,2/12/2022,43,2022,12,7.8,-3.6,2.1,15.9,0,0,0,0
-114.01,51.12,CALGARY INTL A,3031092,2/13/2022,44,2022,13,9.3,-1.7,3.8,14.2,0,0,0,0
-114.01,51.12,CALGARY INTL A,3031092,2/14/2022,45,2022,14,0.2,-4.1,-2,20,0,0,2,1.4
-114.01,51.12,CALGARY INTL A,3031092,2/15/2022,46,2022,15,-1.2,-7.2,-4.2,22.2,0,0,7.2,5.5
-114.01,51.12,CALGARY INTL A,3031092,2/16/2022,47,2022,16,-2.6,-12.2,-7.4,25.4,0,0,5,2.4
-114.01,51.12,CALGARY INTL A,3031092,2/17/2022,48,2022,17,8.1,-8.9,-0.4,18.4,0,0,0,0
-114.01,51.12,CALGARY INTL A,3031092,2/18/2022,49,2022,18,-0.1,-11,-5.6,23.6,0,0,1.5,1
-114.01,51.12,CALGARY INTL A,3031092,2/19/2022,50,2022,19,9.6,-5,2.3,15.7,0,0,0,0
-114.01,51.12,CALGARY INTL A,3031092,2/20/2022,51,2022,20,-5,-20.6,-12.8,30.8,0,0,9.8,8.9
-114.01,51.12,CALGARY INTL A,3031092,2/21/2022,52,2022,21,-19.4,-23.6,-21.5,39.5,0,0,1,0.8
-114.01,51.12,CALGARY INTL A,3031092,2/22/2022,53,2022,22,-18.3,-26.2,-22.3,40.3,0,0,0,0
-114.01,51.12,CALGARY INTL A,3031092,2/23/2022,54,2022,23,-9.3,-27,-18.2,36.2,0,0,0,0
-114.01,51.12,CALGARY INTL A,3031092,2/24/2022,55,2022,24,-5.2,-9.7,-7.5,25.5,0,0,3.8,2
-114.01,51.12,CALGARY INTL A,3031092,2/25/2022,56,2022,25,2.4,-13.8,-5.7,23.7,0,0,0,0
-114.01,51.12,CALGARY INTL A,3031092,2/26/2022,57,2022,26,9.4,-7.2,1.1,16.9,0,0,0,0
-114.01,51.12,CALGARY INTL A,3031092,2/27/2022,58,2022,27,10.1,3.1,6.6,11.4,0,0,0,0
-114.01,51.12,CALGARY INTL A,3031092,2/28/2022,59,2022,28,0.041666667,-11.06666667,-5.529166667,23.52916667,0,0,0,0
-114.01,51.12,CALGARY INTL A,3031092,3/1/2022,60,2022,1,12.3,-6.7,2.8,15.2,0,0,0,0
-114.01,51.12,CALGARY INTL A,3031092,3/2/2022,61,2022,2,8.2,-4.3,1.969230769,16.03076923,0,0,1.2,1.2
-114.01,51.12,CALGARY INTL A,3031092,3/3/2022,62,2022,3,-6.2,-9.6,-7.9,25.9,0,0,5.6,4.7
-114.01,51.12,CALGARY INTL A,3031092,3/4/2022,63,2022,4,-5.8,-10.6,-8.2,26.2,0,0,2,1.2
-114.01,51.12,CALGARY INTL A,3031092,3/5/2022,64,2022,5,-1.8,-10,-5.9,23.9,0,0,0.4,0.4
-114.01,51.12,CALGARY INTL A,3031092,3/6/2022,65,2022,6,1.1,-7.1,-3,21,0,0,0,0
-114.01,51.12,CALGARY INTL A,3031092,3/7/2022,66,2022,7,4.2,-6.8,-1.3,19.3,0,0,0,0
-114.01,51.12,CALGARY INTL A,3031092,3/8/2022,67,2022,8,8.2,-4.3,1.969230769,16.03076923,0,0,0.6,0.6
-114.01,51.12,CALGARY INTL A,3031092,3/9/2022,68,2022,9,8.2,-4.3,1.969230769,16.03076923,0,0,0,0
-114.01,51.12,CALGARY INTL A,3031092,3/10/2022,69,2022,10,8.2,-4.3,1.969230769,16.03076923,0,0,0,0
-114.01,51.12,CALGARY INTL A,3031092,3/11/2022,70,2022,11,5.2,-15.6,-5.2,23.2,0,0,0,0
-114.01,51.12,CALGARY INTL A,3031092,3/12/2022,71,2022,12,9.5,1.1,5.3,12.7,0,0,0,0
-114.01,51.12,CALGARY INTL A,3031092,3/13/2022,72,2022,13,3.5,-2.2,0.7,17.3,0,0,0,0
-114.01,51.12,CALGARY INTL A,3031092,3/14/2022,73,2022,14,12.7,-2.4,5.2,12.8,0,0,0,0
-114.01,51.12,CALGARY INTL A,3031092,3/15/2022,74,2022,15,12.4,-0.7,5.9,12.1,0,0,0,0
-114.01,51.12,CALGARY INTL A,3031092,3/16/2022,75,2022,16,9.7,0.4,5.1,12.9,0,0,0,0
-114.01,51.12,CALGARY INTL A,3031092,3/17/2022,76,2022,17,12.1,-2.8,4.7,13.3,0,0,0,0
-114.01,51.12,CALGARY INTL A,3031092,3/18/2022,77,2022,18,10.3,-4.1,3.1,14.9,0,0,0,0
-114.01,51.12,CALGARY INTL A,3031092,3/19/2022,78,2022,19,11.8,-4.2,3.8,14.2,0,0,0,0
-114.01,51.12,CALGARY INTL A,3031092,3/20/2022,79,2022,20,5.5,-1.5,2,16,0,0,0.8,0.6
-114.01,51.12,CALGARY INTL A,3031092,3/21/2022,80,2022,21,11.2,0.3,5.8,12.2,0,0,0,0
-114.01,51.12,CALGARY INTL A,3031092,3/22/2022,81,2022,22,15.2,-1,7.1,10.9,0,0,0,0
-114.01,51.12,CALGARY INTL A,3031092,3/23/2022,82,2022,23,18.4,1.1,9.8,8.2,0,0,0,0
-114.01,51.12,CALGARY INTL A,3031092,3/24/2022,83,2022,24,5.7,-2.7,1.5,16.5,0,0,0.4,0.4
-114.01,51.12,CALGARY INTL A,3031092,3/25/2022,84,2022,25,8.6,-6.2,1.2,16.8,0,0,0,0
-114.01,51.12,CALGARY INTL A,3031092,3/26/2022,85,2022,26,6.1,-6.5,-0.2,18.2,0,0,0,0
-114.01,51.12,CALGARY INTL A,3031092,3/27/2022,86,2022,27,15.3,-4.4,5.5,12.5,0,0,0,0
-114.01,51.12,CALGARY INTL A,3031092,3/28/2022,87,2022,28,8.2,-4.3,1.969230769,16.03076923,0,0,0.366666667,0.31
-114.01,51.12,CALGARY INTL A,3031092,3/29/2022,88,2022,29,10.4,-6.5,2,16,0,0,0,0
-114.01,51.12,CALGARY INTL A,3031092,3/30/2022,89,2022,30,17.7,-3.5,7.1,10.9,0,0,0,0.2
-114.01,51.12,CALGARY INTL A,3031092,3/31/2022,90,2022,31,8.1,0.4,4.3,13.7,0,0,0,0
-114.01,51.12,CALGARY INTL A,3031092,4/1/2022,91,2022,1,9.4,-3.5,3,15,0,0,0,0
-114.01,51.12,CALGARY INTL A,3031092,4/2/2022,92,2022,2,11.7,-2,4.9,13.1,0,0,0,0
-114.01,51.12,CALGARY INTL A,3031092,4/3/2022,93,2022,3,10,-5.3,2.4,15.6,0,0,0,0
-114.01,51.12,CALGARY INTL A,3031092,4/4/2022,94,2022,4,13.5,0.3,6.9,11.1,0,0,0,0
-114.01,51.12,CALGARY INTL A,3031092,4/5/2022,95,2022,5,9.8,2.7,6.3,11.7,0,0,0,0
-114.01,51.12,CALGARY INTL A,3031092,4/6/2022,96,2022,6,8.7,-0.9,3.9,14.1,0,0,0,0
-114.01,51.12,CALGARY INTL A,3031092,4/7/2022,97,2022,7,17.5,-4.6,6.5,11.5,0,0,0,0
-114.01,51.12,CALGARY INTL A,3031092,4/8/2022,98,2022,8,21.1,4.6,12.9,5.1,0,0,0,0
-114.01,51.12,CALGARY INTL A,3031092,4/9/2022,99,2022,9,6.8,1.6,4.2,13.8,0,0,0.4,0.4
-114.01,51.12,CALGARY INTL A,3031092,4/10/2022,100,2022,10,3.2,-5.5,-1.2,19.2,0,0,0,0
-114.01,51.12,CALGARY INTL A,3031092,4/11/2022,101,2022,11,0.6,-8.7,-4.1,22.1,0,0,0,0
-114.01,51.12,CALGARY INTL A,3031092,4/12/2022,102,2022,12,-7.8,-11.2,-9.5,27.5,0,0,1.6,0.6
-114.01,51.12,CALGARY INTL A,3031092,4/13/2022,103,2022,13,-5.2,-10.2,-7.7,25.7,0,0,2.2,1.8
-114.01,51.12,CALGARY INTL A,3031092,4/14/2022,104,2022,14,-5.3,-10.3,-7.8,25.8,0,0,1.2,1.2
-114.01,51.12,CALGARY INTL A,3031092,4/15/2022,105,2022,15,-2,-9.5,-5.8,23.8,0,0,1,1
-114.01,51.12,CALGARY INTL A,3031092,4/16/2022,106,2022,16,4.2,-10.7,-3.3,21.3,0,0,0,0
-114.01,51.12,CALGARY INTL A,3031092,4/17/2022,107,2022,17,6,-8.2,-1.1,19.1,0,0,0,0
-114.01,51.12,CALGARY INTL A,3031092,4/18/2022,108,2022,18,9.7,-7.2,1.3,16.7,0,0,0,0
-114.01,51.12,CALGARY INTL A,3031092,4/19/2022,109,2022,19,3.6,-2.4,0.6,17.4,0,0,22.3,21.2
-114.01,51.12,CALGARY INTL A,3031092,4/20/2022,110,2022,20,0.8,-3.8,-1.5,19.5,0,0,1,0.6
-114.01,51.12,CALGARY INTL A,3031092,4/21/2022,111,2022,21,5.5,-4.8,0.4,17.6,0,0,0,0
-114.01,51.12,CALGARY INTL A,3031092,4/22/2022,112,2022,22,2,-0.6,0.7,17.3,0,0,13.4,11.8
-114.01,51.12,CALGARY INTL A,3031092,4/23/2022,113,2022,23,10.3,-2.1,4.1,13.9,0,0,0,0
-114.01,51.12,CALGARY INTL A,3031092,4/24/2022,114,2022,24,15.1,-1.2,7,11,0,0,0,0
-114.01,51.12,CALGARY INTL A,3031092,4/25/2022,115,2022,25,17.3,-0.5,8.4,9.6,0,0,0,0
-114.01,51.12,CALGARY INTL A,3031092,4/26/2022,116,2022,26,14.7,3.8,9.3,8.7,0,0,1.486206897,2
-114.01,51.12,CALGARY INTL A,3031092,4/27/2022,117,2022,27,12,-0.3,5.9,12.1,0,0,0,0
-114.01,51.12,CALGARY INTL A,3031092,4/28/2022,118,2022,28,11.8,-4.3,3.8,14.2,0,0,0,0
-114.01,51.12,CALGARY INTL A,3031092,4/29/2022,119,2022,29,12.6,-0.3,6.2,11.8,0,0,0,0
-114.01,51.12,CALGARY INTL A,3031092,4/30/2022,120,2022,30,13.8,-0.5,6.7,11.3,0,0,0,0
-114.01,51.12,CALGARY INTL A,3031092,5/1/2022,121,2022,1,14.9,3.9,9.4,8.6,0,0,0,0
-114.01,51.12,CALGARY INTL A,3031092,5/2/2022,122,2022,2,16.5,1.6,9.1,8.9,0,0,0,0
-114.01,51.12,CALGARY INTL A,3031092,5/3/2022,123,2022,3,18.8,2.7,10.8,7.2,0,0,0,0
-114.01,51.12,CALGARY INTL A,3031092,5/4/2022,124,2022,4,20.1,8.3,14.2,3.8,0,0,0,0
-114.01,51.12,CALGARY INTL A,3031092,5/5/2022,125,2022,5,20.9,9.4,15.2,2.8,0,0,0,0
-114.01,51.12,CALGARY INTL A,3031092,5/6/2022,126,2022,6,16.8,6.8,11.8,6.2,0,0,0,0
-114.01,51.12,CALGARY INTL A,3031092,5/7/2022,127,2022,7,15.7,2.8,9.3,8.7,0,0,0,0
-114.01,51.12,CALGARY INTL A,3031092,5/8/2022,128,2022,8,10.9,0.3,5.6,12.4,0,3,0.8,3.8
-114.01,51.12,CALGARY INTL A,3031092,5/9/2022,129,2022,9,8.5,0.4,4.5,13.5,0,1,0,1
-114.01,51.12,CALGARY INTL A,3031092,5/10/2022,130,2022,10,9.6,-0.1,4.8,13.2,0,1.2,0,1.2
-114.01,51.12,CALGARY INTL A,3031092,5/11/2022,131,2022,11,13.2,0.8,7,11,0,0,0,0
-114.01,51.12,CALGARY INTL A,3031092,5/12/2022,132,2022,12,16.7,-0.5,8.1,9.9,0,0,0,0
-114.01,51.12,CALGARY INTL A,3031092,5/13/2022,133,2022,13,13.7,-0.8,6.5,11.5,0,0,0,0
-114.01,51.12,CALGARY INTL A,3031092,5/14/2022,134,2022,14,16.5,3.5,10,8,0,0,0,0
-114.01,51.12,CALGARY INTL A,3031092,5/15/2022,135,2022,15,18.4,1.2,9.8,8.2,0,0,0,0
-114.01,51.12,CALGARY INTL A,3031092,5/16/2022,136,2022,16,21,6,13.5,4.5,0,0,0,0
-114.01,51.12,CALGARY INTL A,3031092,5/17/2022,137,2022,17,12.8,4.5,8.7,9.3,0,2.7,0,2.7
-114.01,51.12,CALGARY INTL A,3031092,5/18/2022,138,2022,18,17.1,1.9,9.5,8.5,0,0,0,0
-114.01,51.12,CALGARY INTL A,3031092,5/19/2022,139,2022,19,7.4,1.8,4.6,13.4,0,3.2,0,3.2
-114.01,51.12,CALGARY INTL A,3031092,5/20/2022,140,2022,20,16.30344828,3.765517241,10.05517241,7.944827586,0,0.376666667,0.2,0.403333333
-114.01,51.12,CALGARY INTL A,3031092,5/21/2022,141,2022,21,16.30344828,3.765517241,10.05517241,7.944827586,0,0,0,0
-114.01,51.12,CALGARY INTL A,3031092,5/22/2022,142,2022,22,16.6,-1.5,7.6,10.4,0,0,0,0
-114.01,51.12,CALGARY INTL A,3031092,5/23/2022,143,2022,23,18.7,1.5,10.1,7.9,0,0.2,0,0.2
-114.01,51.12,CALGARY INTL A,3031092,5/24/2022,144,2022,24,17.4,7.4,12.4,5.6,0,0,0,0
-114.01,51.12,CALGARY INTL A,3031092,5/25/2022,145,2022,25,20,7.2,13.6,4.4,0,0,0,0
-114.01,51.12,CALGARY INTL A,3031092,5/26/2022,146,2022,26,20.3,4.8,12.6,5.4,0,0,0,0
-114.01,51.12,CALGARY INTL A,3031092,5/27/2022,147,2022,27,21.5,9.7,15.6,2.4,0,0,0,0
-114.01,51.12,CALGARY INTL A,3031092,5/28/2022,148,2022,28,19.1,8.1,13.6,4.4,0,0,0,0
-114.01,51.12,CALGARY INTL A,3031092,5/29/2022,149,2022,29,15.7,8.2,12,6,0,0,0,0
-114.01,51.12,CALGARY INTL A,3031092,5/30/2022,150,2022,30,15.9,6.9,11.4,6.6,0,0,0,0
-114.01,51.12,CALGARY INTL A,3031092,5/31/2022,151,2022,31,18.1,2.4,10.3,7.7,0,0,0,0
-114.01,51.12,CALGARY INTL A,3031092,6/1/2022,152,2022,1,19,7.6,13.3,4.7,0,0,0,0
-114.01,51.12,CALGARY INTL A,3031092,6/2/2022,153,2022,2,21.2,2.1,11.7,6.3,0,0,0,0
-114.01,51.12,CALGARY INTL A,3031092,6/3/2022,154,2022,3,19.75714286,8.7,14.25357143,3.782142857,0.035714286,0,0,0
-114.01,51.12,CALGARY INTL A,3031092,6/4/2022,155,2022,4,21.7,9.5,15.6,2.4,0,1.2,0,1.2
-114.01,51.12,CALGARY INTL A,3031092,6/5/2022,156,2022,5,16.1,7.7,11.9,6.1,0,10.9,0,10.9
-114.01,51.12,CALGARY INTL A,3031092,6/6/2022,157,2022,6,17.6,9.6,13.6,4.4,0,24.2,0,24.2
-114.01,51.12,CALGARY INTL A,3031092,6/7/2022,158,2022,7,16.8,8.8,12.8,5.2,0,3.8,0,3.8
-114.01,51.12,CALGARY INTL A,3031092,6/8/2022,159,2022,8,22.2,6.5,14.4,3.6,0,0,0,0
-114.01,51.12,CALGARY INTL A,3031092,6/9/2022,160,2022,9,23.3,7.7,15.5,2.5,0,0,0,0
-114.01,51.12,CALGARY INTL A,3031092,6/10/2022,161,2022,10,23.9,9.3,16.6,1.4,0,0,0,0
-114.01,51.12,CALGARY INTL A,3031092,6/11/2022,162,2022,11,22,12.7,17.4,0.6,0,0,0,0
-114.01,51.12,CALGARY INTL A,3031092,6/12/2022,163,2022,12,18.6,7.9,13.3,4.7,0,2.8,0,2.8
-114.01,51.12,CALGARY INTL A,3031092,6/13/2022,164,2022,13,15,9.2,12.1,5.9,0,26.1,0,26.1
-114.01,51.12,CALGARY INTL A,3031092,6/14/2022,165,2022,14,12.3,8.1,10.2,7.8,0,34.3,0,34.3
-114.01,51.12,CALGARY INTL A,3031092,6/15/2022,166,2022,15,16.1,9.2,12.7,5.3,0,1.8,0,1.8
-114.01,51.12,CALGARY INTL A,3031092,6/16/2022,167,2022,16,19.3,8,13.7,4.3,0,0,0,0
-114.01,51.12,CALGARY INTL A,3031092,6/17/2022,168,2022,17,20.7,12,16.4,1.6,0,1.2,0,1.2
-114.01,51.12,CALGARY INTL A,3031092,6/18/2022,169,2022,18,19.75714286,8.7,14.25357143,3.782142857,0.035714286,7.6,0,7.6
-114.01,51.12,CALGARY INTL A,3031092,6/19/2022,170,2022,19,19.5,11,15.3,2.7,0,0,0,0
-114.01,51.12,CALGARY INTL A,3031092,6/20/2022,171,2022,20,19.4,9.6,14.5,3.5,0,0.8,0,0.8
-114.01,51.12,CALGARY INTL A,3031092,6/21/2022,172,2022,21,23,7.6,15.3,2.7,0,0,0,0
-114.01,51.12,CALGARY INTL A,3031092,6/22/2022,173,2022,22,26.3,11.7,19,0,1,0,0,0
-114.01,51.12,CALGARY INTL A,3031092,6/23/2022,174,2022,23,13.3,7.2,10.3,7.7,0,14.8,0,14.8
-114.01,51.12,CALGARY INTL A,3031092,6/24/2022,175,2022,24,15.2,6.9,11.1,6.9,0,2,0,2
-114.01,51.12,CALGARY INTL A,3031092,6/25/2022,176,2022,25,19.7,7.3,13.5,4.5,0,0,0,0
-114.01,51.12,CALGARY INTL A,3031092,6/26/2022,177,2022,26,23.9,7.3,15.6,2.4,0,0,0,0
-114.01,51.12,CALGARY INTL A,3031092,6/27/2022,178,2022,27,24.8,8.3,16.6,1.4,0,0,0,0
-114.01,51.12,CALGARY INTL A,3031092,6/28/2022,179,2022,28,23.1,10.2,16.7,1.3,0,1.4,0,1.4
-114.01,51.12,CALGARY INTL A,3031092,6/29/2022,180,2022,29,18.4,10.5,14.5,3.5,0,5,0,5
-114.01,51.12,CALGARY INTL A,3031092,6/30/2022,181,2022,30,20.8,10.1,15.5,2.5,0,0,0,0
-114.01,51.12,CALGARY INTL A,3031092,7/1/2022,182,2022,1,23.5,10.8,17.2,0.8,0,17.6,0,17.6
-114.01,51.12,CALGARY INTL A,3031092,7/2/2022,183,2022,2,17,10.6,13.8,4.2,0,1,0,1
-114.01,51.12,CALGARY INTL A,3031092,7/3/2022,184,2022,3,13.9,10.2,12.1,5.9,0,0.6,0,0.6
-114.01,51.12,CALGARY INTL A,3031092,7/4/2022,185,2022,4,14.6,10.4,12.5,5.5,0,5.7,0,5.7
-114.01,51.12,CALGARY INTL A,3031092,7/5/2022,186,2022,5,21.8,9.7,15.8,2.2,0,10.4,0,10.4
-114.01,51.12,CALGARY INTL A,3031092,7/6/2022,187,2022,6,18.1,7.6,12.9,5.1,0,0,0,0
-114.01,51.12,CALGARY INTL A,3031092,7/7/2022,188,2022,7,24.66666667,12.3,18.50740741,0.981481481,1.488888889,17,0,17
-114.01,51.12,CALGARY INTL A,3031092,7/8/2022,189,2022,8,24.66666667,12.3,18.50740741,0.981481481,1.488888889,0,0,0
-114.01,51.12,CALGARY INTL A,3031092,7/9/2022,190,2022,9,25.8,11.9,18.9,0,0.9,0.2,0,0.2
-114.01,51.12,CALGARY INTL A,3031092,7/10/2022,191,2022,10,24.4,11.4,17.9,0.1,0,0.4,0,0.4
-114.01,51.12,CALGARY INTL A,3031092,7/11/2022,192,2022,11,25,11,18,0,0,0,0,0
-114.01,51.12,CALGARY INTL A,3031092,7/12/2022,193,2022,12,30.1,13.7,21.9,0,3.9,0,0,0
-114.01,51.12,CALGARY INTL A,3031092,7/13/2022,194,2022,13,24.5,12.1,18.3,0,0.3,0,0,0
-114.01,51.12,CALGARY INTL A,3031092,7/14/2022,195,2022,14,24.66666667,12.3,18.50740741,0.981481481,1.488888889,2.136666667,0,2.136666667
-114.01,51.12,CALGARY INTL A,3031092,7/15/2022,196,2022,15,30,12.5,21.3,0,3.3,0,0,0
-114.01,51.12,CALGARY INTL A,3031092,7/16/2022,197,2022,16,24.66666667,12.3,18.50740741,0.981481481,1.488888889,0,0,0
-114.01,51.12,CALGARY INTL A,3031092,7/17/2022,198,2022,17,23.8,15.2,19.5,0,1.5,0,0,0
-114.01,51.12,CALGARY INTL A,3031092,7/18/2022,199,2022,18,19.8,12.9,16.4,1.6,0,3,0,3
-114.01,51.12,CALGARY INTL A,3031092,7/19/2022,200,2022,19,28.9,13.8,21.4,0,3.4,0,0,0
-114.01,51.12,CALGARY INTL A,3031092,7/20/2022,201,2022,20,25.5,9.6,17.6,0.4,0,0,0,0
-114.01,51.12,CALGARY INTL A,3031092,7/21/2022,202,2022,21,28.2,11.2,19.7,0,1.7,0,0,0
-114.01,51.12,CALGARY INTL A,3031092,7/22/2022,203,2022,22,23.1,12.3,17.7,0.3,0,0.8,0,0.8
-114.01,51.12,CALGARY INTL A,3031092,7/23/2022,204,2022,23,25.4,11.5,18.5,0,0.5,0,0,0
-114.01,51.12,CALGARY INTL A,3031092,7/24/2022,205,2022,24,27.1,12.5,19.8,0,1.8,0,0,0
-114.01,51.12,CALGARY INTL A,3031092,7/25/2022,206,2022,25,21.9,13.3,17.6,0.4,0,1.4,0,1.4
-114.01,51.12,CALGARY INTL A,3031092,7/26/2022,207,2022,26,24.4,14,19.2,0,1.2,0,0,0
-114.01,51.12,CALGARY INTL A,3031092,7/27/2022,208,2022,27,28.6,15,21.8,0,3.8,0,0,0
-114.01,51.12,CALGARY INTL A,3031092,7/28/2022,209,2022,28,30.9,14.8,22.9,0,4.9,0,0,0
-114.01,51.12,CALGARY INTL A,3031092,7/29/2022,210,2022,29,31.7,15.3,23.5,0,5.5,2.8,0,2.8
-114.01,51.12,CALGARY INTL A,3031092,7/30/2022,211,2022,30,28.2,15.3,21.8,0,3.8,3.2,0,3.2
-114.01,51.12,CALGARY INTL A,3031092,7/31/2022,212,2022,31,29.8,13.5,21.7,0,3.7,0,0,0
-114.01,51.12,CALGARY INTL A,3031092,8/1/2022,213,2022,1,30.7,14.1,22.4,0,4.4,0,0,0
-114.01,51.12,CALGARY INTL A,3031092,8/2/2022,214,2022,2,23.8,13.7,18.8,0,0.8,0.2,0,0.2
-114.01,51.12,CALGARY INTL A,3031092,8/3/2022,215,2022,3,28.2,13.8,21,0,3,0,0,0
-114.01,51.12,CALGARY INTL A,3031092,8/4/2022,216,2022,4,21.9,10.5,16.2,1.8,0,0,0,0
-114.01,51.12,CALGARY INTL A,3031092,8/5/2022,217,2022,5,18.7,8.7,13.7,4.3,0,0,0,0
-114.01,51.12,CALGARY INTL A,3031092,8/6/2022,218,2022,6,26.1,7.3,16.7,1.3,0,0,0,0
-114.01,51.12,CALGARY INTL A,3031092,8/7/2022,219,2022,7,30,13.4,21.7,0,3.7,0,0,0
-114.01,51.12,CALGARY INTL A,3031092,8/8/2022,220,2022,8,29.3,14,21.7,0,3.7,0,0,0
-114.01,51.12,CALGARY INTL A,3031092,8/9/2022,221,2022,9,27.5,13.7,20.6,0,2.6,0,0,0
-114.01,51.12,CALGARY INTL A,3031092,8/10/2022,222,2022,10,27.7,16.4,22.1,0,4.1,0,0,0
-114.01,51.12,CALGARY INTL A,3031092,8/11/2022,223,2022,11,31.7,15.6,23.7,0,5.7,0,0,0
-114.01,51.12,CALGARY INTL A,3031092,8/12/2022,224,2022,12,31.6,14.2,22.9,0,4.9,5.6,0,5.6
-114.01,51.12,CALGARY INTL A,3031092,8/13/2022,225,2022,13,30.7,14,22.4,0,4.4,0,0,0
-114.01,51.12,CALGARY INTL A,3031092,8/14/2022,226,2022,14,28.4,12.4,20.4,0,2.4,0,0,0
-114.01,51.12,CALGARY INTL A,3031092,8/15/2022,227,2022,15,27,12.2,19.6,0,1.6,0,0,0
-114.01,51.12,CALGARY INTL A,3031092,8/16/2022,228,2022,16,31.1,10.3,20.7,0,2.7,0,0,0
-114.01,51.12,CALGARY INTL A,3031092,8/17/2022,229,2022,17,27.3,13.1,20.2,0,2.2,0,0,0
-114.01,51.12,CALGARY INTL A,3031092,8/18/2022,230,2022,18,31,11.7,21.4,0,3.4,0,0,0
-114.01,51.12,CALGARY INTL A,3031092,8/19/2022,231,2022,19,31.7,15.8,23.8,0,5.8,0,0,0
-114.01,51.12,CALGARY INTL A,3031092,8/20/2022,232,2022,20,27.2,15.1,21.2,0,3.2,0,0,0
-114.01,51.12,CALGARY INTL A,3031092,8/21/2022,233,2022,21,26.2,15.1,20.7,0,2.7,3.2,0,3.2
-114.01,51.12,CALGARY INTL A,3031092,8/22/2022,234,2022,22,27.4,12.8,20.1,0,2.1,8.6,0,8.6
-114.01,51.12,CALGARY INTL A,3031092,8/23/2022,235,2022,23,18.2,14.9,16.6,1.4,0,1.9,0,1.9
-114.01,51.12,CALGARY INTL A,3031092,8/24/2022,236,2022,24,24.7,13,18.9,0,0.9,0,0,0
-114.01,51.12,CALGARY INTL A,3031092,8/25/2022,237,2022,25,24.8,10.6,17.7,0.3,0,0,0,0
-114.01,51.12,CALGARY INTL A,3031092,8/26/2022,238,2022,26,27.5,11.7,19.6,0,1.6,0,0,0
-114.01,51.12,CALGARY INTL A,3031092,8/27/2022,239,2022,27,20.1,10.7,15.4,2.6,0,10.6,0,10.6
-114.01,51.12,CALGARY INTL A,3031092,8/28/2022,240,2022,28,22.4,10.5,16.5,1.5,0,0,0,0
-114.01,51.12,CALGARY INTL A,3031092,8/29/2022,241,2022,29,27.7,9.4,18.6,0,0.6,0,0,0
-114.01,51.12,CALGARY INTL A,3031092,8/30/2022,242,2022,30,30.5,12.6,21.6,0,3.6,0,0,0
-114.01,51.12,CALGARY INTL A,3031092,8/31/2022,243,2022,31,32,14.5,23.3,0,5.3,0,0,0
-114.01,51.12,CALGARY INTL A,3031092,9/1/2022,244,2022,1,26.8,15.2,21,0,3,0,0,0
-114.01,51.12,CALGARY INTL A,3031092,9/2/2022,245,2022,2,30.5,10.6,20.6,0,2.6,0,0,0
-114.01,51.12,CALGARY INTL A,3031092,9/3/2022,246,2022,3,32.7,11.9,22.3,0,4.3,0,0,0
-114.01,51.12,CALGARY INTL A,3031092,9/4/2022,247,2022,4,31.8,17,24.4,0,6.4,0,0,0
-114.01,51.12,CALGARY INTL A,3031092,9/5/2022,248,2022,5,23.7,10.9,17.3,0.7,0,0,0,0
-114.01,51.12,CALGARY INTL A,3031092,9/6/2022,249,2022,6,23.1,5.5,14.3,3.7,0,0,0,0
-114.01,51.12,CALGARY INTL A,3031092,9/7/2022,250,2022,7,29.4,9.1,19.3,0,1.3,0,0,0
-114.01,51.12,CALGARY INTL A,3031092,9/8/2022,251,2022,8,16.8,9.3,13.1,4.9,0,1.2,0,1.2
-114.01,51.12,CALGARY INTL A,3031092,9/9/2022,252,2022,9,16.5,6.4,11.5,6.5,0,1.8,0,1.8
-114.01,51.12,CALGARY INTL A,3031092,9/10/2022,253,2022,10,26,4,15,3,0,0,0,0
-114.01,51.12,CALGARY INTL A,3031092,9/11/2022,254,2022,11,28.9,8.7,18.8,0,0.8,0,0,0
-114.01,51.12,CALGARY INTL A,3031092,9/12/2022,255,2022,12,20,11.1,15.6,2.4,0,0,0,0
-114.01,51.12,CALGARY INTL A,3031092,9/13/2022,256,2022,13,20.1,10.2,15.2,2.8,0,0,0,0
-114.01,51.12,CALGARY INTL A,3031092,9/14/2022,257,2022,14,21.1,9.5,15.3,2.7,0,0,0,0
-114.01,51.12,CALGARY INTL A,3031092,9/15/2022,258,2022,15,22.9,7.5,15.2,2.8,0,0,0,0
-114.01,51.12,CALGARY INTL A,3031092,9/16/2022,259,2022,16,22.1,7.8,15,3,0,0,0,0
-114.01,51.12,CALGARY INTL A,3031092,9/17/2022,260,2022,17,17.8,6.7,12.3,5.7,0,0,0,0
-114.01,51.12,CALGARY INTL A,3031092,9/18/2022,261,2022,18,18.3,2.5,10.4,7.6,0,0,0,0
-114.01,51.12,CALGARY INTL A,3031092,9/19/2022,262,2022,19,12.7,4.1,8.4,9.6,0,7.8,0,7.8
-114.01,51.12,CALGARY INTL A,3031092,9/20/2022,263,2022,20,13.7,1.6,7.7,10.3,0,0,0,0
-114.01,51.12,CALGARY INTL A,3031092,9/21/2022,264,2022,21,16.7,-0.1,8.3,9.7,0,0,0,0
-114.01,51.12,CALGARY INTL A,3031092,9/22/2022,265,2022,22,17.5,4,10.8,7.2,0,0,0,0
-114.01,51.12,CALGARY INTL A,3031092,9/23/2022,266,2022,23,19.6,5.3,12.5,5.5,0,0,0,0
-114.01,51.12,CALGARY INTL A,3031092,9/24/2022,267,2022,24,21.7,9.8,15.8,2.2,0,0,0,0
-114.01,51.12,CALGARY INTL A,3031092,9/25/2022,268,2022,25,22.9,3.9,13.4,4.6,0,0,0,0
-114.01,51.12,CALGARY INTL A,3031092,9/26/2022,269,2022,26,25,6.3,15.7,2.3,0,0,0,0
-114.01,51.12,CALGARY INTL A,3031092,9/27/2022,270,2022,27,27.3,8.8,18.1,0,0.1,0,0,0
-114.01,51.12,CALGARY INTL A,3031092,9/28/2022,271,2022,28,28.2,7.9,18.1,0,0.1,0,0,0
-114.01,51.12,CALGARY INTL A,3031092,9/29/2022,272,2022,29,22.1,9.6,15.9,2.1,0,0,0,0
-114.01,51.12,CALGARY INTL A,3031092,9/30/2022,273,2022,30,16.3,9.6,13,5,0,0,0,0
-114.01,51.12,CALGARY INTL A,3031092,10/1/2022,274,2022,1,22,5.4,13.7,4.3,0,0,0,0
-114.01,51.12,CALGARY INTL A,3031092,10/2/2022,275,2022,2,23.6,5,14.3,3.7,0,0,0,0
-114.01,51.12,CALGARY INTL A,3031092,10/3/2022,276,2022,3,23.4,6.8,15.1,2.9,0,0,0,0
-114.01,51.12,CALGARY INTL A,3031092,10/4/2022,277,2022,4,23.2,6.8,15,3,0,0,0,0
-114.01,51.12,CALGARY INTL A,3031092,10/5/2022,278,2022,5,18.3,3.9,11.1,6.9,0,0,0,0
-114.01,51.12,CALGARY INTL A,3031092,10/6/2022,279,2022,6,16.4,2,9.2,8.8,0,0,0,0
-114.01,51.12,CALGARY INTL A,3031092,10/7/2022,280,2022,7,20.8,3.1,12,6,0,0,0,0
-114.01,51.12,CALGARY INTL A,3031092,10/8/2022,281,2022,8,22.6,3.7,13.2,4.8,0,0,0,0
-114.01,51.12,CALGARY INTL A,3031092,10/9/2022,282,2022,9,20.2,5.1,12.7,5.3,0,0,0,0
-114.01,51.12,CALGARY INTL A,3031092,10/10/2022,283,2022,10,22.2,5.2,13.7,4.3,0,3.4,0,3.4
-114.01,51.12,CALGARY INTL A,3031092,10/11/2022,284,2022,11,13.8,2.6,8.2,9.8,0,0,0,0
-114.01,51.12,CALGARY INTL A,3031092,10/12/2022,285,2022,12,13.6,2.8,8.2,9.8,0,0,0,0
-114.01,51.12,CALGARY INTL A,3031092,10/13/2022,286,2022,13,21.3,-0.4,10.5,7.5,0,0,0,0
-114.01,51.12,CALGARY INTL A,3031092,10/14/2022,287,2022,14,19.8,6.5,13.2,4.8,0,0,0,0
-114.01,51.12,CALGARY INTL A,3031092,10/15/2022,288,2022,15,16.3,1.8,9.1,8.9,0,0,0,0
-114.01,51.12,CALGARY INTL A,3031092,10/16/2022,289,2022,16,19.4,2.7,11.1,6.9,0,0,0,0
-114.01,51.12,CALGARY INTL A,3031092,10/17/2022,290,2022,17,25.4,3.8,14.6,3.4,0,0,0,0
-114.01,51.12,CALGARY INTL A,3031092,10/18/2022,291,2022,18,24.4,3.4,13.9,4.1,0,0,0,0
-114.01,51.12,CALGARY INTL A,3031092,10/19/2022,292,2022,19,24.9,2.8,13.9,4.1,0,0,0,0
-114.01,51.12,CALGARY INTL A,3031092,10/20/2022,293,2022,20,19.8,5.8,12.8,5.2,0,0,0,0
-114.01,51.12,CALGARY INTL A,3031092,10/21/2022,294,2022,21,6.2,0.9,3.6,14.4,0,2.2,0,2.2
-114.01,51.12,CALGARY INTL A,3031092,10/22/2022,295,2022,22,1,-0.3,0.4,17.6,0,0,21,20.6
-114.01,51.12,CALGARY INTL A,3031092,10/23/2022,296,2022,23,2.4,-4.1,-0.9,18.9,0,0,3.2,3.1
-114.01,51.12,CALGARY INTL A,3031092,10/24/2022,297,2022,24,6.5,-5.6,0.5,17.5,0,0,0,0
-114.01,51.12,CALGARY INTL A,3031092,10/25/2022,298,2022,25,4.4,-4.2,0.1,17.9,0,0,0,0
-114.01,51.12,CALGARY INTL A,3031092,10/26/2022,299,2022,26,9,-4,2.5,15.5,0,0,0,0
-114.01,51.12,CALGARY INTL A,3031092,10/27/2022,300,2022,27,13,2.4,7.7,10.3,0,0,0,0
-114.01,51.12,CALGARY INTL A,3031092,10/28/2022,301,2022,28,12.3,-0.3,6,12,0,0,0,0
-114.01,51.12,CALGARY INTL A,3031092,10/29/2022,302,2022,29,12.4,-1.9,5.3,12.7,0,0,0,0
-114.01,51.12,CALGARY INTL A,3031092,10/30/2022,303,2022,30,13.4,3,8.2,9.8,0,0,0,0
-114.01,51.12,CALGARY INTL A,3031092,10/31/2022,304,2022,31,8.3,0.2,4.3,13.7,0,0,0,0
-114.01,51.12,CALGARY INTL A,3031092,11/1/2022,305,2022,1,3.4,-3.6,-0.1,18.1,0,0,4.5,4.5
-114.01,51.12,CALGARY INTL A,3031092,11/2/2022,306,2022,2,-3.4,-9.2,-6.3,24.3,0,0,6.4,6.4
-114.01,51.12,CALGARY INTL A,3031092,11/3/2022,307,2022,3,-0.8,-14.3,-7.6,25.6,0,0,0,0
-114.01,51.12,CALGARY INTL A,3031092,11/4/2022,308,2022,4,4.1,-4.6,-0.3,18.3,0,0,0,0
-114.01,51.12,CALGARY INTL A,3031092,11/5/2022,309,2022,5,-1.4,-10.4,-5.9,23.9,0,0,1,3.9
-114.01,51.12,CALGARY INTL A,3031092,11/6/2022,310,2022,6,-10.4,-15,-12.7,30.7,0,0,2.1,2.9
-114.01,51.12,CALGARY INTL A,3031092,11/7/2022,311,2022,7,-15,-18.9,-17,35,0,0,9.8,9.2
-114.01,51.12,CALGARY INTL A,3031092,11/8/2022,312,2022,8,-15.3,-21.9,-18.6,36.6,0,0,0,0
-114.01,51.12,CALGARY INTL A,3031092,11/9/2022,313,2022,9,-15.5,-22.6,-19.1,37.1,0,0,0,0
-114.01,51.12,CALGARY INTL A,3031092,11/10/2022,314,2022,10,-5.1,-20.5,-12.8,30.8,0,0,0,0
-114.01,51.12,CALGARY INTL A,3031092,11/11/2022,315,2022,11,0.4,-14.2,-6.9,24.9,0,0,0,0
-114.01,51.12,CALGARY INTL A,3031092,11/12/2022,316,2022,12,-0.4,-12.7,-6.6,24.6,0,0,0,0
-114.01,51.12,CALGARY INTL A,3031092,11/13/2022,317,2022,13,3.5,-11.7,-4.1,22.1,0,0,0,0
-114.01,51.12,CALGARY INTL A,3031092,11/14/2022,318,2022,14,2.4,-7.6,-2.6,20.6,0,0,0,0
-114.01,51.12,CALGARY INTL A,3031092,11/15/2022,319,2022,15,5.9,-7.2,-0.7,18.7,0,0,0,0
-114.01,51.12,CALGARY INTL A,3031092,11/16/2022,320,2022,16,0.5,-7.2,-3.4,21.4,0,0,0,0
-114.01,51.12,CALGARY INTL A,3031092,11/17/2022,321,2022,17,-6.1,-13.2,-9.7,27.7,0,0,0,0
-114.01,51.12,CALGARY INTL A,3031092,11/18/2022,322,2022,18,1,-11.1,-5.1,23.1,0,0,0,0
-114.01,51.12,CALGARY INTL A,3031092,11/19/2022,323,2022,19,8.3,-12.5,-2.1,20.1,0,0,0,0
-114.01,51.12,CALGARY INTL A,3031092,11/20/2022,324,2022,20,5.2,-5.4,-0.1,18.1,0,0,0,0
-114.01,51.12,CALGARY INTL A,3031092,11/21/2022,325,2022,21,9.3,-6,1.7,16.3,0,0,0,0
-114.01,51.12,CALGARY INTL A,3031092,11/22/2022,326,2022,22,10.2,1.8,6,12,0,0,0,0
-114.01,51.12,CALGARY INTL A,3031092,11/23/2022,327,2022,23,6.9,-1.5,2.7,15.3,0,0,0,0
-114.01,51.12,CALGARY INTL A,3031092,11/24/2022,328,2022,24,11.3,-0.4,5.5,12.5,0,0,0,0
-114.01,51.12,CALGARY INTL A,3031092,11/25/2022,329,2022,25,12.4,-0.2,6.1,11.9,0,0,0,0
-114.01,51.12,CALGARY INTL A,3031092,11/26/2022,330,2022,26,5.5,-4.5,0.5,17.5,0,0,0,0
-114.01,51.12,CALGARY INTL A,3031092,11/27/2022,331,2022,27,3.7,-10.8,-3.6,21.6,0,0,1.4,1.4
-114.01,51.12,CALGARY INTL A,3031092,11/28/2022,332,2022,28,-10.3,-14.2,-12.3,30.3,0,0,0,0
-114.01,51.12,CALGARY INTL A,3031092,11/29/2022,333,2022,29,-14.2,-18.4,-16.3,34.3,0,0,0,0
-114.01,51.12,CALGARY INTL A,3031092,11/30/2022,334,2022,30,-15.9,-20.4,-18.2,36.2,0,0,4.2,4.2
-114.01,51.12,CALGARY INTL A,3031092,12/1/2022,335,2022,1,-20.1,-24,-22.1,40.1,0,0,1.6,1.6
-114.01,51.12,CALGARY INTL A,3031092,12/2/2022,336,2022,2,-15.4,-24.6,-20,38,0,0,0,0
-114.01,51.12,CALGARY INTL A,3031092,12/3/2022,337,2022,3,0,-19.2,-9.6,27.6,0,0,0,0
-114.01,51.12,CALGARY INTL A,3031092,12/4/2022,338,2022,4,2,-7,-2.5,20.5,0,0,0.8,0.6
-114.01,51.12,CALGARY INTL A,3031092,12/5/2022,339,2022,5,-6.9,-19.5,-13.2,31.2,0,0,6,5.4
-114.01,51.12,CALGARY INTL A,3031092,12/6/2022,340,2022,6,-19.5,-22.9,-21.2,39.2,0,0,3.7,3.5
-114.01,51.12,CALGARY INTL A,3031092,12/7/2022,341,2022,7,3.8,-22.4,-9.3,27.3,0,0,0,0
-114.01,51.12,CALGARY INTL A,3031092,12/8/2022,342,2022,8,1.1,-10.5,-4.7,22.7,0,0,0,0
-114.01,51.12,CALGARY INTL A,3031092,12/9/2022,343,2022,9,1.7,-12.3,-5.3,23.3,0,0,0,0
-114.01,51.12,CALGARY INTL A,3031092,12/10/2022,344,2022,10,-3.1,-13.5,-8.3,26.3,0,0,0,0
-114.01,51.12,CALGARY INTL A,3031092,12/11/2022,345,2022,11,-7.4,-16.4,-11.9,29.9,0,0,0,0
-114.01,51.12,CALGARY INTL A,3031092,12/12/2022,346,2022,12,-9.7,-15.6,-12.7,30.7,0,0,0,0
-114.01,51.12,CALGARY INTL A,3031092,12/13/2022,347,2022,13,2.2,-16.3,-7.1,25.1,0,0,0,0
-114.01,51.12,CALGARY INTL A,3031092,12/14/2022,348,2022,14,-0.2,-12.9,-6.6,24.6,0,0,0,0
-114.01,51.12,CALGARY INTL A,3031092,12/15/2022,349,2022,15,-0.4,-13.5,-7,25,0,0,0,0
-114.01,51.12,CALGARY INTL A,3031092,12/16/2022,350,2022,16,1.4,-12,-5.3,23.3,0,0,0,0
-114.01,51.12,CALGARY INTL A,3031092,12/17/2022,351,2022,17,-2.8,-21.5,-12.2,30.2,0,0,7.2,1.6
-114.01,51.12,CALGARY INTL A,3031092,12/18/2022,352,2022,18,-20.7,-24.9,-22.8,40.8,0,0,1.4,1.1
-114.01,51.12,CALGARY INTL A,3031092,12/19/2022,353,2022,19,-24.6,-30.4,-27.5,45.5,0,0,0,0
-114.01,51.12,CALGARY INTL A,3031092,12/20/2022,354,2022,20,-28.1,-32.2,-30.2,48.2,0,0,1.8,1.8
-114.01,51.12,CALGARY INTL A,3031092,12/21/2022,355,2022,21,-26.6,-31.5,-29.1,47.1,0,0,0.2,0.2
-114.01,51.12,CALGARY INTL A,3031092,12/22/2022,356,2022,22,-22.9,-31.6,-27.3,45.3,0,0,0,0
-114.01,51.12,CALGARY INTL A,3031092,12/23/2022,357,2022,23,-18.4,-28,-23.2,41.2,0,0,2.4,2
-114.01,51.12,CALGARY INTL A,3031092,12/24/2022,358,2022,24,5.4,-22.1,-8.4,26.4,0,0,0,0
-114.01,51.12,CALGARY INTL A,3031092,12/25/2022,359,2022,25,5.7,-9.6,-2,20,0,0,0,0
-114.01,51.12,CALGARY INTL A,3031092,12/26/2022,360,2022,26,10,-4.2,2.9,15.1,0,0,0,0
-114.01,51.12,CALGARY INTL A,3031092,12/27/2022,361,2022,27,4.9,-2,1.5,16.5,0,0.3,0,0.3
-114.01,51.12,CALGARY INTL A,3031092,12/28/2022,362,2022,28,-1.9,-7.7,-4.8,22.8,0,0,1,1
-114.01,51.12,CALGARY INTL A,3031092,12/29/2022,363,2022,29,-3.6,-11,-7.3,25.3,0,0,0,0
-114.01,51.12,CALGARY INTL A,3031092,12/30/2022,364,2022,30,2.2,-7.4,-2.6,20.6,0,0,0,0
-114.01,51.12,CALGARY INTL A,3031092,12/31/2022,365,2022,31,1.8,-10.4,-4.3,22.3,0,0,0,0
-114.01,51.12,CALGARY INTL A,3031092,1/1/2023,1,2023,1,2.4,-8.2,-2.9,20.9,0,0,0,0
-114.01,51.12,CALGARY INTL A,3031092,1/2/2023,2,2023,2,1.2,-12.1,-5.5,23.5,0,0,0,0
-114.01,51.12,CALGARY INTL A,3031092,1/3/2023,3,2023,3,1.1,-13,-6,24,0,0,0,0
-114.01,51.12,CALGARY INTL A,3031092,1/4/2023,4,2023,4,0.9,-11.6,-5.4,23.4,0,0,0,0
-114.01,51.12,CALGARY INTL A,3031092,1/5/2023,5,2023,5,-6.4,-15.8,-11.1,29.1,0,0,0,0
-114.01,51.12,CALGARY INTL A,3031092,1/6/2023,6,2023,6,9.7,-7.8,1,17,0,0,0,0
-114.01,51.12,CALGARY INTL A,3031092,1/7/2023,7,2023,7,7.1,-4.6,1.3,16.7,0,0,0,0
-114.01,51.12,CALGARY INTL A,3031092,1/8/2023,8,2023,8,2.5,-5.6,-1.6,19.6,0,0,0,0
-114.01,51.12,CALGARY INTL A,3031092,1/9/2023,9,2023,9,6.1,-5.7,0.2,17.8,0,0,0,0
-114.01,51.12,CALGARY INTL A,3031092,1/10/2023,10,2023,10,4.4,-9.7,-2.7,20.7,0,0,0,0
-114.01,51.12,CALGARY INTL A,3031092,1/11/2023,11,2023,11,-0.8,-13,-6.9,24.9,0,0,0,0
-114.01,51.12,CALGARY INTL A,3031092,1/12/2023,12,2023,12,6.2,-11.9,-2.9,20.9,0,0,0,0
-114.01,51.12,CALGARY INTL A,3031092,1/13/2023,13,2023,13,8.5,-3.3,2.6,15.4,0,0,0,0
-114.01,51.12,CALGARY INTL A,3031092,1/14/2023,14,2023,14,6.8,-2.5,2.2,15.8,0,0,0,0
-114.01,51.12,CALGARY INTL A,3031092,1/15/2023,15,2023,15,0.4,-5.8,-2.7,20.7,0,0,0,0
-114.01,51.12,CALGARY INTL A,3031092,1/16/2023,16,2023,16,-2.4,-10.2,-6.3,24.3,0,0,0,0
-114.01,51.12,CALGARY INTL A,3031092,1/17/2023,17,2023,17,4.5,-12.7,-4.1,22.1,0,0,0,0
-114.01,51.12,CALGARY INTL A,3031092,1/18/2023,18,2023,18,4.3,-9.9,-2.8,20.8,0,0,0,0
-114.01,51.12,CALGARY INTL A,3031092,1/19/2023,19,2023,19,4.7,-8.8,-2.1,20.1,0,0,0,0
-114.01,51.12,CALGARY INTL A,3031092,1/20/2023,20,2023,20,5,-7.2,-1.1,19.1,0,0,0,0
-114.01,51.12,CALGARY INTL A,3031092,1/21/2023,21,2023,21,2.086666667,-9.703333333,-3.82,21.82,0,0,0,0
-114.01,51.12,CALGARY INTL A,3031092,1/22/2023,22,2023,22,6.6,-7.5,-0.5,18.5,0,0,1.2,1.1
-114.01,51.12,CALGARY INTL A,3031092,1/23/2023,23,2023,23,4.8,-11.8,-3.5,21.5,0,0,0,0
-114.01,51.12,CALGARY INTL A,3031092,1/24/2023,24,2023,24,3.2,-4.7,-0.8,18.8,0,0,0,0
-114.01,51.12,CALGARY INTL A,3031092,1/25/2023,25,2023,25,5.3,-3.9,0.7,17.3,0,0,0.2,0.2
-114.01,51.12,CALGARY INTL A,3031092,1/26/2023,26,2023,26,9,-0.1,4.5,13.5,0,0,0,0
-114.01,51.12,CALGARY INTL A,3031092,1/27/2023,27,2023,27,1.3,-13.2,-6,24,0,0,16,13.8
-114.01,51.12,CALGARY INTL A,3031092,1/28/2023,28,2023,28,-13.1,-21.5,-17.3,35.3,0,0,2.4,1.2
-114.01,51.12,CALGARY INTL A,3031092,1/29/2023,29,2023,29,-9.2,-22.3,-15.8,33.8,0,0,0.6,0.4
-114.01,51.12,CALGARY INTL A,3031092,1/30/2023,30,2023,30,-6,-11,-8.5,26.5,0,0,2,1.6
-114.01,51.12,CALGARY INTL A,3031092,1/31/2023,31,2023,31,-5.5,-15.7,-10.6,28.6,0,0,0,0
-114.01,51.12,CALGARY INTL A,3031092,2/1/2023,32,2023,1,-8.8,-16.3,-12.6,30.6,0,0,0,0
-114.01,51.12,CALGARY INTL A,3031092,2/2/2023,33,2023,2,4.3,-17.2,-6.5,24.5,0,0,0,0
-114.01,51.12,CALGARY INTL A,3031092,2/3/2023,34,2023,3,10.2,-2.8,3.7,14.3,0,0,0,0
-114.01,51.12,CALGARY INTL A,3031092,2/4/2023,35,2023,4,7.7,-4.6,1.6,16.4,0,0,0,0
-114.01,51.12,CALGARY INTL A,3031092,2/5/2023,36,2023,5,7.7,-5,1.4,16.6,0,0,0,0
-114.01,51.12,CALGARY INTL A,3031092,2/6/2023,37,2023,6,8.7,-5.9,1.4,16.6,0,0,0,0
-114.01,51.12,CALGARY INTL A,3031092,2/7/2023,38,2023,7,7.9,-2,3,15,0,0,0,0
-114.01,51.12,CALGARY INTL A,3031092,2/8/2023,39,2023,8,4.2,-4.6,-0.2,18.2,0,0,0,0
-114.01,51.12,CALGARY INTL A,3031092,2/9/2023,40,2023,9,7.2,-7.9,-0.4,18.4,0,0,0,0
-114.01,51.12,CALGARY INTL A,3031092,2/10/2023,41,2023,10,7.6,-4.8,1.4,16.6,0,0,0,0
-114.01,51.12,CALGARY INTL A,3031092,2/11/2023,42,2023,11,7.5,-4.9,1.3,16.7,0,0,0,0
-114.01,51.12,CALGARY INTL A,3031092,2/12/2023,43,2023,12,10.9,-1.1,4.9,13.1,0,0,0,0
-114.01,51.12,CALGARY INTL A,3031092,2/13/2023,44,2023,13,8.5,-2.8,2.9,15.1,0,0,0,0
-114.01,51.12,CALGARY INTL A,3031092,2/14/2023,45,2023,14,-1.4,-10,-5.7,23.7,0,0,0,0
-114.01,51.12,CALGARY INTL A,3031092,2/15/2023,46,2023,15,3.4,-11.6,-4.1,22.1,0,0,0,0
-114.01,51.12,CALGARY INTL A,3031092,2/16/2023,47,2023,16,8.7,-8.3,0.2,17.8,0,0,0,0
-114.01,51.12,CALGARY INTL A,3031092,2/17/2023,48,2023,17,3.9,-6,-1.1,19.1,0,0,0,0
-114.01,51.12,CALGARY INTL A,3031092,2/18/2023,49,2023,18,4.1,-3.7,0.2,17.8,0,0,0,0
-114.01,51.12,CALGARY INTL A,3031092,2/19/2023,50,2023,19,6.7,-4.3,1.2,16.8,0,0,2,1.6
-114.01,51.12,CALGARY INTL A,3031092,2/20/2023,51,2023,20,-1.9,-10.5,-6.2,24.2,0,0,12.1,11.7
-114.01,51.12,CALGARY INTL A,3031092,2/21/2023,52,2023,21,-8.7,-20.2,-14.5,32.5,0,0,8.4,7.4
-114.01,51.12,CALGARY INTL A,3031092,2/22/2023,53,2023,22,-20,-26.2,-23.1,41.1,0,0,3.2,3
-114.01,51.12,CALGARY INTL A,3031092,2/23/2023,54,2023,23,-25.7,-29.7,-27.7,45.7,0,0,0.4,0.4
-114.01,51.12,CALGARY INTL A,3031092,2/24/2023,55,2023,24,-14.7,-28.4,-21.6,39.6,0,0,0,0
-114.01,51.12,CALGARY INTL A,3031092,2/25/2023,56,2023,25,-7,-19.4,-13.2,31.2,0,0,0,0
-114.01,51.12,CALGARY INTL A,3031092,2/26/2023,57,2023,26,-0.2,-14.3,-7.3,25.3,0,0,0,0
-114.01,51.12,CALGARY INTL A,3031092,2/27/2023,58,2023,27,-3.2,-13.4,-8.3,26.3,0,0,0,0
-114.01,51.12,CALGARY INTL A,3031092,2/28/2023,59,2023,28,-9.6,-14.1,-11.9,29.9,0,0,6,5.7
-114.01,51.12,CALGARY INTL A,3031092,3/1/2023,60,2023,1,-3.4,-12.9,-8.2,26.2,0,0,1.2,0.2
-114.01,51.12,CALGARY INTL A,3031092,3/2/2023,61,2023,2,5.2,-5.3,-0.1,18.1,0,0,0,0
-114.01,51.12,CALGARY INTL A,3031092,3/3/2023,62,2023,3,0.8,-7.8,-3.5,21.5,0,0,0.6,0.6
-114.01,51.12,CALGARY INTL A,3031092,3/4/2023,63,2023,4,-4.8,-16,-10.4,28.4,0,0,0.4,0.2
-114.01,51.12,CALGARY INTL A,3031092,3/5/2023,64,2023,5,-9.7,-17.2,-13.5,31.5,0,0,6.5,5.7
-114.01,51.12,CALGARY INTL A,3031092,3/6/2023,65,2023,6,-15.7,-20.2,-18,36,0,0,0.4,0.4
-114.01,51.12,CALGARY INTL A,3031092,3/7/2023,66,2023,7,-12.3,-18.3,-15.3,33.3,0,0,0.4,0.3
-114.01,51.12,CALGARY INTL A,3031092,3/8/2023,67,2023,8,-13.6,-15.8,-14.7,32.7,0,0,0.6,0.4
-114.01,51.12,CALGARY INTL A,3031092,3/9/2023,68,2023,9,-12.3,-19.3,-15.8,33.8,0,0,0.2,0.2
-114.01,51.12,CALGARY INTL A,3031092,3/10/2023,69,2023,10,-11.6,-20.3,-16,34,0,0,3.4,8.2
-114.01,51.12,CALGARY INTL A,3031092,3/11/2023,70,2023,11,-10.1,-17.1,-13.6,31.6,0,0,1,0.8
-114.01,51.12,CALGARY INTL A,3031092,3/12/2023,71,2023,12,-11.4,-17.5,-14.5,32.5,0,0,0,0
-114.01,51.12,CALGARY INTL A,3031092,3/13/2023,72,2023,13,-1.1,-16.8,-9,27,0,0,0,0
-114.01,51.12,CALGARY INTL A,3031092,3/14/2023,73,2023,14,1.5,-11,-4.8,22.8,0,0,0.4,0.4
-114.01,51.12,CALGARY INTL A,3031092,3/15/2023,74,2023,15,0.8,-13.2,-6.2,24.2,0,0,0,0
-114.01,51.12,CALGARY INTL A,3031092,3/16/2023,75,2023,16,1.8,-9,-3.6,21.6,0,0,0,0
-114.01,51.12,CALGARY INTL A,3031092,3/17/2023,76,2023,17,2.4,-11.1,-4.4,22.4,0,0,0,0
-114.01,51.12,CALGARY INTL A,3031092,3/18/2023,77,2023,18,4.1,-9,-2.5,20.5,0,0,0,0
-114.01,51.12,CALGARY INTL A,3031092,3/19/2023,78,2023,19,4.7,-9,-2.2,20.2,0,0,0,0
-114.01,51.12,CALGARY INTL A,3031092,3/20/2023,79,2023,20,2.6,-9.4,-3.4,21.4,0,0,0,0
-114.01,51.12,CALGARY INTL A,3031092,3/21/2023,80,2023,21,-0.9,-8.1,-4.5,22.5,0,0,0,0
-114.01,51.12,CALGARY INTL A,3031092,3/22/2023,81,2023,22,8.3,-9.3,-0.5,18.5,0,0,0,0
-114.01,51.12,CALGARY INTL A,3031092,3/23/2023,82,2023,23,7.8,-6.3,0.8,17.2,0,0,0,0
-114.01,51.12,CALGARY INTL A,3031092,3/24/2023,83,2023,24,3.1,-6.2,-1.6,19.6,0,0,0,0
-114.01,51.12,CALGARY INTL A,3031092,3/25/2023,84,2023,25,4.8,-7.7,-1.5,19.5,0,0,0,0
-114.01,51.12,CALGARY INTL A,3031092,3/26/2023,85,2023,26,0.7,-4.5,-1.9,19.9,0,0,0,0
-114.01,51.12,CALGARY INTL A,3031092,3/27/2023,86,2023,27,-3,-8.9,-6,24,0,0,3,2.2
-114.01,51.12,CALGARY INTL A,3031092,3/28/2023,87,2023,28,-0.9,-11.4,-6.2,24.2,0,0,0,0
-114.01,51.12,CALGARY INTL A,3031092,3/29/2023,88,2023,29,6.7,-9.5,-1.4,19.4,0,0,0,0
-114.01,51.12,CALGARY INTL A,3031092,3/30/2023,89,2023,30,2.1,-5.6,-1.8,19.8,0,0,0,0
-114.01,51.12,CALGARY INTL A,3031092,3/31/2023,90,2023,31,11.8,-6.5,2.7,15.3,0,0,0,0
-114.01,51.12,CALGARY INTL A,3031092,4/1/2023,91,2023,1,8.2,0.6,4.4,13.6,0,0,0,0
-114.01,51.12,CALGARY INTL A,3031092,4/2/2023,92,2023,2,4.4,-1.5,1.5,16.5,0,0,0,0
-114.01,51.12,CALGARY INTL A,3031092,4/3/2023,93,2023,3,1.8,-4.8,-1.5,19.5,0,0,0,0
-114.01,51.12,CALGARY INTL A,3031092,4/4/2023,94,2023,4,1.4,-7.2,-2.9,20.9,0,0,0,0
-114.01,51.12,CALGARY INTL A,3031092,4/5/2023,95,2023,5,5,-8.7,-1.9,19.9,0,0,0,0
-114.01,51.12,CALGARY INTL A,3031092,4/6/2023,96,2023,6,8.4,-5.7,1.4,16.6,0,0,0,0
-114.01,51.12,CALGARY INTL A,3031092,4/7/2023,97,2023,7,17.4,-3.8,6.8,11.2,0,0,0,0
-114.01,51.12,CALGARY INTL A,3031092,4/8/2023,98,2023,8,14,1.6,7.8,10.2,0,0,0,0
-114.01,51.12,CALGARY INTL A,3031092,4/9/2023,99,2023,9,18.4,2.4,10.4,7.6,0,0,0,0
-114.01,51.12,CALGARY INTL A,3031092,4/10/2023,100,2023,10,13.5,1.7,7.6,10.4,0,0,0,0
-114.01,51.12,CALGARY INTL A,3031092,4/11/2023,101,2023,11,7.9,-0.8,3.6,14.4,0,0.2,0,0.2
-114.01,51.12,CALGARY INTL A,3031092,4/12/2023,102,2023,12,7.3,-4.9,1.2,16.8,0,0,1,1
-114.01,51.12,CALGARY INTL A,3031092,4/13/2023,103,2023,13,8,-5.5,1.3,16.7,0,0,0,0
-114.01,51.12,CALGARY INTL A,3031092,4/14/2023,104,2023,14,8.7,-6.5,1.1,16.9,0,0,0,0
-114.01,51.12,CALGARY INTL A,3031092,4/15/2023,105,2023,15,12.9,-4.3,4.3,13.7,0,0,0,0
-114.01,51.12,CALGARY INTL A,3031092,4/16/2023,106,2023,16,16.9,1.8,9.4,8.6,0,0,0,0
-114.01,51.12,CALGARY INTL A,3031092,4/17/2023,107,2023,17,9.4,-3,3.2,14.8,0,0,0,0
-114.01,51.12,CALGARY INTL A,3031092,4/18/2023,108,2023,18,11.9,-7.9,2,16,0,0,0,0
-114.01,51.12,CALGARY INTL A,3031092,4/19/2023,109,2023,19,6.4,-2,2.2,15.8,0,0,0,0
-114.01,51.12,CALGARY INTL A,3031092,4/20/2023,110,2023,20,2,-3.8,-0.9,18.9,0,0,0.5,0.5
-114.01,51.12,CALGARY INTL A,3031092,4/21/2023,111,2023,21,0.1,-3.8,-1.9,19.9,0,0,1.4,1.4
-114.01,51.12,CALGARY INTL A,3031092,4/22/2023,112,2023,22,11.6,-5.2,3.2,14.8,0,0,0,0
-114.01,51.12,CALGARY INTL A,3031092,4/23/2023,113,2023,23,15.7,-2.5,6.6,11.4,0,0,0,0
-114.01,51.12,CALGARY INTL A,3031092,4/24/2023,114,2023,24,15.4,3,9.2,8.8,0,0,0,0
-114.01,51.12,CALGARY INTL A,3031092,4/25/2023,115,2023,25,15.6,1.4,8.5,9.5,0,0,0,0
-114.01,51.12,CALGARY INTL A,3031092,4/26/2023,116,2023,26,18,-0.8,8.6,9.4,0,0,0,0
-114.01,51.12,CALGARY INTL A,3031092,4/27/2023,117,2023,27,14.9,0.7,7.8,10.2,0,2.2,0.8,3
-114.01,51.12,CALGARY INTL A,3031092,4/28/2023,118,2023,28,20.7,4.2,12.5,5.5,0,0,0,0
-114.01,51.12,CALGARY INTL A,3031092,4/29/2023,119,2023,29,21.7,2.2,12,6,0,0,0,0
-114.01,51.12,CALGARY INTL A,3031092,4/30/2023,120,2023,30,24.1,3.9,14,4,0,0,0,0
-114.01,51.12,CALGARY INTL A,3031092,5/1/2023,121,2023,1,25.9,6.8,16.4,1.6,0,0,0,0
-114.01,51.12,CALGARY INTL A,3031092,5/2/2023,122,2023,2,24.8,7,15.9,2.1,0,0,0,0
-114.01,51.12,CALGARY INTL A,3031092,5/3/2023,123,2023,3,27.3,5,16.2,1.8,0,0,0,0
-114.01,51.12,CALGARY INTL A,3031092,5/4/2023,124,2023,4,27.6,7.5,17.6,0.4,0,0,0,0
-114.01,51.12,CALGARY INTL A,3031092,5/5/2023,125,2023,5,23.7,6.8,15.3,2.7,0,0,0,0
-114.01,51.12,CALGARY INTL A,3031092,5/6/2023,126,2023,6,12.2,4,8.1,9.9,0,0.8,0,0.8
-114.01,51.12,CALGARY INTL A,3031092,5/7/2023,127,2023,7,17.2,4.7,11,7,0,0.6,0,0.6
-114.01,51.12,CALGARY INTL A,3031092,5/8/2023,128,2023,8,13.8,6.9,10.4,7.6,0,8.7,0,8.7
-114.01,51.12,CALGARY INTL A,3031092,5/9/2023,129,2023,9,14.5,6.7,10.6,7.4,0,0,0,0
-114.01,51.12,CALGARY INTL A,3031092,5/10/2023,130,2023,10,14.7,6.7,10.7,7.3,0,0,0,0
-114.01,51.12,CALGARY INTL A,3031092,5/11/2023,131,2023,11,19.4,3,11.2,6.8,0,0.8,0,0.8
-114.01,51.12,CALGARY INTL A,3031092,5/12/2023,132,2023,12,21.2,3.4,12.3,5.7,0,0,0,0
-114.01,51.12,CALGARY INTL A,3031092,5/13/2023,133,2023,13,23.6,6.9,15.3,2.7,0,0,0,0
-114.01,51.12,CALGARY INTL A,3031092,5/14/2023,134,2023,14,22.4,8.3,15.4,2.6,0,0,0,0
-114.01,51.12,CALGARY INTL A,3031092,5/15/2023,135,2023,15,27.1,9.4,18.3,0,0.3,0,0,0
-114.01,51.12,CALGARY INTL A,3031092,5/16/2023,136,2023,16,20.5,12.2,16.4,1.6,0,0,0,0
-114.01,51.12,CALGARY INTL A,3031092,5/17/2023,137,2023,17,19.2,8.8,14,4,0,0,0,0
-114.01,51.12,CALGARY INTL A,3031092,5/18/2023,138,2023,18,20.6,3.5,12.1,5.9,0,0,0,0
-114.01,51.12,CALGARY INTL A,3031092,5/19/2023,139,2023,19,29.7,6.4,18.1,0,0.1,0,0,0
-114.01,51.12,CALGARY INTL A,3031092,5/20/2023,140,2023,20,27.4,11.4,19.4,0,1.4,0,0,0
-114.01,51.12,CALGARY INTL A,3031092,5/21/2023,141,2023,21,28,10.8,19.4,0,1.4,0,0,0
-114.01,51.12,CALGARY INTL A,3031092,5/22/2023,142,2023,22,22.7,9.6,16.2,1.8,0,18.3,0,18.3
-114.01,51.12,CALGARY INTL A,3031092,5/23/2023,143,2023,23,21.5,6.2,13.9,4.1,0,0.2,0,0.2
-114.01,51.12,CALGARY INTL A,3031092,5/24/2023,144,2023,24,19.7,7.5,13.6,4.4,0,0,0,0
-114.01,51.12,CALGARY INTL A,3031092,5/25/2023,145,2023,25,17.8,9.7,13.8,4.2,0,0,0,0
-114.01,51.12,CALGARY INTL A,3031092,5/26/2023,146,2023,26,21.5,4.7,13.1,4.9,0,0,0,0
-114.01,51.12,CALGARY INTL A,3031092,5/27/2023,147,2023,27,23.9,7.4,15.7,2.3,0,0,0,0
-114.01,51.12,CALGARY INTL A,3031092,5/28/2023,148,2023,28,25.7,8.1,16.9,1.1,0,0.8,0,0.8
-114.01,51.12,CALGARY INTL A,3031092,5/29/2023,149,2023,29,25.6,9.9,17.8,0.2,0,0,0,0
-114.01,51.12,CALGARY INTL A,3031092,5/30/2023,150,2023,30,25.1,11.6,18.4,0,0.4,0.2,0,0.2
-114.01,51.12,CALGARY INTL A,3031092,5/31/2023,151,2023,31,24.7,9.9,17.3,0.7,0,0,0,0
-114.01,51.12,CALGARY INTL A,3031092,6/1/2023,152,2023,1,13.1,7.5,10.3,7.7,0,0,0,0
-114.01,51.12,CALGARY INTL A,3031092,6/2/2023,153,2023,2,21.5,4,12.8,5.2,0,0,0,0
-114.01,51.12,CALGARY INTL A,3031092,6/3/2023,154,2023,3,24.3,8.7,16.5,1.5,0,0,0,0
-114.01,51.12,CALGARY INTL A,3031092,6/4/2023,155,2023,4,29.2,10.9,20.1,0,2.1,0,0,0
-114.01,51.12,CALGARY INTL A,3031092,6/5/2023,156,2023,5,25.4,12.9,19.2,0,1.2,0,0,0
-114.01,51.12,CALGARY INTL A,3031092,6/6/2023,157,2023,6,23.2,9.2,16.2,1.8,0,0,0,0
-114.01,51.12,CALGARY INTL A,3031092,6/7/2023,158,2023,7,29.3,10.2,19.8,0,1.8,0,0,0
-114.01,51.12,CALGARY INTL A,3031092,6/8/2023,159,2023,8,29.9,10.6,20.3,0,2.3,0,0,0
-114.01,51.12,CALGARY INTL A,3031092,6/9/2023,160,2023,9,27.8,12.8,20.3,0,2.3,0,0,0
-114.01,51.12,CALGARY INTL A,3031092,6/10/2023,161,2023,10,27.5,10.5,19,0,1,0,0,0
-114.01,51.12,CALGARY INTL A,3031092,6/11/2023,162,2023,11,23.1,14.9,19,0,1,0,0,0
-114.01,51.12,CALGARY INTL A,3031092,6/12/2023,163,2023,12,27.1,14.3,20.7,0,2.7,0,0,0
-114.01,51.12,CALGARY INTL A,3031092,6/13/2023,164,2023,13,30,14.5,22.3,0,4.3,5.8,0,5.8
-114.01,51.12,CALGARY INTL A,3031092,6/14/2023,165,2023,14,16.7,6,11.4,6.6,0,27,0,27
-114.01,51.12,CALGARY INTL A,3031092,6/15/2023,166,2023,15,18,6.2,12.1,5.9,0,10.2,0,10.2
-114.01,51.12,CALGARY INTL A,3031092,6/16/2023,167,2023,16,25.3,7.8,16.6,1.4,0,0,0,0
-114.01,51.12,CALGARY INTL A,3031092,6/17/2023,168,2023,17,23.2,9.4,16.3,1.7,0,0,0,0
-114.01,51.12,CALGARY INTL A,3031092,6/18/2023,169,2023,18,13,8.2,10.6,7.4,0,1.2,0,1.2
-114.01,51.12,CALGARY INTL A,3031092,6/19/2023,170,2023,19,14.3,5.8,10.1,7.9,0,2.5,0,2.5
-114.01,51.12,CALGARY INTL A,3031092,6/20/2023,171,2023,20,7.5,5.2,6.4,11.6,0,14,0,14
-114.01,51.12,CALGARY INTL A,3031092,6/21/2023,172,2023,21,17.1,4.9,11,7,0,3.8,0,3.8
-114.01,51.12,CALGARY INTL A,3031092,6/22/2023,173,2023,22,20.2,3.9,12.1,5.9,0,0,0,0
-114.01,51.12,CALGARY INTL A,3031092,6/23/2023,174,2023,23,23,6.8,14.9,3.1,0,0,0,0
-114.01,51.12,CALGARY INTL A,3031092,6/24/2023,175,2023,24,25.3,9.5,17.4,0.6,0,0,0,0
-114.01,51.12,CALGARY INTL A,3031092,6/25/2023,176,2023,25,20.7,10.2,15.5,2.5,0,0,0,0
-114.01,51.12,CALGARY INTL A,3031092,6/26/2023,177,2023,26,24.9,10.9,17.9,0.1,0,0,0,0
-114.01,51.12,CALGARY INTL A,3031092,6/27/2023,178,2023,27,26.2,11.4,18.8,0,0.8,1.4,0,1.4
-114.01,51.12,CALGARY INTL A,3031092,6/28/2023,179,2023,28,26.8,10.8,18.8,0,0.8,1.8,0,1.8
-114.01,51.12,CALGARY INTL A,3031092,6/29/2023,180,2023,29,28.4,11.6,20,0,2,2.4,0,2.4
-114.01,51.12,CALGARY INTL A,3031092,6/30/2023,181,2023,30,27.6,15.7,21.7,0,3.7,0,0,0
-114.01,51.12,CALGARY INTL A,3031092,7/1/2023,182,2023,1,30.2,13.5,21.9,0,3.9,0,0,0
-114.01,51.12,CALGARY INTL A,3031092,7/2/2023,183,2023,2,19.9,8.2,14.1,3.9,0,0.6,0,0.6
-114.01,51.12,CALGARY INTL A,3031092,7/3/2023,184,2023,3,19.4,7.2,13.3,4.7,0,0,0,0
-114.01,51.12,CALGARY INTL A,3031092,7/4/2023,185,2023,4,20,6.7,13.4,4.6,0,8.5,0,8.5
-114.01,51.12,CALGARY INTL A,3031092,7/5/2023,186,2023,5,24.4,8,16.2,1.8,0,0,0,0
-114.01,51.12,CALGARY INTL A,3031092,7/6/2023,187,2023,6,24.1,13,18.6,0,0.6,2.4,0,2.4
-114.01,51.12,CALGARY INTL A,3031092,7/7/2023,188,2023,7,23.7,12.1,17.9,0.1,0,0,0,0
-114.01,51.12,CALGARY INTL A,3031092,7/8/2023,189,2023,8,26.8,10.3,18.6,0,0.6,0,0,0
-114.01,51.12,CALGARY INTL A,3031092,7/9/2023,190,2023,9,29.9,12.1,21,0,3,4,0,4
-114.01,51.12,CALGARY INTL A,3031092,7/10/2023,191,2023,10,27.1,12.7,19.9,0,1.9,2.4,0,2.4
-114.01,51.12,CALGARY INTL A,3031092,7/11/2023,192,2023,11,19.6,12.7,16.2,1.8,0,1.6,0,1.6
-114.01,51.12,CALGARY INTL A,3031092,7/12/2023,193,2023,12,23.2,12.2,17.7,0.3,0,0,0,0
-114.01,51.12,CALGARY INTL A,3031092,7/13/2023,194,2023,13,22.3,14.1,18.2,0,0.2,0,0,0
-114.01,51.12,CALGARY INTL A,3031092,7/14/2023,195,2023,14,22.9,13.2,18.1,0,0.1,0.2,0,0.2
-114.01,51.12,CALGARY INTL A,3031092,7/15/2023,196,2023,15,25.2,13.1,19.2,0,1.2,5,0,5
-114.01,51.12,CALGARY INTL A,3031092,7/16/2023,197,2023,16,26.5,13.5,20,0,2,0,0,0
-114.01,51.12,CALGARY INTL A,3031092,7/17/2023,198,2023,17,21.8,10.4,16.1,1.9,0,6.5,0,6.5
-114.01,51.12,CALGARY INTL A,3031092,7/18/2023,199,2023,18,22.6,8.6,15.6,2.4,0,0,0,0
-114.01,51.12,CALGARY INTL A,3031092,7/19/2023,200,2023,19,23.8,10.2,17,1,0,0,0,0
-114.01,51.12,CALGARY INTL A,3031092,7/20/2023,201,2023,20,27.4,11,19.2,0,1.2,0,0,0
-114.01,51.12,CALGARY INTL A,3031092,7/21/2023,202,2023,21,29.6,12,20.8,0,2.8,1.5,0,1.5
-114.01,51.12,CALGARY INTL A,3031092,7/22/2023,203,2023,22,31,14.2,22.6,0,4.6,0,0,0
-114.01,51.12,CALGARY INTL A,3031092,7/23/2023,204,2023,23,29.3,15.4,22.4,0,4.4,0,0,0
-114.01,51.12,CALGARY INTL A,3031092,7/24/2023,205,2023,24,35.1,15,25.1,0,7.1,0,0,0
-114.01,51.12,CALGARY INTL A,3031092,7/25/2023,206,2023,25,25.9,13.1,19.5,0,1.5,0,0,0
-114.01,51.12,CALGARY INTL A,3031092,7/26/2023,207,2023,26,23.9,10.7,17.3,0.7,0,0,0,0
-114.01,51.12,CALGARY INTL A,3031092,7/27/2023,208,2023,27,19.1,9.6,14.4,3.6,0,4,0,4
-114.01,51.12,CALGARY INTL A,3031092,7/28/2023,209,2023,28,14.4,9.4,11.9,6.1,0,5.8,0,5.8
-114.01,51.12,CALGARY INTL A,3031092,7/29/2023,210,2023,29,25.1,9.9,17.5,0.5,0,0,0,0
-114.01,51.12,CALGARY INTL A,3031092,7/30/2023,211,2023,30,31.9,11.6,21.8,0,3.8,0.4,0,0.4
-114.01,51.12,CALGARY INTL A,3031092,7/31/2023,212,2023,31,28.3,12.1,20.2,0,2.2,0,0,0
-114.01,51.12,CALGARY INTL A,3031092,8/1/2023,213,2023,1,27.2,12.1,19.7,0,1.7,0,0,0
-114.01,51.12,CALGARY INTL A,3031092,8/2/2023,214,2023,2,30,10.5,20.3,0,2.3,0,0,0
-114.01,51.12,CALGARY INTL A,3031092,8/3/2023,215,2023,3,23.6,14,18.8,0,0.8,0,0,0
-114.01,51.12,CALGARY INTL A,3031092,8/4/2023,216,2023,4,25.9,14.8,20.4,0,2.4,0,0,0
-114.01,51.12,CALGARY INTL A,3031092,8/5/2023,217,2023,5,23.5,12.8,18.2,0,0.2,0,0,0
-114.01,51.12,CALGARY INTL A,3031092,8/6/2023,218,2023,6,27.5,11.5,19.5,0,1.5,0,0,0
-114.01,51.12,CALGARY INTL A,3031092,8/7/2023,219,2023,7,26.5,10.7,18.6,0,0.6,8.2,0,8.2
-114.01,51.12,CALGARY INTL A,3031092,8/8/2023,220,2023,8,25.1,13.4,19.3,0,1.3,2.7,0,2.7
-114.01,51.12,CALGARY INTL A,3031092,8/9/2023,221,2023,9,25.3,13.3,19.3,0,1.3,0,0,0
-114.01,51.12,CALGARY INTL A,3031092,8/10/2023,222,2023,10,24.5,11.1,17.8,0.2,0,0.2,0,0.2
-114.01,51.12,CALGARY INTL A,3031092,8/11/2023,223,2023,11,23.7,8,15.9,2.1,0,0,0,0
-114.01,51.12,CALGARY INTL A,3031092,8/12/2023,224,2023,12,22.6,12.9,17.8,0.2,0,4.2,0,4.2
-114.01,51.12,CALGARY INTL A,3031092,8/13/2023,225,2023,13,28.6,9.4,19,0,1,0,0,0
-114.01,51.12,CALGARY INTL A,3031092,8/14/2023,226,2023,14,33,13.3,23.2,0,5.2,0,0,0
-114.01,51.12,CALGARY INTL A,3031092,8/15/2023,227,2023,15,33.4,14.9,24.2,0,6.2,0,0,0
-114.01,51.12,CALGARY INTL A,3031092,8/16/2023,228,2023,16,28,13.8,20.9,0,2.9,0,0,0
-114.01,51.12,CALGARY INTL A,3031092,8/17/2023,229,2023,17,33.8,13.5,23.7,0,5.7,0,0,0
-114.01,51.12,CALGARY INTL A,3031092,8/18/2023,230,2023,18,27.6,6.7,17.2,0.8,0,2.2,0,2.2
-114.01,51.12,CALGARY INTL A,3031092,8/19/2023,231,2023,19,16.8,5.8,11.3,6.7,0,0.2,0,0.2
-114.01,51.12,CALGARY INTL A,3031092,8/20/2023,232,2023,20,20,5.2,12.6,5.4,0,0,0,0
-114.01,51.12,CALGARY INTL A,3031092,8/21/2023,233,2023,21,18,7.6,12.8,5.2,0,0.7,0,0.7
-114.01,51.12,CALGARY INTL A,3031092,8/22/2023,234,2023,22,19.8,13.1,16.5,1.5,0,4.6,0,4.6
-114.01,51.12,CALGARY INTL A,3031092,8/23/2023,235,2023,23,22.8,12.8,17.8,0.2,0,1.3,0,1.3
-114.01,51.12,CALGARY INTL A,3031092,8/24/2023,236,2023,24,18.6,7.2,12.9,5.1,0,0,0,0
-114.01,51.12,CALGARY INTL A,3031092,8/25/2023,237,2023,25,23,8.4,15.7,2.3,0,0,0,0
-114.01,51.12,CALGARY INTL A,3031092,8/26/2023,238,2023,26,27.3,11.4,19.4,0,1.4,0,0,0
-114.01,51.12,CALGARY INTL A,3031092,8/27/2023,239,2023,27,27.7,11.9,19.8,0,1.8,0,0,0
-114.01,51.12,CALGARY INTL A,3031092,8/28/2023,240,2023,28,30.8,11.7,21.3,0,3.3,0,0,0
-114.01,51.12,CALGARY INTL A,3031092,8/29/2023,241,2023,29,31.2,11.5,21.4,0,3.4,0,0,0
-114.01,51.12,CALGARY INTL A,3031092,8/30/2023,242,2023,30,23.6,13.1,18.4,0,0.4,0.3,0,0.3
-114.01,51.12,CALGARY INTL A,3031092,8/31/2023,243,2023,31,19,13.7,16.4,1.6,0,26.1,0,26.1
-114.01,51.12,CALGARY INTL A,3031092,9/1/2023,244,2023,1,24,13.8,18.9,0,0.9,0,0,0
-114.01,51.12,CALGARY INTL A,3031092,9/2/2023,245,2023,2,27.6,13.4,20.5,0,2.5,0,0,0
-114.01,51.12,CALGARY INTL A,3031092,9/3/2023,246,2023,3,21.4,10.3,15.9,2.1,0,0,0,0
-114.01,51.12,CALGARY INTL A,3031092,9/4/2023,247,2023,4,11.9,8.4,10.2,7.8,0,6.6,0,6.6
-114.01,51.12,CALGARY INTL A,3031092,9/5/2023,248,2023,5,22.2,8.1,15.2,2.8,0,0.2,0,0.2
-114.01,51.12,CALGARY INTL A,3031092,9/6/2023,249,2023,6,16.6,8.3,12.5,5.5,0,1.7,0,1.7
-114.01,51.12,CALGARY INTL A,3031092,9/7/2023,250,2023,7,19.2,5.4,12.3,5.7,0,0,0,0
-114.01,51.12,CALGARY INTL A,3031092,9/8/2023,251,2023,8,18.1,7.2,12.7,5.3,0,0,0,0
-114.01,51.12,CALGARY INTL A,3031092,9/9/2023,252,2023,9,21.2,6.8,14,4,0,0,0,0
-114.01,51.12,CALGARY INTL A,3031092,9/10/2023,253,2023,10,22.1,6.4,14.3,3.7,0,0,0,0
-114.01,51.12,CALGARY INTL A,3031092,9/11/2023,254,2023,11,24.5,6.8,15.7,2.3,0,0,0,0
-114.01,51.12,CALGARY INTL A,3031092,9/12/2023,255,2023,12,23.9,13.4,18.7,0,0.7,0.4,0,0.4
-114.01,51.12,CALGARY INTL A,3031092,9/13/2023,256,2023,13,20.9,10.7,15.8,2.2,0,0,0,0
-114.01,51.12,CALGARY INTL A,3031092,9/14/2023,257,2023,14,20.3,6.1,13.2,4.8,0,0,0,0
-114.01,51.12,CALGARY INTL A,3031092,9/15/2023,258,2023,15,25.7,3.7,14.7,3.3,0,0,0,0
-114.01,51.12,CALGARY INTL A,3031092,9/16/2023,259,2023,16,28.7,10.5,19.6,0,1.6,0,0,0
-114.01,51.12,CALGARY INTL A,3031092,9/17/2023,260,2023,17,26.1,9.1,17.6,0.4,0,0,0,0
-114.01,51.12,CALGARY INTL A,3031092,9/18/2023,261,2023,18,20.5,8.9,14.7,3.3,0,1.8,0,1.8
-114.01,51.12,CALGARY INTL A,3031092,9/19/2023,262,2023,19,13.1,5,9.1,8.9,0,2.5,0,2.5
-114.01,51.12,CALGARY INTL A,3031092,9/20/2023,263,2023,20,8.9,4.5,6.7,11.3,0,0.3,0,0.3
-114.01,51.12,CALGARY INTL A,3031092,9/21/2023,264,2023,21,15.6,2.7,9.2,8.8,0,0,0,0
-114.01,51.12,CALGARY INTL A,3031092,9/22/2023,265,2023,22,20.1,2.6,11.4,6.6,0,0,0,0
-114.01,51.12,CALGARY INTL A,3031092,9/23/2023,266,2023,23,21.8,7.7,14.8,3.2,0,0,0,0
-114.01,51.12,CALGARY INTL A,3031092,9/24/2023,267,2023,24,20.1,7.4,13.8,4.2,0,0,0,0
-114.01,51.12,CALGARY INTL A,3031092,9/25/2023,268,2023,25,20.2,4.6,12.4,5.6,0,0,0,0
-114.01,51.12,CALGARY INTL A,3031092,9/26/2023,269,2023,26,21.4,9.4,15.4,2.6,0,0,0,0
-114.01,51.12,CALGARY INTL A,3031092,9/27/2023,270,2023,27,16.1,8.2,12.2,5.8,0,0,0,0
-114.01,51.12,CALGARY INTL A,3031092,9/28/2023,271,2023,28,15.9,3.9,9.9,8.1,0,0.5,0,0.5
-114.01,51.12,CALGARY INTL A,3031092,9/29/2023,272,2023,29,14.3,-0.6,6.9,11.1,0,0,0,0
-114.01,51.12,CALGARY INTL A,3031092,9/30/2023,273,2023,30,6.1,3.5,4.8,13.2,0,4.8,0,4.8
-114.01,51.12,CALGARY INTL A,3031092,10/1/2023,274,2023,1,12.5,3.3,7.9,10.1,0,0.4,0,0.4
-114.01,51.12,CALGARY INTL A,3031092,10/2/2023,275,2023,2,18,1.5,9.8,8.2,0,0,0,0
-114.01,51.12,CALGARY INTL A,3031092,10/3/2023,276,2023,3,15.1,1.2,8.2,9.8,0,0,0,0
-114.01,51.12,CALGARY INTL A,3031092,10/4/2023,277,2023,4,13.1,3.6,8.4,9.6,0,0,0,0
-114.01,51.12,CALGARY INTL A,3031092,10/5/2023,278,2023,5,10.2,1.2,5.7,12.3,0,0,0,0
-114.01,51.12,CALGARY INTL A,3031092,10/6/2023,279,2023,6,20.8,-0.9,10,8,0,0,0,0
-114.01,51.12,CALGARY INTL A,3031092,10/7/2023,280,2023,7,23.3,5.6,14.5,3.5,0,0,0,0
-114.01,51.12,CALGARY INTL A,3031092,10/8/2023,281,2023,8,25.8,3.5,14.7,3.3,0,0,0,0
-114.01,51.12,CALGARY INTL A,3031092,10/9/2023,282,2023,9,25.2,5.6,15.4,2.6,0,0,0,0
-114.01,51.12,CALGARY INTL A,3031092,10/10/2023,283,2023,10,21,9,15,3,0,0,0,0
-114.01,51.12,CALGARY INTL A,3031092,10/11/2023,284,2023,11,10.6,4.9,7.8,10.2,0,7.9,0,7.9
-114.01,51.12,CALGARY INTL A,3031092,10/12/2023,285,2023,12,9.4,5.4,7.4,10.6,0,4.6,0,4.6
-114.01,51.12,CALGARY INTL A,3031092,10/13/2023,286,2023,13,9.7,3.5,6.6,11.4,0,0,0,0
-114.01,51.12,CALGARY INTL A,3031092,10/14/2023,287,2023,14,13.3,2.2,7.8,10.2,0,0,0,0
-114.01,51.12,CALGARY INTL A,3031092,10/15/2023,288,2023,15,18.5,4,11.3,6.7,0,0,0,0
-114.01,51.12,CALGARY INTL A,3031092,10/16/2023,289,2023,16,12.6,2.5,7.6,10.4,0,0,0,0
-114.01,51.12,CALGARY INTL A,3031092,10/17/2023,290,2023,17,15.9,6.6,11.3,6.7,0,9.3,0,9.3
-114.01,51.12,CALGARY INTL A,3031092,10/18/2023,291,2023,18,20.1,5.4,12.8,5.2,0,0.2,0,0.2
-114.01,51.12,CALGARY INTL A,3031092,10/19/2023,292,2023,19,21.6,5.1,13.4,4.6,0,0,0,0
-114.01,51.12,CALGARY INTL A,3031092,10/20/2023,293,2023,20,12.1,2,7.1,10.9,0,0,0,0
-114.01,51.12,CALGARY INTL A,3031092,10/21/2023,294,2023,21,9.8,0.6,5.2,12.8,0,0,0,0
-114.01,51.12,CALGARY INTL A,3031092,10/22/2023,295,2023,22,5.3,1.3,3.3,14.7,0,0,0,0
-114.01,51.12,CALGARY INTL A,3031092,10/23/2023,296,2023,23,1.7,-7.4,-2.9,20.9,0,0.8,9.2,10
-114.01,51.12,CALGARY INTL A,3031092,10/24/2023,297,2023,24,-6.9,-12.5,-9.7,27.7,0,0,5.2,2.8
-114.01,51.12,CALGARY INTL A,3031092,10/25/2023,298,2023,25,-8.6,-16.6,-12.6,30.6,0,0,0,0
-114.01,51.12,CALGARY INTL A,3031092,10/26/2023,299,2023,26,-6.8,-16.9,-11.9,29.9,0,0,0.4,0.4
-114.01,51.12,CALGARY INTL A,3031092,10/27/2023,300,2023,27,-2.8,-11.6,-7.2,25.2,0,0,1.2,1.2
-114.01,51.12,CALGARY INTL A,3031092,10/28/2023,301,2023,28,-0.2,-8.4,-4.3,22.3,0,0,0,0
-114.01,51.12,CALGARY INTL A,3031092,10/29/2023,302,2023,29,2.2,-10,-3.9,21.9,0,0,0,0
-114.01,51.12,CALGARY INTL A,3031092,10/30/2023,303,2023,30,3.4,-4,-0.3,18.3,0,0,0,0
-114.01,51.12,CALGARY INTL A,3031092,10/31/2023,304,2023,31,8,-3.8,2.1,15.9,0,0,0,0
-114.01,51.12,CALGARY INTL A,3031092,11/1/2023,305,2023,1,5.7,-5.7,0,18,0,0,0,0
-114.01,51.12,CALGARY INTL A,3031092,11/2/2023,306,2023,2,4.5,-1,1.8,16.2,0,0.7,0,0.7
-114.01,51.12,CALGARY INTL A,3031092,11/3/2023,307,2023,3,11.3,-3,4.2,13.8,0,0,0,0
-114.01,51.12,CALGARY INTL A,3031092,11/4/2023,308,2023,4,7.982758621,-4.224137931,1.889655172,16.11034483,0,0,0,0
-114.01,51.12,CALGARY INTL A,3031092,11/5/2023,309,2023,5,13.5,2.6,8.1,9.9,0,0,0,0
-114.01,51.12,CALGARY INTL A,3031092,11/6/2023,310,2023,6,9.1,-4,2.6,15.4,0,0,0,0
-114.01,51.12,CALGARY INTL A,3031092,11/7/2023,311,2023,7,9.4,-0.8,4.3,13.7,0,0,0,0
-114.01,51.12,CALGARY INTL A,3031092,11/8/2023,312,2023,8,8.2,-6.3,1,17,0,0,0,0
-114.01,51.12,CALGARY INTL A,3031092,11/9/2023,313,2023,9,7,-5.9,0.6,17.4,0,0,0,0
-114.01,51.12,CALGARY INTL A,3031092,11/10/2023,314,2023,10,8.6,-3.3,2.7,15.3,0,0,0,0
-114.01,51.12,CALGARY INTL A,3031092,11/11/2023,315,2023,11,12.4,-5.1,3.7,14.3,0,0,0,0
-114.01,51.12,CALGARY INTL A,3031092,11/12/2023,316,2023,12,8.6,-3,2.8,15.2,0,0,0,0
-114.01,51.12,CALGARY INTL A,3031092,11/13/2023,317,2023,13,13.9,-4.2,4.9,13.1,0,0,0,0
-114.01,51.12,CALGARY INTL A,3031092,11/14/2023,318,2023,14,6.4,-4.4,1,17,0,0,0,0
-114.01,51.12,CALGARY INTL A,3031092,11/15/2023,319,2023,15,3.7,-5.6,-1,19,0,0,4.8,2.2
-114.01,51.12,CALGARY INTL A,3031092,11/16/2023,320,2023,16,8.3,-10.2,-1,19,0,0,0,0
-114.01,51.12,CALGARY INTL A,3031092,11/17/2023,321,2023,17,15.4,3.6,9.5,8.5,0,0,0,0
-114.01,51.12,CALGARY INTL A,3031092,11/18/2023,322,2023,18,11.1,-2.6,4.3,13.7,0,0,0,0
-114.01,51.12,CALGARY INTL A,3031092,11/19/2023,323,2023,19,13.4,-1.6,5.9,12.1,0,0,0,0
-114.01,51.12,CALGARY INTL A,3031092,11/20/2023,324,2023,20,6.3,-2.9,1.7,16.3,0,0,0,0
-114.01,51.12,CALGARY INTL A,3031092,11/21/2023,325,2023,21,15.6,-2.8,6.4,11.6,0,0,0,0
-114.01,51.12,CALGARY INTL A,3031092,11/22/2023,326,2023,22,2.8,-2.7,0.1,17.9,0,0,0.4,0.5
-114.01,51.12,CALGARY INTL A,3031092,11/23/2023,327,2023,23,1.1,-6.5,-2.7,20.7,0,0,0,0
-114.01,51.12,CALGARY INTL A,3031092,11/24/2023,328,2023,24,4.2,-9.5,-2.7,20.7,0,0,0,0
-114.01,51.12,CALGARY INTL A,3031092,11/25/2023,329,2023,25,5.3,-7,-0.9,18.9,0,0,0,0
-114.01,51.12,CALGARY INTL A,3031092,11/26/2023,330,2023,26,4.7,-5.9,-0.6,18.6,0,0,0,0
-114.01,51.12,CALGARY INTL A,3031092,11/27/2023,331,2023,27,10.2,-6.2,2,16,0,0,0,0
-114.01,51.12,CALGARY INTL A,3031092,11/28/2023,332,2023,28,7.5,-3.4,2.1,15.9,0,0,0,0
-114.01,51.12,CALGARY INTL A,3031092,11/29/2023,333,2023,29,4.7,-6.6,-1,19,0,0,0,0
-114.01,51.12,CALGARY INTL A,3031092,11/30/2023,334,2023,30,-1.4,-8.5,-5,23,0,0,0,0
-114.01,51.12,CALGARY INTL A,3031092,12/1/2023,335,2023,1,0.4,-10.8,-5.2,23.2,0,0,0,0
-114.01,51.12,CALGARY INTL A,3031092,12/2/2023,336,2023,2,3.8,-6.7,-1.5,19.5,0,0,0,0
-114.01,51.12,CALGARY INTL A,3031092,12/3/2023,337,2023,3,3.7,-6.6,-1.5,19.5,0,0,0,0
-114.01,51.12,CALGARY INTL A,3031092,12/4/2023,338,2023,4,7.9,1.3,4.6,13.4,0,0,0,0
-114.01,51.12,CALGARY INTL A,3031092,12/5/2023,339,2023,5,17,0.9,9,9,0,0,0,0
-114.01,51.12,CALGARY INTL A,3031092,12/6/2023,340,2023,6,8.7,-3,2.9,15.1,0,0,0,0
-114.01,51.12,CALGARY INTL A,3031092,12/7/2023,341,2023,7,2.2,-2.2,0,18,0,0,4.3,4.3
-114.01,51.12,CALGARY INTL A,3031092,12/8/2023,342,2023,8,-2.1,-5,-3.6,21.6,0,0,12.9,12.3
-114.01,51.12,CALGARY INTL A,3031092,12/9/2023,343,2023,9,1.3,-13.8,-6.3,24.3,0,0,0,0
-114.01,51.12,CALGARY INTL A,3031092,12/10/2023,344,2023,10,7,-4.2,1.4,16.6,0,0,0,0
-114.01,51.12,CALGARY INTL A,3031092,12/11/2023,345,2023,11,1.4,-7.3,-3,21,0,0,0,0
-114.01,51.12,CALGARY INTL A,3031092,12/12/2023,346,2023,12,3.4,-8.9,-2.8,20.8,0,0,0,0
-114.01,51.12,CALGARY INTL A,3031092,12/13/2023,347,2023,13,13.1,-7.7,2.7,15.3,0,0,0,0
-114.01,51.12,CALGARY INTL A,3031092,12/14/2023,348,2023,14,10.1,0,5.1,12.9,0,0,0.8,0.8
-114.01,51.12,CALGARY INTL A,3031092,12/15/2023,349,2023,15,4.6,-6.7,-1.1,19.1,0,0,0,0
-114.01,51.12,CALGARY INTL A,3031092,12/16/2023,350,2023,16,10.5,-1.8,4.4,13.6,0,0,0,0
-114.01,51.12,CALGARY INTL A,3031092,12/17/2023,351,2023,17,6.3,-4.8,0.8,17.2,0,0,0,0
-114.01,51.12,CALGARY INTL A,3031092,12/18/2023,352,2023,18,7,-1.4,2.8,15.2,0,0,0,0
-114.01,51.12,CALGARY INTL A,3031092,12/19/2023,353,2023,19,-1.1,-3.2,-2.2,20.2,0,0,0,0
-114.01,51.12,CALGARY INTL A,3031092,12/20/2023,354,2023,20,10.8,-3.8,3.5,14.5,0,0,0,0
-114.01,51.12,CALGARY INTL A,3031092,12/21/2023,355,2023,21,8.3,-0.7,3.8,14.2,0,0,0,0
-114.01,51.12,CALGARY INTL A,3031092,12/22/2023,356,2023,22,10.6,-0.8,4.9,13.1,0,0,0,0
-114.01,51.12,CALGARY INTL A,3031092,12/23/2023,357,2023,23,1.9,-8.8,-3.5,21.5,0,0,3,1.6
-114.01,51.12,CALGARY INTL A,3031092,12/24/2023,358,2023,24,0,-12.3,-6.2,24.2,0,0,0,0
-114.01,51.12,CALGARY INTL A,3031092,12/25/2023,359,2023,25,3.7,-12.6,-4.5,22.5,0,0,0,0
-114.01,51.12,CALGARY INTL A,3031092,12/26/2023,360,2023,26,9.7,-6.7,1.5,16.5,0,0,0,0
-114.01,51.12,CALGARY INTL A,3031092,12/27/2023,361,2023,27,4.6,-5.7,-0.6,18.6,0,0,0,0
-114.01,51.12,CALGARY INTL A,3031092,12/28/2023,362,2023,28,10.4,0.6,5.5,12.5,0,0,0,0
-114.01,51.12,CALGARY INTL A,3031092,12/29/2023,363,2023,29,6.6,-3.5,1.6,16.4,0,0,0,0
-114.01,51.12,CALGARY INTL A,3031092,12/30/2023,364,2023,30,3,-5.7,-1.4,19.4,0,0,0,0
-114.01,51.12,CALGARY INTL A,3031092,12/31/2023,365,2023,31,10,-0.6,4.7,13.3,0,2.1,0,2.1
